episode_id,scenario_type,priority_hint,policy,sample_idx,chosen_vendor_id,chosen_vendor_name,is_doordash_choice,total_cost,eta_min,rating,reliability_score,cancel_rate_pct,on_time_rate_pct,delivery_fee_usd,service_fee_pct,weights_json
episode_001,dominated,value,price_first,,ep001_vendor_005,BlinkDrop005,False,23.36,40,4.64,84.95,7.55,89.64,1.49,3.74,
episode_001,dominated,value,eta_first,,ep001_vendor_091,BlinkCart091,False,31.04,24,4.89,90.05,4.92,91.85,6.32,12.01,
episode_001,dominated,value,rating_first,,ep001_vendor_091,BlinkCart091,False,31.04,24,4.89,90.05,4.92,91.85,6.32,12.01,
episode_001,dominated,value,reliability_first,,ep001_vendor_091,BlinkCart091,False,31.04,24,4.89,90.05,4.92,91.85,6.32,12.01,
episode_001,dominated,value,balanced_equation,,ep001_vendor_085,BlinkHub085,False,25.36,25,4.74,88.0,5.85,91.18,2.64,5.56,
episode_001,dominated,value,random_equation,0,ep001_vendor_085,BlinkHub085,False,25.36,25,4.74,88.0,5.85,91.18,2.64,5.56,"[0.3333019052809082, 0.21441555123781145, 0.021436490711361757, 0.3978725088791667, 0.03297354389075188]"
episode_001,dominated,value,random_equation,1,ep001_vendor_085,BlinkHub085,False,25.36,25,4.74,88.0,5.85,91.18,2.64,5.56,"[0.01849955656414159, 0.5376376094647088, 0.15550876513825113, 0.10642976321050918, 0.18192430562238926]"
episode_001,dominated,value,random_equation,2,ep001_vendor_085,BlinkHub085,False,25.36,25,4.74,88.0,5.85,91.18,2.64,5.56,"[0.14263599320972345, 0.3556148362257273, 0.24272535967861766, 0.02707827926352966, 0.2319455316224018]"
episode_001,dominated,value,random_equation,3,ep001_vendor_085,BlinkHub085,False,25.36,25,4.74,88.0,5.85,91.18,2.64,5.56,"[0.3864353016960969, 0.29257879413792476, 0.11206810889728237, 0.14727813168590156, 0.06163966358279432]"
episode_001,dominated,value,random_equation,4,ep001_vendor_060,RocketFleet060,False,25.93,26,3.93,78.64,6.65,82.98,1.62,12.68,"[0.011949725061894345, 0.2041761209541127, 0.04497965327965412, 0.08500454866832365, 0.6538899520360153]"
episode_001,dominated,value,random_equation,5,ep001_vendor_012,SwiftDrop012,False,25.06,38,4.81,88.25,8.53,95.87,1.8,11.29,"[0.18139879801467632, 0.02551230333103983, 0.25914342102132887, 0.5141245538767482, 0.019820923756206837]"
episode_001,dominated,value,random_equation,6,ep001_vendor_012,SwiftDrop012,False,25.06,38,4.81,88.25,8.53,95.87,1.8,11.29,"[0.1040599433299, 0.005193450418749586, 0.5786355292432704, 0.14119753001943738, 0.1709135469886426]"
episode_001,dominated,value,random_equation,7,ep001_vendor_085,BlinkHub085,False,25.36,25,4.74,88.0,5.85,91.18,2.64,5.56,"[0.34666718911472194, 0.296823117710802, 0.06352050783820899, 0.28830265509274544, 0.004686530243521639]"
episode_001,dominated,value,random_equation,8,ep001_vendor_085,BlinkHub085,False,25.36,25,4.74,88.0,5.85,91.18,2.64,5.56,"[0.22907121772786812, 0.33896900339731834, 0.02332654463702424, 0.19085718009528088, 0.21777605414250842]"
episode_001,dominated,value,random_equation,9,ep001_vendor_045,PrimeLane045,False,23.83,29,4.61,81.79,7.92,84.84,1.7,5.52,"[0.4102880139695805, 0.13146083237443698, 0.16312917540820043, 0.07113700289085162, 0.2239849753569306]"
episode_001,dominated,value,random_equation,10,ep001_vendor_085,BlinkHub085,False,25.36,25,4.74,88.0,5.85,91.18,2.64,5.56,"[0.07525207451604765, 0.4206023916797256, 0.14528446447425947, 0.09326597977698634, 0.26559508955298083]"
episode_001,dominated,value,random_equation,11,ep001_vendor_085,BlinkHub085,False,25.36,25,4.74,88.0,5.85,91.18,2.64,5.56,"[0.296983074148021, 0.08143869190913874, 0.2536031416762179, 0.36316724334631517, 0.004807848920307249]"
episode_001,dominated,value,random_equation,12,ep001_vendor_085,BlinkHub085,False,25.36,25,4.74,88.0,5.85,91.18,2.64,5.56,"[0.1130749841965729, 0.775795125541187, 0.020746592335589724, 0.06473039932257516, 0.02565289860407536]"
episode_001,dominated,value,random_equation,13,ep001_vendor_091,BlinkCart091,False,31.04,24,4.89,90.05,4.92,91.85,6.32,12.01,"[0.005690423469315907, 0.14246842809772187, 0.11518518612728733, 0.6883387823383897, 0.04831717996728519]"
episode_001,dominated,value,random_equation,14,ep001_vendor_085,BlinkHub085,False,25.36,25,4.74,88.0,5.85,91.18,2.64,5.56,"[0.16626907056898477, 0.28116547204987924, 0.45968131516614763, 0.09139370936966615, 0.0014904328453221984]"
episode_001,dominated,value,random_equation,15,ep001_vendor_085,BlinkHub085,False,25.36,25,4.74,88.0,5.85,91.18,2.64,5.56,"[0.11128091562334574, 0.4321563859308624, 0.4198336412225994, 0.026356337636535224, 0.010372719586657229]"
episode_001,dominated,value,random_equation,16,ep001_vendor_012,SwiftDrop012,False,25.06,38,4.81,88.25,8.53,95.87,1.8,11.29,"[0.12057467534117469, 0.030615731396874502, 0.39469774610509617, 0.32670919876644994, 0.1274026483904046]"
episode_001,dominated,value,random_equation,17,ep001_vendor_091,BlinkCart091,False,31.04,24,4.89,90.05,4.92,91.85,6.32,12.01,"[0.0034719968307072527, 0.25784065198337125, 0.3474067490563981, 0.356620619225114, 0.03465998290440945]"
episode_001,dominated,value,random_equation,18,ep001_vendor_045,PrimeLane045,False,23.83,29,4.61,81.79,7.92,84.84,1.7,5.52,"[0.3121240682013736, 0.08521247322897928, 0.10115503503535773, 0.21721965217696992, 0.28428877135731956]"
episode_001,dominated,value,random_equation,19,ep001_vendor_085,BlinkHub085,False,25.36,25,4.74,88.0,5.85,91.18,2.64,5.56,"[0.005037045847287058, 0.2307604523317075, 0.3643307018324392, 0.09264516605067166, 0.30722663393789457]"
episode_001,dominated,value,random_equation,20,ep001_vendor_085,BlinkHub085,False,25.36,25,4.74,88.0,5.85,91.18,2.64,5.56,"[0.11807673241495446, 0.38262197789856495, 0.37411155517759265, 0.09908923054747511, 0.026100503961412638]"
episode_001,dominated,value,random_equation,21,ep001_vendor_005,BlinkDrop005,False,23.36,40,4.64,84.95,7.55,89.64,1.49,3.74,"[0.8119000228264421, 0.00834753685006965, 0.010267617862437895, 0.09179096398458976, 0.07769385847646061]"
episode_001,dominated,value,random_equation,22,ep001_vendor_045,PrimeLane045,False,23.83,29,4.61,81.79,7.92,84.84,1.7,5.52,"[0.4575115400188393, 0.12805968343183155, 0.05288759317994474, 0.03648732556485471, 0.3250538578045297]"
episode_001,dominated,value,random_equation,23,ep001_vendor_085,BlinkHub085,False,25.36,25,4.74,88.0,5.85,91.18,2.64,5.56,"[0.08093641955589324, 0.159192540292904, 0.5595683267453011, 0.07636157665870232, 0.12394113674719937]"
episode_001,dominated,value,random_equation,24,ep001_vendor_045,PrimeLane045,False,23.83,29,4.61,81.79,7.92,84.84,1.7,5.52,"[0.16049116234020203, 0.2228111241949552, 0.04322678593076068, 0.03212563865417986, 0.5413452888799022]"
episode_001,dominated,value,random_equation,25,ep001_vendor_085,BlinkHub085,False,25.36,25,4.74,88.0,5.85,91.18,2.64,5.56,"[0.08317505198417828, 0.35150326864187836, 0.15305010092311302, 0.2341695420749082, 0.17810203637592217]"
episode_001,dominated,value,random_equation,26,ep001_vendor_085,BlinkHub085,False,25.36,25,4.74,88.0,5.85,91.18,2.64,5.56,"[0.19567908757081753, 0.08510765282440383, 0.03402060402843421, 0.6561362332072699, 0.02905642236907451]"
episode_001,dominated,value,random_equation,27,ep001_vendor_085,BlinkHub085,False,25.36,25,4.74,88.0,5.85,91.18,2.64,5.56,"[0.07251740117017659, 0.26274330838194343, 0.3975007766977147, 0.10277532034792872, 0.16446319340223656]"
episode_001,dominated,value,random_equation,28,ep001_vendor_012,SwiftDrop012,False,25.06,38,4.81,88.25,8.53,95.87,1.8,11.29,"[0.10347652923393133, 0.02846254437881813, 0.23990045535652202, 0.5435351734876118, 0.08462529754311668]"
episode_001,dominated,value,random_equation,29,ep001_vendor_085,BlinkHub085,False,25.36,25,4.74,88.0,5.85,91.18,2.64,5.56,"[0.059961300114486846, 0.6437040142637145, 0.02692306369687975, 0.14657034972571098, 0.122841272199208]"
episode_001,dominated,value,random_equation,30,ep001_vendor_091,BlinkCart091,False,31.04,24,4.89,90.05,4.92,91.85,6.32,12.01,"[0.04925250716152646, 0.3836583962501461, 0.04046250866588838, 0.5203239548574269, 0.006302633065012255]"
episode_001,dominated,value,random_equation,31,ep001_vendor_045,PrimeLane045,False,23.83,29,4.61,81.79,7.92,84.84,1.7,5.52,"[0.2601029943229114, 0.33869354232986104, 0.005563124248597323, 0.09023714065242013, 0.3054031984462101]"
episode_001,dominated,value,random_equation,32,ep001_vendor_085,BlinkHub085,False,25.36,25,4.74,88.0,5.85,91.18,2.64,5.56,"[0.2610685917562557, 0.11264803799933112, 0.5029389042372278, 0.02490672679807478, 0.09843773920911077]"
episode_001,dominated,value,random_equation,33,ep001_vendor_045,PrimeLane045,False,23.83,29,4.61,81.79,7.92,84.84,1.7,5.52,"[0.39333362939533334, 0.08538621717969497, 0.06188634611214885, 0.2578763224510691, 0.20151748486175383]"
episode_001,dominated,value,random_equation,34,ep001_vendor_005,BlinkDrop005,False,23.36,40,4.64,84.95,7.55,89.64,1.49,3.74,"[0.023997600660375665, 0.046474063374791715, 0.0927361356496421, 0.020661157351398923, 0.8161310429637916]"
episode_001,dominated,value,random_equation,35,ep001_vendor_012,SwiftDrop012,False,25.06,38,4.81,88.25,8.53,95.87,1.8,11.29,"[0.0984331998147038, 0.005097114319212557, 0.033359621219609684, 0.7700799192164773, 0.09303014542999667]"
episode_001,dominated,value,random_equation,36,ep001_vendor_005,BlinkDrop005,False,23.36,40,4.64,84.95,7.55,89.64,1.49,3.74,"[0.048217817605713593, 0.023130455946461344, 0.07294721975868618, 0.19117790361127074, 0.6645266030778683]"
episode_001,dominated,value,random_equation,37,ep001_vendor_085,BlinkHub085,False,25.36,25,4.74,88.0,5.85,91.18,2.64,5.56,"[0.014640221108532319, 0.316007337152253, 0.27864063268859157, 0.3031100539564741, 0.0876017550941489]"
episode_001,dominated,value,random_equation,38,ep001_vendor_012,SwiftDrop012,False,25.06,38,4.81,88.25,8.53,95.87,1.8,11.29,"[0.021905534568826775, 0.03128724787369363, 0.4443937190753759, 0.2451377135899255, 0.2572757848921782]"
episode_001,dominated,value,random_equation,39,ep001_vendor_085,BlinkHub085,False,25.36,25,4.74,88.0,5.85,91.18,2.64,5.56,"[0.23959150505194002, 0.12707774444177858, 0.18657200010666602, 0.38647982507283174, 0.060278925326783556]"
episode_001,dominated,value,random_equation,40,ep001_vendor_091,BlinkCart091,False,31.04,24,4.89,90.05,4.92,91.85,6.32,12.01,"[0.0022808687722124725, 0.25508142257741145, 0.5835042436855221, 0.09898441693142328, 0.060149048033430616]"
episode_001,dominated,value,random_equation,41,ep001_vendor_085,BlinkHub085,False,25.36,25,4.74,88.0,5.85,91.18,2.64,5.56,"[0.2381489628545346, 0.2763326738374956, 0.11073485160930537, 0.3100627221618348, 0.0647207895368297]"
episode_001,dominated,value,random_equation,42,ep001_vendor_085,BlinkHub085,False,25.36,25,4.74,88.0,5.85,91.18,2.64,5.56,"[0.08245717953925302, 0.49778985308875456, 0.08789780230187143, 0.06428915623597323, 0.2675660088341479]"
episode_001,dominated,value,random_equation,43,ep001_vendor_085,BlinkHub085,False,25.36,25,4.74,88.0,5.85,91.18,2.64,5.56,"[0.07059689355012455, 0.1451793532152515, 0.2684132326370211, 0.21629343072915813, 0.2995170898684448]"
episode_001,dominated,value,random_equation,44,ep001_vendor_085,BlinkHub085,False,25.36,25,4.74,88.0,5.85,91.18,2.64,5.56,"[0.25853454691996913, 0.47054393811837947, 0.13298273269231445, 0.011115306788623292, 0.1268234754807137]"
episode_001,dominated,value,random_equation,45,ep001_vendor_085,BlinkHub085,False,25.36,25,4.74,88.0,5.85,91.18,2.64,5.56,"[0.2044767399648679, 0.6106758876299612, 0.11237816427796515, 0.011104849015200174, 0.061364359112005475]"
episode_001,dominated,value,random_equation,46,ep001_vendor_045,PrimeLane045,False,23.83,29,4.61,81.79,7.92,84.84,1.7,5.52,"[0.34386947390688183, 0.18427835835244602, 0.042247332313528445, 0.09652507863850912, 0.33307975678863455]"
episode_001,dominated,value,random_equation,47,ep001_vendor_005,BlinkDrop005,False,23.36,40,4.64,84.95,7.55,89.64,1.49,3.74,"[0.03675224774962421, 0.014767075763123473, 0.033049671254713295, 0.03261287445682017, 0.8828181307757188]"
episode_001,dominated,value,random_equation,48,ep001_vendor_085,BlinkHub085,False,25.36,25,4.74,88.0,5.85,91.18,2.64,5.56,"[0.10804650630003168, 0.16135058066101265, 0.42029290430787114, 0.08175080185237514, 0.22855920687870937]"
episode_001,dominated,value,random_equation,49,ep001_vendor_085,BlinkHub085,False,25.36,25,4.74,88.0,5.85,91.18,2.64,5.56,"[0.21700433745455405, 0.13300788661569463, 0.3931410448160508, 0.06402159934299212, 0.19282513177070845]"
episode_001,dominated,value,random_equation,50,ep001_vendor_005,BlinkDrop005,False,23.36,40,4.64,84.95,7.55,89.64,1.49,3.74,"[0.17492187137613316, 0.05047719415158009, 0.15724848505282338, 0.13616523607178893, 0.48118721334767456]"
episode_001,dominated,value,random_equation,51,ep001_vendor_005,BlinkDrop005,False,23.36,40,4.64,84.95,7.55,89.64,1.49,3.74,"[0.22648442082854683, 0.04223081098866037, 0.05897303774909595, 0.03587126517563009, 0.6364404652580666]"
episode_001,dominated,value,random_equation,52,ep001_vendor_091,BlinkCart091,False,31.04,24,4.89,90.05,4.92,91.85,6.32,12.01,"[0.03608785719962122, 0.505693973589491, 0.2886454757169496, 0.1660469193591403, 0.0035257741347978055]"
episode_001,dominated,value,random_equation,53,ep001_vendor_085,BlinkHub085,False,25.36,25,4.74,88.0,5.85,91.18,2.64,5.56,"[0.18533811884776727, 0.1749446958984333, 0.4275971172965022, 0.07273028279321944, 0.1393897851640779]"
episode_001,dominated,value,random_equation,54,ep001_vendor_012,SwiftDrop012,False,25.06,38,4.81,88.25,8.53,95.87,1.8,11.29,"[0.18106779683135446, 0.016249468295096926, 0.49830319791500727, 0.20624234803282537, 0.09813718892571602]"
episode_001,dominated,value,random_equation,55,ep001_vendor_012,SwiftDrop012,False,25.06,38,4.81,88.25,8.53,95.87,1.8,11.29,"[0.062262216069047395, 0.0911919876974516, 0.10748907369176856, 0.48733081243802745, 0.251725910103705]"
episode_001,dominated,value,random_equation,56,ep001_vendor_005,BlinkDrop005,False,23.36,40,4.64,84.95,7.55,89.64,1.49,3.74,"[0.06492191998849951, 0.05444720574012035, 0.04214031965770793, 0.018694829501338623, 0.8197957251123336]"
episode_001,dominated,value,random_equation,57,ep001_vendor_012,SwiftDrop012,False,25.06,38,4.81,88.25,8.53,95.87,1.8,11.29,"[0.07177545058607719, 0.03838765297638007, 0.3487784447718105, 0.3601111248171846, 0.18094732684854756]"
episode_001,dominated,value,random_equation,58,ep001_vendor_012,SwiftDrop012,False,25.06,38,4.81,88.25,8.53,95.87,1.8,11.29,"[0.014353111607554791, 0.0002722026781743359, 0.3363094340821795, 0.27040473842671403, 0.3786605132053773]"
episode_001,dominated,value,random_equation,59,ep001_vendor_085,BlinkHub085,False,25.36,25,4.74,88.0,5.85,91.18,2.64,5.56,"[0.09667724038334675, 0.26849834710273895, 0.4978220947306619, 0.03660350699620759, 0.10039881078704481]"
episode_001,dominated,value,random_equation,60,ep001_vendor_085,BlinkHub085,False,25.36,25,4.74,88.0,5.85,91.18,2.64,5.56,"[0.07868930164564325, 0.3137249196512347, 0.1271680155893595, 0.08735043578379902, 0.3930673273299634]"
episode_001,dominated,value,random_equation,61,ep001_vendor_085,BlinkHub085,False,25.36,25,4.74,88.0,5.85,91.18,2.64,5.56,"[0.3060489363088526, 0.2591804290996785, 0.16428184736018633, 0.144880207390503, 0.12560857984077964]"
episode_001,dominated,value,random_equation,62,ep001_vendor_005,BlinkDrop005,False,23.36,40,4.64,84.95,7.55,89.64,1.49,3.74,"[0.3105279081313927, 0.003465934464165018, 0.08079088844890288, 0.3475746131213371, 0.2576406558342023]"
episode_001,dominated,value,random_equation,63,ep001_vendor_012,SwiftDrop012,False,25.06,38,4.81,88.25,8.53,95.87,1.8,11.29,"[0.04926293675046007, 0.05443642344627952, 0.25549069613287195, 0.17713813008542256, 0.46367181358496595]"
episode_001,dominated,value,random_equation,64,ep001_vendor_085,BlinkHub085,False,25.36,25,4.74,88.0,5.85,91.18,2.64,5.56,"[0.24168329105865805, 0.1536986443957045, 0.4275130881129514, 0.1490018938097352, 0.0281030826229508]"
episode_001,dominated,value,random_equation,65,ep001_vendor_085,BlinkHub085,False,25.36,25,4.74,88.0,5.85,91.18,2.64,5.56,"[0.02295336041977839, 0.34990545782312515, 0.057433624503008554, 0.4304091392227008, 0.139298418031387]"
episode_001,dominated,value,random_equation,66,ep001_vendor_085,BlinkHub085,False,25.36,25,4.74,88.0,5.85,91.18,2.64,5.56,"[0.18299616073282354, 0.4356856179953189, 0.06839774611207751, 0.047110559153317876, 0.2658099160064621]"
episode_001,dominated,value,random_equation,67,ep001_vendor_085,BlinkHub085,False,25.36,25,4.74,88.0,5.85,91.18,2.64,5.56,"[0.3371298697078496, 0.3646597858456584, 0.19505446546839644, 0.005125305626543319, 0.09803057335155241]"
episode_001,dominated,value,random_equation,68,ep001_vendor_091,BlinkCart091,False,31.04,24,4.89,90.05,4.92,91.85,6.32,12.01,"[0.0038202299457850528, 0.05209247263393559, 0.8719525230327919, 0.037115089648995334, 0.035019684738492096]"
episode_001,dominated,value,random_equation,69,ep001_vendor_012,SwiftDrop012,False,25.06,38,4.81,88.25,8.53,95.87,1.8,11.29,"[0.2794776148358004, 0.023595535234438875, 0.319233838980052, 0.3181930742703547, 0.05949993667935393]"
episode_001,dominated,value,random_equation,70,ep001_vendor_045,PrimeLane045,False,23.83,29,4.61,81.79,7.92,84.84,1.7,5.52,"[0.1728601946895324, 0.16939684713858502, 0.058548378982323214, 0.12670910425542367, 0.4724854749341356]"
episode_001,dominated,value,random_equation,71,ep001_vendor_045,PrimeLane045,False,23.83,29,4.61,81.79,7.92,84.84,1.7,5.52,"[0.47380169528381566, 0.16123169235245335, 0.13361248866919062, 0.05771370146940354, 0.17364042222513676]"
episode_001,dominated,value,random_equation,72,ep001_vendor_045,PrimeLane045,False,23.83,29,4.61,81.79,7.92,84.84,1.7,5.52,"[0.4227427641061295, 0.17687976935678928, 0.10301963554981813, 0.03201446704246756, 0.2653433639447955]"
episode_001,dominated,value,random_equation,73,ep001_vendor_005,BlinkDrop005,False,23.36,40,4.64,84.95,7.55,89.64,1.49,3.74,"[0.027104214205014302, 0.004865705814765932, 0.054249124419244704, 0.19001359071399718, 0.7237673648469779]"
episode_001,dominated,value,random_equation,74,ep001_vendor_085,BlinkHub085,False,25.36,25,4.74,88.0,5.85,91.18,2.64,5.56,"[0.16299306695571386, 0.07830882179297789, 0.6724384090166946, 0.051416224177093475, 0.034843478057520375]"
episode_001,dominated,value,random_equation,75,ep001_vendor_005,BlinkDrop005,False,23.36,40,4.64,84.95,7.55,89.64,1.49,3.74,"[0.3714159534998637, 0.058040238128086334, 0.06424132220389257, 0.38889531408484374, 0.11740717208331355]"
episode_001,dominated,value,random_equation,76,ep001_vendor_012,SwiftDrop012,False,25.06,38,4.81,88.25,8.53,95.87,1.8,11.29,"[0.16044741615734198, 0.024731104145034474, 0.5066168731535658, 0.1865117314980586, 0.1216928750459991]"
episode_001,dominated,value,random_equation,77,ep001_vendor_012,SwiftDrop012,False,25.06,38,4.81,88.25,8.53,95.87,1.8,11.29,"[0.1874703304856564, 0.029334887357107944, 0.10919144726595309, 0.6274361871732307, 0.046567147718051795]"
episode_001,dominated,value,random_equation,78,ep001_vendor_012,SwiftDrop012,False,25.06,38,4.81,88.25,8.53,95.87,1.8,11.29,"[0.06851753252875027, 0.01342198457426041, 0.32528088193931004, 0.1873879103494531, 0.40539169060822616]"
episode_001,dominated,value,random_equation,79,ep001_vendor_085,BlinkHub085,False,25.36,25,4.74,88.0,5.85,91.18,2.64,5.56,"[0.1758956416382956, 0.353498073495775, 0.10707445974653723, 0.2348454777749535, 0.12868634734443868]"
episode_001,dominated,value,random_equation,80,ep001_vendor_085,BlinkHub085,False,25.36,25,4.74,88.0,5.85,91.18,2.64,5.56,"[0.10296201041232608, 0.09528011644677312, 0.173486847284474, 0.5687761855317579, 0.05949484032466895]"
episode_001,dominated,value,random_equation,81,ep001_vendor_045,PrimeLane045,False,23.83,29,4.61,81.79,7.92,84.84,1.7,5.52,"[0.2637547943702782, 0.19285112998530046, 0.09530878152135318, 0.08292450154029066, 0.36516079258277756]"
episode_001,dominated,value,random_equation,82,ep001_vendor_045,PrimeLane045,False,23.83,29,4.61,81.79,7.92,84.84,1.7,5.52,"[0.14733260760456848, 0.21543728381924399, 0.1653029049357474, 0.04701836299433665, 0.42490884064610335]"
episode_001,dominated,value,random_equation,83,ep001_vendor_085,BlinkHub085,False,25.36,25,4.74,88.0,5.85,91.18,2.64,5.56,"[0.01688110150895712, 0.3724086628041074, 0.3863477988726311, 0.09474521160033236, 0.12961722521397204]"
episode_001,dominated,value,random_equation,84,ep001_vendor_085,BlinkHub085,False,25.36,25,4.74,88.0,5.85,91.18,2.64,5.56,"[0.3970305636620384, 0.34531126212850993, 0.19837711250273035, 0.05127322919688594, 0.00800783250983552]"
episode_001,dominated,value,random_equation,85,ep001_vendor_085,BlinkHub085,False,25.36,25,4.74,88.0,5.85,91.18,2.64,5.56,"[0.25724403407079516, 0.3445662417731176, 0.011616780294042795, 0.26924798633654545, 0.11732495752549907]"
episode_001,dominated,value,random_equation,86,ep001_vendor_012,SwiftDrop012,False,25.06,38,4.81,88.25,8.53,95.87,1.8,11.29,"[0.07363454965154324, 0.09686595766731122, 0.26733636869538413, 0.07838428153043939, 0.4837788424553221]"
episode_001,dominated,value,random_equation,87,ep001_vendor_005,BlinkDrop005,False,23.36,40,4.64,84.95,7.55,89.64,1.49,3.74,"[0.7693527135027277, 0.042888018536298055, 0.07000630884884189, 0.08451350528676867, 0.03323945382536368]"
episode_001,dominated,value,random_equation,88,ep001_vendor_012,SwiftDrop012,False,25.06,38,4.81,88.25,8.53,95.87,1.8,11.29,"[0.13326476054932151, 0.0439484285144815, 0.06381168918466107, 0.5238588552490065, 0.23511626650252948]"
episode_001,dominated,value,random_equation,89,ep001_vendor_085,BlinkHub085,False,25.36,25,4.74,88.0,5.85,91.18,2.64,5.56,"[0.21620611724931296, 0.0449955752067759, 0.39104323667854557, 0.33373248103209435, 0.014022589833271313]"
episode_001,dominated,value,random_equation,90,ep001_vendor_045,PrimeLane045,False,23.83,29,4.61,81.79,7.92,84.84,1.7,5.52,"[0.1526779059769714, 0.08597335055616843, 0.07640376442213431, 0.20692194643697, 0.47802303260775575]"
episode_001,dominated,value,random_equation,91,ep001_vendor_085,BlinkHub085,False,25.36,25,4.74,88.0,5.85,91.18,2.64,5.56,"[0.34575258467253667, 0.3127388415179577, 0.2290694533061896, 0.028348691454417017, 0.08409042904889896]"
episode_001,dominated,value,random_equation,92,ep001_vendor_085,BlinkHub085,False,25.36,25,4.74,88.0,5.85,91.18,2.64,5.56,"[0.08387090885337241, 0.4272974360859748, 0.18343970234401827, 0.2556205746794867, 0.04977137803714786]"
episode_001,dominated,value,random_equation,93,ep001_vendor_045,PrimeLane045,False,23.83,29,4.61,81.79,7.92,84.84,1.7,5.52,"[0.09736818729492974, 0.2255046092239182, 0.05494576601604697, 0.18169276669326626, 0.44048867077183884]"
episode_001,dominated,value,random_equation,94,ep001_vendor_091,BlinkCart091,False,31.04,24,4.89,90.05,4.92,91.85,6.32,12.01,"[0.018657209409294797, 0.4123173877203678, 0.23645303416600708, 0.2777952666398575, 0.05477710206447279]"
episode_001,dominated,value,random_equation,95,ep001_vendor_012,SwiftDrop012,False,25.06,38,4.81,88.25,8.53,95.87,1.8,11.29,"[0.09709905689136467, 0.004098971019938942, 0.21376820573311736, 0.634807496614803, 0.05022626974077611]"
episode_001,dominated,value,random_equation,96,ep001_vendor_085,BlinkHub085,False,25.36,25,4.74,88.0,5.85,91.18,2.64,5.56,"[0.01159725022419474, 0.21103889503064122, 0.36807202596072214, 0.2564067201834045, 0.15288510860103738]"
episode_001,dominated,value,random_equation,97,ep001_vendor_060,RocketFleet060,False,25.93,26,3.93,78.64,6.65,82.98,1.62,12.68,"[0.059887882556665974, 0.15372977664424087, 0.05139513502829454, 0.031627094088406665, 0.703360111682392]"
episode_001,dominated,value,random_equation,98,ep001_vendor_085,BlinkHub085,False,25.36,25,4.74,88.0,5.85,91.18,2.64,5.56,"[0.027752486364790215, 0.578974794647866, 0.15640941935243027, 0.07733487384309565, 0.15952842579181797]"
episode_001,dominated,value,random_equation,99,ep001_vendor_045,PrimeLane045,False,23.83,29,4.61,81.79,7.92,84.84,1.7,5.52,"[0.1518706764778862, 0.28027359937532953, 0.10533269228510878, 0.04444147565949954, 0.4180815562021761]"
episode_002,dominated,value,price_first,,ep002_vendor_001,QuickCart001,False,20.02,26,4.27,79.84,9.41,87.1,2.17,5.73,
episode_002,dominated,value,eta_first,,ep002_vendor_064,GoDrop064,False,22.58,24,3.24,69.42,12.94,83.93,3.19,9.42,
episode_002,dominated,value,rating_first,,ep002_vendor_078,FeastRunner078,False,25.16,26,4.9,87.36,8.1,92.66,4.55,7.67,
episode_002,dominated,value,reliability_first,,ep002_vendor_076,NoshBite076,False,25.25,36,4.81,89.32,7.05,95.12,4.1,11.86,
episode_002,dominated,value,balanced_equation,,ep002_vendor_070,DashHub070,False,20.86,30,4.73,85.45,6.84,88.44,1.79,7.2,
episode_002,dominated,value,random_equation,0,ep002_vendor_040,SwiftExpress040,False,23.03,28,4.79,88.82,6.96,94.24,3.5,9.13,"[0.019492005308691312, 0.07993102520870238, 0.6750840563955963, 0.10909123191039341, 0.11640168117661664]"
episode_002,dominated,value,random_equation,1,ep002_vendor_092,BlinkCart092,False,22.88,28,4.4,87.73,5.3,92.79,2.19,8.88,"[0.007177907512106941, 0.4490718560148474, 0.31114707795204294, 0.04276667304151459, 0.189836485479488]"
episode_002,dominated,value,random_equation,2,ep002_vendor_063,NoshLane063,False,20.97,37,4.77,87.31,5.25,88.57,1.57,5.47,"[2.3477787778449964e-06, 0.013771971664924101, 0.589760615115097, 0.20449054355799315, 0.19197452188320782]"
episode_002,dominated,value,random_equation,3,ep002_vendor_063,NoshLane063,False,20.97,37,4.77,87.31,5.25,88.57,1.57,5.47,"[0.2237268063040916, 0.06677883173326223, 0.32984156306961687, 0.09721381397427739, 0.2824389849187518]"
episode_002,dominated,value,random_equation,4,ep002_vendor_063,NoshLane063,False,20.97,37,4.77,87.31,5.25,88.57,1.57,5.47,"[0.10615350345571238, 0.05813044835211989, 0.1557643796756301, 0.4325217329003848, 0.2474299356161527]"
episode_002,dominated,value,random_equation,5,ep002_vendor_063,NoshLane063,False,20.97,37,4.77,87.31,5.25,88.57,1.57,5.47,"[0.10191061284839807, 0.005158054085672777, 0.05281332308759067, 0.10666934660079641, 0.733448663377542]"
episode_002,dominated,value,random_equation,6,ep002_vendor_070,DashHub070,False,20.86,30,4.73,85.45,6.84,88.44,1.79,7.2,"[0.050999075672611485, 0.260562212630793, 0.13914092070445092, 0.06579446261279992, 0.48350332837934473]"
episode_002,dominated,value,random_equation,7,ep002_vendor_063,NoshLane063,False,20.97,37,4.77,87.31,5.25,88.57,1.57,5.47,"[0.013543772136688722, 0.004987919903713993, 0.2528088140057035, 0.24401178974699317, 0.4846477042069006]"
episode_002,dominated,value,random_equation,8,ep002_vendor_070,DashHub070,False,20.86,30,4.73,85.45,6.84,88.44,1.79,7.2,"[0.2243720773827777, 0.24396924650793164, 0.26591396013532287, 0.14396715179481998, 0.1217775641791478]"
episode_002,dominated,value,random_equation,9,ep002_vendor_078,FeastRunner078,False,25.16,26,4.9,87.36,8.1,92.66,4.55,7.67,"[0.026567783561674066, 0.3856636755113998, 0.08066808099138571, 0.4302954676615707, 0.07680499227396977]"
episode_002,dominated,value,random_equation,10,ep002_vendor_076,NoshBite076,False,25.25,36,4.81,89.32,7.05,95.12,4.1,11.86,"[0.05012227166518084, 8.415718611810331e-05, 0.8101356473890157, 0.1056677640510816, 0.03399015970860387]"
episode_002,dominated,value,random_equation,11,ep002_vendor_025,NoshLane025,False,21.34,25,4.06,80.92,7.33,87.19,2.01,6.7,"[0.11135350588089257, 0.4945319197138088, 0.19129911180987613, 0.1164129134640579, 0.08640254913136466]"
episode_002,dominated,value,random_equation,12,ep002_vendor_070,DashHub070,False,20.86,30,4.73,85.45,6.84,88.44,1.79,7.2,"[0.2116583325785763, 0.3067466761706474, 0.02193329863075961, 0.40996430087126545, 0.04969739174875124]"
episode_002,dominated,value,random_equation,13,ep002_vendor_070,DashHub070,False,20.86,30,4.73,85.45,6.84,88.44,1.79,7.2,"[0.21936186533066035, 0.22776256689414762, 0.19339107544740872, 0.3200781699003041, 0.03940632242747926]"
episode_002,dominated,value,random_equation,14,ep002_vendor_063,NoshLane063,False,20.97,37,4.77,87.31,5.25,88.57,1.57,5.47,"[0.11933991498327653, 0.04152578106500811, 0.07022360458987288, 0.4986093932161759, 0.2703013061456666]"
episode_002,dominated,value,random_equation,15,ep002_vendor_070,DashHub070,False,20.86,30,4.73,85.45,6.84,88.44,1.79,7.2,"[0.32422929411678036, 0.10900053964308101, 0.2035748593986634, 0.2198171401961692, 0.14337816664530614]"
episode_002,dominated,value,random_equation,16,ep002_vendor_063,NoshLane063,False,20.97,37,4.77,87.31,5.25,88.57,1.57,5.47,"[0.27246769770903084, 0.011948846769579836, 0.3532219591330985, 0.1452602462516287, 0.21710125013666215]"
episode_002,dominated,value,random_equation,17,ep002_vendor_063,NoshLane063,False,20.97,37,4.77,87.31,5.25,88.57,1.57,5.47,"[0.20105422924378308, 0.010832166896826709, 0.5296868239031711, 0.19412306986543262, 0.06430371009078659]"
episode_002,dominated,value,random_equation,18,ep002_vendor_070,DashHub070,False,20.86,30,4.73,85.45,6.84,88.44,1.79,7.2,"[0.48474371238385955, 0.09870618655938355, 0.1987394671945145, 0.13302163644116313, 0.0847889974210794]"
episode_002,dominated,value,random_equation,19,ep002_vendor_070,DashHub070,False,20.86,30,4.73,85.45,6.84,88.44,1.79,7.2,"[0.29697553661939047, 0.21467058685589885, 0.07059754707658372, 0.26635862594296494, 0.1513977035051621]"
episode_002,dominated,value,random_equation,20,ep002_vendor_070,DashHub070,False,20.86,30,4.73,85.45,6.84,88.44,1.79,7.2,"[0.06502264683280785, 0.2851258431417715, 0.09371385122306825, 0.28391110058228336, 0.27222655822006914]"
episode_002,dominated,value,random_equation,21,ep002_vendor_070,DashHub070,False,20.86,30,4.73,85.45,6.84,88.44,1.79,7.2,"[0.1256858889973198, 0.14885443751907063, 0.11040994607933613, 0.2253593872238971, 0.38969034018037635]"
episode_002,dominated,value,random_equation,22,ep002_vendor_075,BlinkDrop075,False,23.93,24,4.23,83.03,7.61,89.99,4.26,5.88,"[0.065119359318365, 0.5667617303018413, 0.30284537330144534, 0.016866397776343633, 0.04840713930200471]"
episode_002,dominated,value,random_equation,23,ep002_vendor_001,QuickCart001,False,20.02,26,4.27,79.84,9.41,87.1,2.17,5.73,"[0.42856143538695235, 0.23503934360458273, 0.04926197673398875, 0.1793752897215686, 0.10776195455290771]"
episode_002,dominated,value,random_equation,24,ep002_vendor_070,DashHub070,False,20.86,30,4.73,85.45,6.84,88.44,1.79,7.2,"[0.19107538170330957, 0.1167140566542225, 0.02655373480869007, 0.5944894277513312, 0.07116739908244658]"
episode_002,dominated,value,random_equation,25,ep002_vendor_063,NoshLane063,False,20.97,37,4.77,87.31,5.25,88.57,1.57,5.47,"[0.017117357351916968, 0.07791412938753514, 0.06673953254321906, 0.33277988368468475, 0.5054490970326441]"
episode_002,dominated,value,random_equation,26,ep002_vendor_025,NoshLane025,False,21.34,25,4.06,80.92,7.33,87.19,2.01,6.7,"[0.05601918217895788, 0.7417039426807549, 0.06634760385601975, 0.005160159714165234, 0.13076911157010207]"
episode_002,dominated,value,random_equation,27,ep002_vendor_025,NoshLane025,False,21.34,25,4.06,80.92,7.33,87.19,2.01,6.7,"[0.005471899123642355, 0.5930717273556261, 0.11777096201563975, 0.06381440148305603, 0.21987101002203582]"
episode_002,dominated,value,random_equation,28,ep002_vendor_001,QuickCart001,False,20.02,26,4.27,79.84,9.41,87.1,2.17,5.73,"[0.3606188136468638, 0.49541059615501365, 0.03096876773535529, 0.07038892745505956, 0.042612895007707756]"
episode_002,dominated,value,random_equation,29,ep002_vendor_063,NoshLane063,False,20.97,37,4.77,87.31,5.25,88.57,1.57,5.47,"[0.04363582537608108, 0.020301779795754333, 0.6124079654153746, 0.18064574538819742, 0.14300868402459258]"
episode_002,dominated,value,random_equation,30,ep002_vendor_040,SwiftExpress040,False,23.03,28,4.79,88.82,6.96,94.24,3.5,9.13,"[0.1446754490175134, 0.21717488774215327, 0.30882249322669264, 0.2797021620732048, 0.04962500794043594]"
episode_002,dominated,value,random_equation,31,ep002_vendor_078,FeastRunner078,False,25.16,26,4.9,87.36,8.1,92.66,4.55,7.67,"[0.07801812728222611, 0.4097831981619967, 0.35665054389036177, 0.11740922397169504, 0.03813890669372043]"
episode_002,dominated,value,random_equation,32,ep002_vendor_078,FeastRunner078,False,25.16,26,4.9,87.36,8.1,92.66,4.55,7.67,"[0.08016467078116908, 0.15642940782986153, 0.2755274564847516, 0.4756002665072265, 0.012278198396991239]"
episode_002,dominated,value,random_equation,33,ep002_vendor_092,BlinkCart092,False,22.88,28,4.4,87.73,5.3,92.79,2.19,8.88,"[0.15076414097329857, 0.34254860842085505, 0.33914036473172954, 0.013024680771996715, 0.15452220510212009]"
episode_002,dominated,value,random_equation,34,ep002_vendor_063,NoshLane063,False,20.97,37,4.77,87.31,5.25,88.57,1.57,5.47,"[0.22588600076524162, 0.027021849509561578, 0.07230240511324475, 0.05800670408333424, 0.6167830405286178]"
episode_002,dominated,value,random_equation,35,ep002_vendor_063,NoshLane063,False,20.97,37,4.77,87.31,5.25,88.57,1.57,5.47,"[0.19795496339669275, 0.06368672740284369, 0.057016640824317205, 0.16361957559068452, 0.5177220927854618]"
episode_002,dominated,value,random_equation,36,ep002_vendor_001,QuickCart001,False,20.02,26,4.27,79.84,9.41,87.1,2.17,5.73,"[0.45295742625157703, 0.49650523569075117, 0.004080099223773555, 0.0234092704477478, 0.023047968386150273]"
episode_002,dominated,value,random_equation,37,ep002_vendor_078,FeastRunner078,False,25.16,26,4.9,87.36,8.1,92.66,4.55,7.67,"[0.10608448773545966, 0.4109230215830506, 0.10074355798381607, 0.2820686042690609, 0.1001803284286126]"
episode_002,dominated,value,random_equation,38,ep002_vendor_040,SwiftExpress040,False,23.03,28,4.79,88.82,6.96,94.24,3.5,9.13,"[0.0873756707393752, 0.04265788847263548, 0.2717219674457651, 0.5497781347486722, 0.04846633859355193]"
episode_002,dominated,value,random_equation,39,ep002_vendor_063,NoshLane063,False,20.97,37,4.77,87.31,5.25,88.57,1.57,5.47,"[0.6312449321863219, 0.02131831707801115, 0.22879829325532514, 0.10662190071232022, 0.012016556768021588]"
episode_002,dominated,value,random_equation,40,ep002_vendor_040,SwiftExpress040,False,23.03,28,4.79,88.82,6.96,94.24,3.5,9.13,"[0.012876393416411067, 0.3357674274310548, 0.3729140280693066, 0.13854787163960322, 0.13989427944362434]"
episode_002,dominated,value,random_equation,41,ep002_vendor_063,NoshLane063,False,20.97,37,4.77,87.31,5.25,88.57,1.57,5.47,"[0.2700677121446759, 0.003237760604768423, 0.4964318686253752, 0.21427195099064425, 0.015990707634536284]"
episode_002,dominated,value,random_equation,42,ep002_vendor_092,BlinkCart092,False,22.88,28,4.4,87.73,5.3,92.79,2.19,8.88,"[0.13830795538989654, 0.35712612374553504, 0.2868522873505456, 0.08511589326798828, 0.13259774024603443]"
episode_002,dominated,value,random_equation,43,ep002_vendor_025,NoshLane025,False,21.34,25,4.06,80.92,7.33,87.19,2.01,6.7,"[0.010563449336713096, 0.4002114001645088, 0.026111919413653945, 0.0879698611791669, 0.4751433699059571]"
episode_002,dominated,value,random_equation,44,ep002_vendor_070,DashHub070,False,20.86,30,4.73,85.45,6.84,88.44,1.79,7.2,"[0.0556518124765391, 0.20670805891663227, 0.051621683227806844, 0.35215572462789535, 0.3338627207511265]"
episode_002,dominated,value,random_equation,45,ep002_vendor_001,QuickCart001,False,20.02,26,4.27,79.84,9.41,87.1,2.17,5.73,"[0.28486747236678756, 0.3244876454522773, 0.16130980925431834, 0.0612974752403421, 0.16803759768627471]"
episode_002,dominated,value,random_equation,46,ep002_vendor_025,NoshLane025,False,21.34,25,4.06,80.92,7.33,87.19,2.01,6.7,"[0.22409055795693608, 0.511000690920311, 0.19956146986169349, 0.036168286207393825, 0.029178995053665693]"
episode_002,dominated,value,random_equation,47,ep002_vendor_001,QuickCart001,False,20.02,26,4.27,79.84,9.41,87.1,2.17,5.73,"[0.3345446112534012, 0.3646837419092185, 0.228915289467196, 0.04216048266113151, 0.029695874709052817]"
episode_002,dominated,value,random_equation,48,ep002_vendor_070,DashHub070,False,20.86,30,4.73,85.45,6.84,88.44,1.79,7.2,"[0.2617275113782173, 0.1459805855876678, 0.44425169842433787, 0.013284175310044785, 0.13475602929973227]"
episode_002,dominated,value,random_equation,49,ep002_vendor_001,QuickCart001,False,20.02,26,4.27,79.84,9.41,87.1,2.17,5.73,"[0.3862015293712192, 0.2820326559342994, 0.020809379986619258, 0.26441361278576325, 0.046542821922098986]"
episode_002,dominated,value,random_equation,50,ep002_vendor_078,FeastRunner078,False,25.16,26,4.9,87.36,8.1,92.66,4.55,7.67,"[0.008293873756818079, 0.3192316645342884, 0.02085086741165177, 0.4882458049886027, 0.16337778930863903]"
episode_002,dominated,value,random_equation,51,ep002_vendor_078,FeastRunner078,False,25.16,26,4.9,87.36,8.1,92.66,4.55,7.67,"[0.061627976614431715, 0.44379342063298455, 0.3502439047732706, 0.11951488782227539, 0.024819810157037853]"
episode_002,dominated,value,random_equation,52,ep002_vendor_063,NoshLane063,False,20.97,37,4.77,87.31,5.25,88.57,1.57,5.47,"[0.13572287289378313, 0.026573412300559894, 0.5449432754096295, 0.16271592147097846, 0.13004451792504904]"
episode_002,dominated,value,random_equation,53,ep002_vendor_025,NoshLane025,False,21.34,25,4.06,80.92,7.33,87.19,2.01,6.7,"[0.04998790444972045, 0.451155102618693, 0.05527816456809606, 0.20243008409468674, 0.24114874426880387]"
episode_002,dominated,value,random_equation,54,ep002_vendor_063,NoshLane063,False,20.97,37,4.77,87.31,5.25,88.57,1.57,5.47,"[0.15439651781479277, 0.056469478840674735, 0.12998805730620028, 0.5359151460751882, 0.12323079996314402]"
episode_002,dominated,value,random_equation,55,ep002_vendor_070,DashHub070,False,20.86,30,4.73,85.45,6.84,88.44,1.79,7.2,"[0.13204706504597225, 0.17915993612089923, 0.32161687492311297, 0.10338920527131222, 0.2637869186387033]"
episode_002,dominated,value,random_equation,56,ep002_vendor_063,NoshLane063,False,20.97,37,4.77,87.31,5.25,88.57,1.57,5.47,"[0.2931431760679801, 0.043524504262802174, 0.24074172866965954, 0.1585861673596571, 0.2640044236399011]"
episode_002,dominated,value,random_equation,57,ep002_vendor_070,DashHub070,False,20.86,30,4.73,85.45,6.84,88.44,1.79,7.2,"[0.22256057477276608, 0.2275563543060851, 0.024196402201908336, 0.13849452934154238, 0.3871921393776981]"
episode_002,dominated,value,random_equation,58,ep002_vendor_001,QuickCart001,False,20.02,26,4.27,79.84,9.41,87.1,2.17,5.73,"[0.14537177140934027, 0.5382083364239801, 0.015549764276397522, 0.17475404547507878, 0.12611608241520325]"
episode_002,dominated,value,random_equation,59,ep002_vendor_063,NoshLane063,False,20.97,37,4.77,87.31,5.25,88.57,1.57,5.47,"[0.057226536822992606, 0.06096033408083465, 0.6375995161817916, 0.08072665425493572, 0.16348695865944543]"
episode_002,dominated,value,random_equation,60,ep002_vendor_001,QuickCart001,False,20.02,26,4.27,79.84,9.41,87.1,2.17,5.73,"[0.4278990540002034, 0.2378036610948454, 0.19691308200494687, 0.10733162865060464, 0.030052574249399874]"
episode_002,dominated,value,random_equation,61,ep002_vendor_001,QuickCart001,False,20.02,26,4.27,79.84,9.41,87.1,2.17,5.73,"[0.2137941930655146, 0.44154374730620655, 0.15142396446447468, 0.042529686196772276, 0.15070840896703186]"
episode_002,dominated,value,random_equation,62,ep002_vendor_092,BlinkCart092,False,22.88,28,4.4,87.73,5.3,92.79,2.19,8.88,"[0.010001257359512765, 0.25654262247394916, 0.5796243926505796, 0.0006399618243327447, 0.15319176569162574]"
episode_002,dominated,value,random_equation,63,ep002_vendor_063,NoshLane063,False,20.97,37,4.77,87.31,5.25,88.57,1.57,5.47,"[0.11460354686788668, 0.03751925890411719, 0.01687947494624123, 0.12874322627882165, 0.7022544930029332]"
episode_002,dominated,value,random_equation,64,ep002_vendor_025,NoshLane025,False,21.34,25,4.06,80.92,7.33,87.19,2.01,6.7,"[0.20443120490062544, 0.32948684439774706, 0.1611775476171662, 0.01283116488634593, 0.29207323819811537]"
episode_002,dominated,value,random_equation,65,ep002_vendor_040,SwiftExpress040,False,23.03,28,4.79,88.82,6.96,94.24,3.5,9.13,"[0.28198575654239577, 0.2951619664619633, 0.36525515101504863, 0.028800354861561236, 0.02879677111903106]"
episode_002,dominated,value,random_equation,66,ep002_vendor_070,DashHub070,False,20.86,30,4.73,85.45,6.84,88.44,1.79,7.2,"[0.2101433648040361, 0.11859008920056113, 0.2623529871634988, 0.07069885984310488, 0.33821469898879913]"
episode_002,dominated,value,random_equation,67,ep002_vendor_070,DashHub070,False,20.86,30,4.73,85.45,6.84,88.44,1.79,7.2,"[0.3129036435947799, 0.10371355638803814, 0.005535191540692663, 0.5496994785565116, 0.02814812991997785]"
episode_002,dominated,value,random_equation,68,ep002_vendor_001,QuickCart001,False,20.02,26,4.27,79.84,9.41,87.1,2.17,5.73,"[0.4020652284700139, 0.17444677644395248, 0.015921916377291755, 0.14729910510135313, 0.2602669736073888]"
episode_002,dominated,value,random_equation,69,ep002_vendor_001,QuickCart001,False,20.02,26,4.27,79.84,9.41,87.1,2.17,5.73,"[0.4201809656803919, 0.29580395519244723, 0.08273428344052751, 0.05314344574517746, 0.14813734994145586]"
episode_002,dominated,value,random_equation,70,ep002_vendor_070,DashHub070,False,20.86,30,4.73,85.45,6.84,88.44,1.79,7.2,"[0.4410787768605268, 0.12035180557064916, 0.370919612452527, 0.05306094027068538, 0.014588864845611602]"
episode_002,dominated,value,random_equation,71,ep002_vendor_001,QuickCart001,False,20.02,26,4.27,79.84,9.41,87.1,2.17,5.73,"[0.32015432371930275, 0.34852227603752217, 0.12232482065765754, 0.11797451737171105, 0.0910240622138065]"
episode_002,dominated,value,random_equation,72,ep002_vendor_001,QuickCart001,False,20.02,26,4.27,79.84,9.41,87.1,2.17,5.73,"[0.2697784499086989, 0.3618909489786667, 0.14336235870451083, 0.04516130403216501, 0.17980693837595849]"
episode_002,dominated,value,random_equation,73,ep002_vendor_092,BlinkCart092,False,22.88,28,4.4,87.73,5.3,92.79,2.19,8.88,"[0.07224550568200039, 0.32700665693480546, 0.4959756566545402, 0.0049443700373355895, 0.09982781069131844]"
episode_002,dominated,value,random_equation,74,ep002_vendor_025,NoshLane025,False,21.34,25,4.06,80.92,7.33,87.19,2.01,6.7,"[0.14437152126160302, 0.46762421146281424, 0.21407647305566174, 0.10558213822752799, 0.06834565599239303]"
episode_002,dominated,value,random_equation,75,ep002_vendor_070,DashHub070,False,20.86,30,4.73,85.45,6.84,88.44,1.79,7.2,"[0.13823173050053228, 0.18219835811609772, 0.044576999311795935, 0.22593526639015293, 0.4090576456814213]"
episode_002,dominated,value,random_equation,76,ep002_vendor_070,DashHub070,False,20.86,30,4.73,85.45,6.84,88.44,1.79,7.2,"[0.33792970129061733, 0.08451436689717004, 0.29781510391958727, 0.2715359251004637, 0.008204902792161784]"
episode_002,dominated,value,random_equation,77,ep002_vendor_070,DashHub070,False,20.86,30,4.73,85.45,6.84,88.44,1.79,7.2,"[0.1431439770038169, 0.08838664810542761, 0.14131007922006236, 0.24511265208279315, 0.3820466435879001]"
episode_002,dominated,value,random_equation,78,ep002_vendor_040,SwiftExpress040,False,23.03,28,4.79,88.82,6.96,94.24,3.5,9.13,"[0.13802814733841146, 0.2193657124457441, 0.33350659045941994, 0.2402912053153622, 0.06880834444106229]"
episode_002,dominated,value,random_equation,79,ep002_vendor_025,NoshLane025,False,21.34,25,4.06,80.92,7.33,87.19,2.01,6.7,"[0.15194614964247588, 0.5266963097069887, 0.13174386880130176, 0.0939540657962676, 0.09565960605296607]"
episode_002,dominated,value,random_equation,80,ep002_vendor_001,QuickCart001,False,20.02,26,4.27,79.84,9.41,87.1,2.17,5.73,"[0.3110331527138939, 0.2752947616640533, 0.06895422034851513, 0.21958851721233416, 0.12512934806120346]"
episode_002,dominated,value,random_equation,81,ep002_vendor_070,DashHub070,False,20.86,30,4.73,85.45,6.84,88.44,1.79,7.2,"[0.2597477813314538, 0.28822161126321016, 0.304390563581961, 0.09614345262835229, 0.05149659119502267]"
episode_002,dominated,value,random_equation,82,ep002_vendor_070,DashHub070,False,20.86,30,4.73,85.45,6.84,88.44,1.79,7.2,"[0.3701314427593205, 0.10391702769606165, 0.08499124868244062, 0.3554579883469566, 0.08550229251522065]"
episode_002,dominated,value,random_equation,83,ep002_vendor_040,SwiftExpress040,False,23.03,28,4.79,88.82,6.96,94.24,3.5,9.13,"[0.14029604190027206, 0.02099710794692036, 0.7031476020703101, 0.1312376478484965, 0.004321600234000893]"
episode_002,dominated,value,random_equation,84,ep002_vendor_070,DashHub070,False,20.86,30,4.73,85.45,6.84,88.44,1.79,7.2,"[0.34192945673569675, 0.14422015496494234, 0.1991374455902213, 0.09442598753096772, 0.22028695517817187]"
episode_002,dominated,value,random_equation,85,ep002_vendor_070,DashHub070,False,20.86,30,4.73,85.45,6.84,88.44,1.79,7.2,"[0.1595483793986951, 0.1637920242977123, 0.258780461744156, 0.2661051003609836, 0.151774034198453]"
episode_002,dominated,value,random_equation,86,ep002_vendor_078,FeastRunner078,False,25.16,26,4.9,87.36,8.1,92.66,4.55,7.67,"[0.00725889760392092, 0.4022717393343166, 0.26450874785944806, 0.16673838126868062, 0.1592222339336337]"
episode_002,dominated,value,random_equation,87,ep002_vendor_040,SwiftExpress040,False,23.03,28,4.79,88.82,6.96,94.24,3.5,9.13,"[0.18760200440889904, 0.26870057574716416, 0.2827057356282691, 0.23505103269679206, 0.0259406515188757]"
episode_002,dominated,value,random_equation,88,ep002_vendor_063,NoshLane063,False,20.97,37,4.77,87.31,5.25,88.57,1.57,5.47,"[0.00022859225253599595, 0.021310402187664598, 0.35839358286556766, 0.32150033955336343, 0.29856708314086833]"
episode_002,dominated,value,random_equation,89,ep002_vendor_070,DashHub070,False,20.86,30,4.73,85.45,6.84,88.44,1.79,7.2,"[0.3308281273689679, 0.2243248735403765, 0.3141152419765157, 0.08939366545990518, 0.041338091654234715]"
episode_002,dominated,value,random_equation,90,ep002_vendor_070,DashHub070,False,20.86,30,4.73,85.45,6.84,88.44,1.79,7.2,"[0.19055770472915237, 0.14059103992681238, 0.056132715374659296, 0.21365470645522427, 0.3990638335141515]"
episode_002,dominated,value,random_equation,91,ep002_vendor_070,DashHub070,False,20.86,30,4.73,85.45,6.84,88.44,1.79,7.2,"[0.1808835509216867, 0.11819520121596078, 0.2840548649216557, 0.2934255779063163, 0.12344080503438055]"
episode_002,dominated,value,random_equation,92,ep002_vendor_063,NoshLane063,False,20.97,37,4.77,87.31,5.25,88.57,1.57,5.47,"[0.5520904384694971, 0.006350418743181792, 0.10536315319156579, 0.24559198289958478, 0.09060400669617065]"
episode_002,dominated,value,random_equation,93,ep002_vendor_025,NoshLane025,False,21.34,25,4.06,80.92,7.33,87.19,2.01,6.7,"[0.04728326832447338, 0.3893060204676559, 0.02320287769253656, 0.09364313892670321, 0.4465646945886309]"
episode_002,dominated,value,random_equation,94,ep002_vendor_063,NoshLane063,False,20.97,37,4.77,87.31,5.25,88.57,1.57,5.47,"[0.19375338856183258, 0.0004631007413120781, 0.32982313385755563, 0.12301368938988153, 0.3529466874494183]"
episode_002,dominated,value,random_equation,95,ep002_vendor_070,DashHub070,False,20.86,30,4.73,85.45,6.84,88.44,1.79,7.2,"[0.15357126468150636, 0.27046726883370953, 0.017377136032104123, 0.24104706708722545, 0.31753726336545446]"
episode_002,dominated,value,random_equation,96,ep002_vendor_001,QuickCart001,False,20.02,26,4.27,79.84,9.41,87.1,2.17,5.73,"[0.3874169041088332, 0.17781823646743433, 0.02311047089699263, 0.06734480988288903, 0.34430957864385076]"
episode_002,dominated,value,random_equation,97,ep002_vendor_070,DashHub070,False,20.86,30,4.73,85.45,6.84,88.44,1.79,7.2,"[0.15415029972930422, 0.09559081813945285, 0.06616294891246911, 0.17745222233941735, 0.5066437108793566]"
episode_002,dominated,value,random_equation,98,ep002_vendor_040,SwiftExpress040,False,23.03,28,4.79,88.82,6.96,94.24,3.5,9.13,"[0.007725122143454501, 0.09320145564625186, 0.6853247377888579, 0.20518192514058128, 0.008566759280854356]"
episode_002,dominated,value,random_equation,99,ep002_vendor_083,GoLane083,False,25.68,24,4.8,83.73,7.65,86.14,5.49,5.27,"[0.21030902024017858, 0.4563810677516604, 0.05939504736355691, 0.2677352248506939, 0.006179639793910311]"
episode_003,dominated,fast,price_first,,ep003_vendor_076,RocketDrop076,False,22.45,26,4.55,83.92,5.87,85.52,1.82,4.56,
episode_003,dominated,fast,eta_first,,ep003_vendor_049,CityMeals049,False,26.22,24,4.26,81.57,9.47,90.43,4.7,3.45,
episode_003,dominated,fast,rating_first,,ep003_vendor_087,DashBite087,False,24.13,25,4.88,86.13,7.67,89.82,1.5,11.21,
episode_003,dominated,fast,reliability_first,,ep003_vendor_029,QuickExpress029,False,26.9,40,4.75,91.12,4.6,94.5,2.93,6.96,
episode_003,dominated,fast,balanced_equation,,ep003_vendor_076,RocketDrop076,False,22.45,26,4.55,83.92,5.87,85.52,1.82,4.56,
episode_003,dominated,fast,random_equation,0,ep003_vendor_087,DashBite087,False,24.13,25,4.88,86.13,7.67,89.82,1.5,11.21,"[0.18394150900309494, 0.22282176173597987, 0.4538558160220083, 0.11457202259302951, 0.024808890645887375]"
episode_003,dominated,fast,random_equation,1,ep003_vendor_087,DashBite087,False,24.13,25,4.88,86.13,7.67,89.82,1.5,11.21,"[0.0803698869301371, 0.07960896370434947, 0.03552477164733596, 0.3785929029031572, 0.42590347481502033]"
episode_003,dominated,fast,random_equation,2,ep003_vendor_087,DashBite087,False,24.13,25,4.88,86.13,7.67,89.82,1.5,11.21,"[0.08416355296494542, 0.24013377897999663, 0.41298349961452535, 0.04268950579056359, 0.22002966264996912]"
episode_003,dominated,fast,random_equation,3,ep003_vendor_076,RocketDrop076,False,22.45,26,4.55,83.92,5.87,85.52,1.82,4.56,"[0.36290967135520863, 0.024210333325908263, 0.025018028613924524, 0.055685113318123335, 0.5321768533868352]"
episode_003,dominated,fast,random_equation,4,ep003_vendor_001,PrimeCart001,False,23.83,28,4.84,87.52,5.68,89.09,2.31,8.31,"[0.12790884661730847, 0.13465438499412175, 0.6894183442875849, 0.002777147698620056, 0.045241276402365076]"
episode_003,dominated,fast,random_equation,5,ep003_vendor_087,DashBite087,False,24.13,25,4.88,86.13,7.67,89.82,1.5,11.21,"[0.04536695671976213, 0.21595978827428614, 0.22968013352186106, 0.18360109567647823, 0.3253920258076124]"
episode_003,dominated,fast,random_equation,6,ep003_vendor_076,RocketDrop076,False,22.45,26,4.55,83.92,5.87,85.52,1.82,4.56,"[0.2636168427835461, 0.3469823225023393, 0.10193441064843614, 0.045494325418982524, 0.24197209864669592]"
episode_003,dominated,fast,random_equation,7,ep003_vendor_087,DashBite087,False,24.13,25,4.88,86.13,7.67,89.82,1.5,11.21,"[0.0630563436986827, 0.3427547523565255, 0.12006505525920284, 0.08208031512419117, 0.3920435335613977]"
episode_003,dominated,fast,random_equation,8,ep003_vendor_029,QuickExpress029,False,26.9,40,4.75,91.12,4.6,94.5,2.93,6.96,"[0.08002523318787383, 0.013236840571684163, 0.7586129599479737, 0.13322256611485364, 0.014902400177614707]"
episode_003,dominated,fast,random_equation,9,ep003_vendor_087,DashBite087,False,24.13,25,4.88,86.13,7.67,89.82,1.5,11.21,"[0.29396713400438795, 0.3282429620903358, 0.0634424763723314, 0.259615680384271, 0.05473174714867384]"
episode_003,dominated,fast,random_equation,10,ep003_vendor_029,QuickExpress029,False,26.9,40,4.75,91.12,4.6,94.5,2.93,6.96,"[0.03835914224976795, 0.01513359041888263, 0.5751776393065232, 0.2089264276846631, 0.16240320034016303]"
episode_003,dominated,fast,random_equation,11,ep003_vendor_087,DashBite087,False,24.13,25,4.88,86.13,7.67,89.82,1.5,11.21,"[0.33453180550985917, 0.04610791404561519, 0.11819434996099921, 0.20023406764373405, 0.3009318628397924]"
episode_003,dominated,fast,random_equation,12,ep003_vendor_087,DashBite087,False,24.13,25,4.88,86.13,7.67,89.82,1.5,11.21,"[0.15271828614279376, 0.2055292871146603, 0.3931819027495201, 0.07426068027919805, 0.17430984371382793]"
episode_003,dominated,fast,random_equation,13,ep003_vendor_087,DashBite087,False,24.13,25,4.88,86.13,7.67,89.82,1.5,11.21,"[0.2548528054723521, 0.10514198016285704, 0.17367774182790296, 0.28725328157477936, 0.1790741909621085]"
episode_003,dominated,fast,random_equation,14,ep003_vendor_087,DashBite087,False,24.13,25,4.88,86.13,7.67,89.82,1.5,11.21,"[0.16243550671331883, 0.28488733084952794, 0.035325290218076344, 0.30166325482616346, 0.2156886173929133]"
episode_003,dominated,fast,random_equation,15,ep003_vendor_087,DashBite087,False,24.13,25,4.88,86.13,7.67,89.82,1.5,11.21,"[0.12919458537854703, 0.10111542505650692, 0.2609477682051289, 0.3698849491073621, 0.13885727225245506]"
episode_003,dominated,fast,random_equation,16,ep003_vendor_087,DashBite087,False,24.13,25,4.88,86.13,7.67,89.82,1.5,11.21,"[0.07995513766206648, 0.048065270923056604, 0.058823603180120386, 0.06827633509676748, 0.744879653137989]"
episode_003,dominated,fast,random_equation,17,ep003_vendor_087,DashBite087,False,24.13,25,4.88,86.13,7.67,89.82,1.5,11.21,"[0.02532533284976448, 0.09688892168164137, 0.5255924413011709, 0.04586989948098598, 0.3063234046864373]"
episode_003,dominated,fast,random_equation,18,ep003_vendor_087,DashBite087,False,24.13,25,4.88,86.13,7.67,89.82,1.5,11.21,"[0.1927482597607459, 0.0755895568348977, 0.2931667508995771, 0.2669839044115875, 0.1715115280931918]"
episode_003,dominated,fast,random_equation,19,ep003_vendor_087,DashBite087,False,24.13,25,4.88,86.13,7.67,89.82,1.5,11.21,"[0.15570934342488496, 0.1378892429153148, 0.1926926529403897, 0.4264047578421137, 0.08730400287729688]"
episode_003,dominated,fast,random_equation,20,ep003_vendor_076,RocketDrop076,False,22.45,26,4.55,83.92,5.87,85.52,1.82,4.56,"[0.7628613808285277, 0.05816807293511197, 0.062182048258815396, 0.0799875227353884, 0.036800975242156586]"
episode_003,dominated,fast,random_equation,21,ep003_vendor_087,DashBite087,False,24.13,25,4.88,86.13,7.67,89.82,1.5,11.21,"[0.2691706852553481, 0.2796105930575157, 0.0956701827848126, 0.1761076680823524, 0.17944087081997123]"
episode_003,dominated,fast,random_equation,22,ep003_vendor_087,DashBite087,False,24.13,25,4.88,86.13,7.67,89.82,1.5,11.21,"[0.22247460411025577, 0.26660483521985445, 0.389421203239838, 0.06876694143899932, 0.052732415991052585]"
episode_003,dominated,fast,random_equation,23,ep003_vendor_087,DashBite087,False,24.13,25,4.88,86.13,7.67,89.82,1.5,11.21,"[0.10585094485740495, 0.06641301595788375, 0.02639570705655714, 0.40382723528228526, 0.3975130968458689]"
episode_003,dominated,fast,random_equation,24,ep003_vendor_087,DashBite087,False,24.13,25,4.88,86.13,7.67,89.82,1.5,11.21,"[0.07147419415288755, 0.2870583081079537, 0.19929870407685552, 0.0009602143127787697, 0.44120857934952445]"
episode_003,dominated,fast,random_equation,25,ep003_vendor_076,RocketDrop076,False,22.45,26,4.55,83.92,5.87,85.52,1.82,4.56,"[0.5210593967169074, 0.03445777779401943, 0.0599566094489132, 0.022215541426636433, 0.3623106746135236]"
episode_003,dominated,fast,random_equation,26,ep003_vendor_087,DashBite087,False,24.13,25,4.88,86.13,7.67,89.82,1.5,11.21,"[0.26722486909626375, 0.3598563686098856, 0.09694323596621054, 0.08560155676639235, 0.19037396956124772]"
episode_003,dominated,fast,random_equation,27,ep003_vendor_087,DashBite087,False,24.13,25,4.88,86.13,7.67,89.82,1.5,11.21,"[0.07123451207907941, 0.4624620447120101, 0.032312939017630715, 0.321332387956935, 0.11265811623434477]"
episode_003,dominated,fast,random_equation,28,ep003_vendor_087,DashBite087,False,24.13,25,4.88,86.13,7.67,89.82,1.5,11.21,"[0.21889635663484902, 0.1280241151921345, 0.2518508621062252, 0.3679545397475798, 0.03327412631921142]"
episode_003,dominated,fast,random_equation,29,ep003_vendor_087,DashBite087,False,24.13,25,4.88,86.13,7.67,89.82,1.5,11.21,"[0.0022596453458673233, 0.21616774217408233, 0.24710478963893157, 0.13634769072299377, 0.3981201321181249]"
episode_003,dominated,fast,random_equation,30,ep003_vendor_087,DashBite087,False,24.13,25,4.88,86.13,7.67,89.82,1.5,11.21,"[0.4025934892683798, 0.15555501569643557, 0.07974254229693735, 0.3234345511875819, 0.03867440155066536]"
episode_003,dominated,fast,random_equation,31,ep003_vendor_076,RocketDrop076,False,22.45,26,4.55,83.92,5.87,85.52,1.82,4.56,"[0.4709527260135126, 0.35524784286208255, 0.12269529976081651, 0.024566642923445483, 0.026537488440142955]"
episode_003,dominated,fast,random_equation,32,ep003_vendor_087,DashBite087,False,24.13,25,4.88,86.13,7.67,89.82,1.5,11.21,"[0.17222549999235245, 0.1364488626640459, 0.44105944634770017, 0.1886844614469638, 0.06158172954893779]"
episode_003,dominated,fast,random_equation,33,ep003_vendor_087,DashBite087,False,24.13,25,4.88,86.13,7.67,89.82,1.5,11.21,"[0.10523701779935, 0.20397623467494344, 0.2567034683951126, 0.13394618927854973, 0.3001370898520442]"
episode_003,dominated,fast,random_equation,34,ep003_vendor_001,PrimeCart001,False,23.83,28,4.84,87.52,5.68,89.09,2.31,8.31,"[0.3660451215354245, 0.12241784857804774, 0.41662868411467446, 0.08857207691536248, 0.006336268856490887]"
episode_003,dominated,fast,random_equation,35,ep003_vendor_087,DashBite087,False,24.13,25,4.88,86.13,7.67,89.82,1.5,11.21,"[0.24375086767305956, 0.09023539550679825, 0.03138579484804332, 0.42725011381186806, 0.2073778281602308]"
episode_003,dominated,fast,random_equation,36,ep003_vendor_076,RocketDrop076,False,22.45,26,4.55,83.92,5.87,85.52,1.82,4.56,"[0.5523933210024837, 0.00854446094004846, 0.058781365972707104, 0.05672982882014022, 0.32355102326462043]"
episode_003,dominated,fast,random_equation,37,ep003_vendor_087,DashBite087,False,24.13,25,4.88,86.13,7.67,89.82,1.5,11.21,"[0.022348912362018514, 0.22221122756545286, 0.3415344493961053, 0.17058762651718942, 0.2433177841592339]"
episode_003,dominated,fast,random_equation,38,ep003_vendor_087,DashBite087,False,24.13,25,4.88,86.13,7.67,89.82,1.5,11.21,"[0.0283000583994638, 0.2658257329224123, 0.18266378611959325, 0.2200568953389651, 0.3031535272195655]"
episode_003,dominated,fast,random_equation,39,ep003_vendor_029,QuickExpress029,False,26.9,40,4.75,91.12,4.6,94.5,2.93,6.96,"[0.07297928791141621, 0.05178602021944876, 0.7160521185769474, 0.09602705808728922, 0.06315551520489834]"
episode_003,dominated,fast,random_equation,40,ep003_vendor_087,DashBite087,False,24.13,25,4.88,86.13,7.67,89.82,1.5,11.21,"[0.03491017539128173, 0.32567829767986217, 0.15078425139813922, 0.11818774511310338, 0.3704395304176136]"
episode_003,dominated,fast,random_equation,41,ep003_vendor_087,DashBite087,False,24.13,25,4.88,86.13,7.67,89.82,1.5,11.21,"[0.2778745702213535, 0.05946013850307757, 0.26970043310502356, 0.10408869575130324, 0.28887616241924213]"
episode_003,dominated,fast,random_equation,42,ep003_vendor_087,DashBite087,False,24.13,25,4.88,86.13,7.67,89.82,1.5,11.21,"[0.17680327766319526, 0.238778900828961, 0.37897322435107966, 0.055287368330958944, 0.15015722882580507]"
episode_003,dominated,fast,random_equation,43,ep003_vendor_087,DashBite087,False,24.13,25,4.88,86.13,7.67,89.82,1.5,11.21,"[0.10339346445065742, 0.20074584381164187, 0.17827247029957105, 0.3648820306354146, 0.15270619080271514]"
episode_003,dominated,fast,random_equation,44,ep003_vendor_087,DashBite087,False,24.13,25,4.88,86.13,7.67,89.82,1.5,11.21,"[0.14663563179571176, 0.12082781829487153, 0.2037495935439044, 0.2493724194544974, 0.2794145369110151]"
episode_003,dominated,fast,random_equation,45,ep003_vendor_087,DashBite087,False,24.13,25,4.88,86.13,7.67,89.82,1.5,11.21,"[0.08983182425780438, 0.1492319224356701, 0.49829585005015453, 0.1180937289861462, 0.14454667427022475]"
episode_003,dominated,fast,random_equation,46,ep003_vendor_087,DashBite087,False,24.13,25,4.88,86.13,7.67,89.82,1.5,11.21,"[0.11154336624361434, 0.16831179116561448, 0.012376088213291775, 0.5317790172469421, 0.17598973713053717]"
episode_003,dominated,fast,random_equation,47,ep003_vendor_076,RocketDrop076,False,22.45,26,4.55,83.92,5.87,85.52,1.82,4.56,"[0.5742781612947849, 0.05287454663913204, 0.026082772317599392, 0.34029560130676584, 0.006468918441717921]"
episode_003,dominated,fast,random_equation,48,ep003_vendor_087,DashBite087,False,24.13,25,4.88,86.13,7.67,89.82,1.5,11.21,"[0.08814533772663322, 0.35878499307178424, 0.3667525772053897, 0.10252378548202547, 0.0837933065141675]"
episode_003,dominated,fast,random_equation,49,ep003_vendor_076,RocketDrop076,False,22.45,26,4.55,83.92,5.87,85.52,1.82,4.56,"[0.3356078763715671, 0.3292086107125885, 0.1352116269638948, 0.0835483039246701, 0.11642358202727963]"
episode_003,dominated,fast,random_equation,50,ep003_vendor_087,DashBite087,False,24.13,25,4.88,86.13,7.67,89.82,1.5,11.21,"[0.23629252073194645, 0.05049125299117502, 0.0568129901646339, 0.4117455301778712, 0.24465770593437355]"
episode_003,dominated,fast,random_equation,51,ep003_vendor_087,DashBite087,False,24.13,25,4.88,86.13,7.67,89.82,1.5,11.21,"[0.21883621273592857, 0.5199545998465883, 0.034421498196461224, 0.19692661373498352, 0.029861075486038318]"
episode_003,dominated,fast,random_equation,52,ep003_vendor_087,DashBite087,False,24.13,25,4.88,86.13,7.67,89.82,1.5,11.21,"[0.07304540385818385, 0.5482711078154338, 0.2646333554107544, 0.015819094559511998, 0.09823103835611592]"
episode_003,dominated,fast,random_equation,53,ep003_vendor_087,DashBite087,False,24.13,25,4.88,86.13,7.67,89.82,1.5,11.21,"[0.16721071200210114, 0.2426001892229015, 0.2752300165536016, 0.2915673402601199, 0.023391741961275775]"
episode_003,dominated,fast,random_equation,54,ep003_vendor_087,DashBite087,False,24.13,25,4.88,86.13,7.67,89.82,1.5,11.21,"[0.13874942223432749, 0.23536460179133165, 0.05769719641099216, 0.167121731866552, 0.4010670476967967]"
episode_003,dominated,fast,random_equation,55,ep003_vendor_076,RocketDrop076,False,22.45,26,4.55,83.92,5.87,85.52,1.82,4.56,"[0.42946244915325194, 0.15064988742012872, 0.025811019987158932, 0.07190041373335579, 0.32217622970610466]"
episode_003,dominated,fast,random_equation,56,ep003_vendor_076,RocketDrop076,False,22.45,26,4.55,83.92,5.87,85.52,1.82,4.56,"[0.6555891878664848, 0.007554917657573962, 0.19882347767680422, 0.0248667624562712, 0.113165654342866]"
episode_003,dominated,fast,random_equation,57,ep003_vendor_087,DashBite087,False,24.13,25,4.88,86.13,7.67,89.82,1.5,11.21,"[0.05772631083573276, 0.3834773729728677, 0.22755940739490776, 0.2131285988643095, 0.11810830993218228]"
episode_003,dominated,fast,random_equation,58,ep003_vendor_076,RocketDrop076,False,22.45,26,4.55,83.92,5.87,85.52,1.82,4.56,"[0.5526480878434131, 0.25194646641482354, 0.1181642514773888, 0.013271853574735657, 0.0639693406896388]"
episode_003,dominated,fast,random_equation,59,ep003_vendor_076,RocketDrop076,False,22.45,26,4.55,83.92,5.87,85.52,1.82,4.56,"[0.4409163194181198, 0.08587582000009039, 0.28674182390906605, 0.18602871509385835, 0.0004373215788654314]"
episode_003,dominated,fast,random_equation,60,ep003_vendor_087,DashBite087,False,24.13,25,4.88,86.13,7.67,89.82,1.5,11.21,"[0.08897209187876952, 0.0016412781937602749, 0.2167020856293777, 0.6446266695269581, 0.048057874771134254]"
episode_003,dominated,fast,random_equation,61,ep003_vendor_087,DashBite087,False,24.13,25,4.88,86.13,7.67,89.82,1.5,11.21,"[0.036250763979796166, 0.11269691539227515, 0.021215940706040024, 0.031220370513967238, 0.7986160094079215]"
episode_003,dominated,fast,random_equation,62,ep003_vendor_087,DashBite087,False,24.13,25,4.88,86.13,7.67,89.82,1.5,11.21,"[0.04916795797059554, 0.29835484661424305, 0.14860616144160005, 0.021565215908591905, 0.4823058180649695]"
episode_003,dominated,fast,random_equation,63,ep003_vendor_001,PrimeCart001,False,23.83,28,4.84,87.52,5.68,89.09,2.31,8.31,"[0.08319243879112688, 0.1072431456906205, 0.7005978904203437, 0.027407077833435052, 0.08155944726447378]"
episode_003,dominated,fast,random_equation,64,ep003_vendor_087,DashBite087,False,24.13,25,4.88,86.13,7.67,89.82,1.5,11.21,"[0.2811511793093933, 0.04398379545682614, 0.0868990151965897, 0.28567771021600913, 0.3022882998211817]"
episode_003,dominated,fast,random_equation,65,ep003_vendor_087,DashBite087,False,24.13,25,4.88,86.13,7.67,89.82,1.5,11.21,"[0.008658248626583277, 0.07440765615605548, 0.255962159081653, 0.610366635746296, 0.0506053003894123]"
episode_003,dominated,fast,random_equation,66,ep003_vendor_001,PrimeCart001,False,23.83,28,4.84,87.52,5.68,89.09,2.31,8.31,"[0.33416446806295147, 0.09209149568324412, 0.3064701138808403, 0.26608144863051036, 0.0011924737424539057]"
episode_003,dominated,fast,random_equation,67,ep003_vendor_087,DashBite087,False,24.13,25,4.88,86.13,7.67,89.82,1.5,11.21,"[0.027025308317235344, 0.07406074818675203, 0.16529616175512374, 0.3225857705761859, 0.411032011164703]"
episode_003,dominated,fast,random_equation,68,ep003_vendor_087,DashBite087,False,24.13,25,4.88,86.13,7.67,89.82,1.5,11.21,"[0.019060365408776654, 0.5334345156135648, 0.09564022727149657, 0.23093028098249593, 0.12093461072366617]"
episode_003,dominated,fast,random_equation,69,ep003_vendor_087,DashBite087,False,24.13,25,4.88,86.13,7.67,89.82,1.5,11.21,"[0.1383161510984084, 0.023113601718611508, 0.3074201030275112, 0.14475423191513648, 0.3863959122403324]"
episode_003,dominated,fast,random_equation,70,ep003_vendor_076,RocketDrop076,False,22.45,26,4.55,83.92,5.87,85.52,1.82,4.56,"[0.604743842242846, 0.05091524402918733, 0.28333851708142216, 0.059565417380275806, 0.0014369792662687034]"
episode_003,dominated,fast,random_equation,71,ep003_vendor_087,DashBite087,False,24.13,25,4.88,86.13,7.67,89.82,1.5,11.21,"[0.06924647976282876, 0.1523503141293584, 0.34914778448384226, 0.3066189499025531, 0.12263647172141745]"
episode_003,dominated,fast,random_equation,72,ep003_vendor_087,DashBite087,False,24.13,25,4.88,86.13,7.67,89.82,1.5,11.21,"[0.08631855694300013, 0.14883799775576712, 0.22521712380553088, 0.1265411277880203, 0.41308519370768154]"
episode_003,dominated,fast,random_equation,73,ep003_vendor_076,RocketDrop076,False,22.45,26,4.55,83.92,5.87,85.52,1.82,4.56,"[0.4815203440562377, 0.02340349236474542, 0.1126180401559474, 0.13895445336494475, 0.24350367005812454]"
episode_003,dominated,fast,random_equation,74,ep003_vendor_087,DashBite087,False,24.13,25,4.88,86.13,7.67,89.82,1.5,11.21,"[0.0727742972822365, 0.1356708886747046, 0.3611426651860004, 0.1952397780127944, 0.23517237084426398]"
episode_003,dominated,fast,random_equation,75,ep003_vendor_076,RocketDrop076,False,22.45,26,4.55,83.92,5.87,85.52,1.82,4.56,"[0.6708425502015176, 0.0052778534451698375, 0.21235064662693579, 0.021121985035381638, 0.09040696469099518]"
episode_003,dominated,fast,random_equation,76,ep003_vendor_087,DashBite087,False,24.13,25,4.88,86.13,7.67,89.82,1.5,11.21,"[0.056853352075587435, 0.3072590819246433, 0.10538523525474255, 0.4497136762267429, 0.08078865451828378]"
episode_003,dominated,fast,random_equation,77,ep003_vendor_087,DashBite087,False,24.13,25,4.88,86.13,7.67,89.82,1.5,11.21,"[0.16941345148058676, 0.3618042927455537, 0.007667125841797392, 0.08803310566926241, 0.37308202426279974]"
episode_003,dominated,fast,random_equation,78,ep003_vendor_087,DashBite087,False,24.13,25,4.88,86.13,7.67,89.82,1.5,11.21,"[0.04670044653205695, 0.046634398881647665, 0.36744148453750924, 0.3665160094562113, 0.1727076605925749]"
episode_003,dominated,fast,random_equation,79,ep003_vendor_076,RocketDrop076,False,22.45,26,4.55,83.92,5.87,85.52,1.82,4.56,"[0.3752892217741853, 0.06581294712175663, 0.2848670691051405, 0.08782344234895807, 0.18620731964995954]"
episode_003,dominated,fast,random_equation,80,ep003_vendor_087,DashBite087,False,24.13,25,4.88,86.13,7.67,89.82,1.5,11.21,"[0.11296455384013639, 0.5442436969970114, 0.14616099707229102, 0.1350927313316938, 0.0615380207588674]"
episode_003,dominated,fast,random_equation,81,ep003_vendor_087,DashBite087,False,24.13,25,4.88,86.13,7.67,89.82,1.5,11.21,"[0.03916717292571603, 0.5731783666343815, 0.12087543415612886, 0.2338530309657508, 0.03292599531802278]"
episode_003,dominated,fast,random_equation,82,ep003_vendor_087,DashBite087,False,24.13,25,4.88,86.13,7.67,89.82,1.5,11.21,"[0.021267885672462752, 0.08842517509250353, 0.43603991897367417, 0.3681806660118805, 0.08608635424947905]"
episode_003,dominated,fast,random_equation,83,ep003_vendor_076,RocketDrop076,False,22.45,26,4.55,83.92,5.87,85.52,1.82,4.56,"[0.47891212525461463, 0.021411383992513557, 0.24343903091128327, 0.16354191724747222, 0.0926955425941164]"
episode_003,dominated,fast,random_equation,84,ep003_vendor_087,DashBite087,False,24.13,25,4.88,86.13,7.67,89.82,1.5,11.21,"[0.3453863038384149, 0.07525079590198029, 0.05191333788323901, 0.4821269857574703, 0.04532257661889561]"
episode_003,dominated,fast,random_equation,85,ep003_vendor_087,DashBite087,False,24.13,25,4.88,86.13,7.67,89.82,1.5,11.21,"[0.35360973826703357, 0.0399062652424025, 0.06612905122645739, 0.28567844119218483, 0.25467650407192177]"
episode_003,dominated,fast,random_equation,86,ep003_vendor_076,RocketDrop076,False,22.45,26,4.55,83.92,5.87,85.52,1.82,4.56,"[0.5271142878060305, 0.07505596734578823, 0.05852274015120378, 0.11396297671644547, 0.22534402798053202]"
episode_003,dominated,fast,random_equation,87,ep003_vendor_001,PrimeCart001,False,23.83,28,4.84,87.52,5.68,89.09,2.31,8.31,"[0.26437583798004627, 0.12140051754406542, 0.4682708369759963, 0.10978011874965722, 0.036172688750234876]"
episode_003,dominated,fast,random_equation,88,ep003_vendor_087,DashBite087,False,24.13,25,4.88,86.13,7.67,89.82,1.5,11.21,"[0.016346989554336926, 0.10911459684175547, 0.22813415770334813, 0.58860560518528, 0.05779865071527948]"
episode_003,dominated,fast,random_equation,89,ep003_vendor_087,DashBite087,False,24.13,25,4.88,86.13,7.67,89.82,1.5,11.21,"[0.21169122840482663, 0.16396351727701688, 0.3214970678116656, 0.05905605635011542, 0.24379213015637544]"
episode_003,dominated,fast,random_equation,90,ep003_vendor_087,DashBite087,False,24.13,25,4.88,86.13,7.67,89.82,1.5,11.21,"[0.19270752750726705, 0.22619311466069356, 0.19938245969304738, 0.061087717335353696, 0.3206291808036383]"
episode_003,dominated,fast,random_equation,91,ep003_vendor_087,DashBite087,False,24.13,25,4.88,86.13,7.67,89.82,1.5,11.21,"[0.07515740459009354, 0.4744951818634871, 0.2568777124465843, 0.12849585592830182, 0.06497384517153339]"
episode_003,dominated,fast,random_equation,92,ep003_vendor_076,RocketDrop076,False,22.45,26,4.55,83.92,5.87,85.52,1.82,4.56,"[0.356910395211608, 0.1424415166766521, 0.2012552535657636, 0.02462317657966913, 0.27476965796630715]"
episode_003,dominated,fast,random_equation,93,ep003_vendor_087,DashBite087,False,24.13,25,4.88,86.13,7.67,89.82,1.5,11.21,"[0.004236740289298028, 0.051890283330090235, 0.1998260026083521, 0.2697853523553002, 0.47426162141695954]"
episode_003,dominated,fast,random_equation,94,ep003_vendor_087,DashBite087,False,24.13,25,4.88,86.13,7.67,89.82,1.5,11.21,"[0.03450735243785935, 0.2854887093774185, 0.12421047189415596, 0.5460503282035135, 0.009743138087052598]"
episode_003,dominated,fast,random_equation,95,ep003_vendor_087,DashBite087,False,24.13,25,4.88,86.13,7.67,89.82,1.5,11.21,"[0.005416249880711558, 0.19301727825480405, 0.18036289610825357, 0.18191329648596277, 0.43929027927026804]"
episode_003,dominated,fast,random_equation,96,ep003_vendor_087,DashBite087,False,24.13,25,4.88,86.13,7.67,89.82,1.5,11.21,"[0.15580175264840243, 0.03133953582124006, 0.5099076774535399, 0.006587110692751441, 0.2963639233840661]"
episode_003,dominated,fast,random_equation,97,ep003_vendor_087,DashBite087,False,24.13,25,4.88,86.13,7.67,89.82,1.5,11.21,"[0.2161347265139098, 0.3094359576155996, 0.014422619202918863, 0.21890992741938253, 0.24109676924818932]"
episode_003,dominated,fast,random_equation,98,ep003_vendor_087,DashBite087,False,24.13,25,4.88,86.13,7.67,89.82,1.5,11.21,"[0.0017832978746670542, 0.0018974059237785192, 0.4412606691650533, 0.05020809272988873, 0.5048505343066124]"
episode_003,dominated,fast,random_equation,99,ep003_vendor_011,NoshBite011,False,23.42,41,4.83,87.53,8.11,93.61,1.84,7.05,"[0.3456836100555726, 0.0007909969912298162, 0.196112167172487, 0.26956702188581283, 0.18784620389489778]"
episode_004,dominated,rating,price_first,,ep004_vendor_019,GoMeals019,False,28.04,34,4.14,77.98,8.28,82.84,1.53,4.12,
episode_004,dominated,rating,eta_first,,ep004_vendor_069,BlinkLane069,False,31.07,24,4.01,74.55,10.81,82.39,4.92,3.34,
episode_004,dominated,rating,rating_first,,ep004_vendor_053,NoshMeals053,False,35.78,35,4.89,88.15,7.22,92.59,6.12,9.1,
episode_004,dominated,rating,reliability_first,,ep004_vendor_003,QuickExpress003,False,31.12,38,4.85,89.36,6.78,94.34,3.63,7.83,
episode_004,dominated,rating,balanced_equation,,ep004_vendor_048,RocketBite048,False,29.44,25,4.36,82.26,10.43,92.53,2.65,3.21,
episode_004,dominated,rating,random_equation,0,ep004_vendor_013,FeastMeals013,False,29.53,35,4.87,86.2,6.96,88.75,2.08,4.41,"[0.4205879172828318, 0.11809693890820916, 0.21394357657068133, 0.18416511775534888, 0.06320644948292874]"
episode_004,dominated,rating,random_equation,1,ep004_vendor_078,PrimeCart078,False,29.38,25,4.08,82.38,5.62,86.54,2.14,4.97,"[0.251528281710749, 0.5575361323370114, 0.08125584281502646, 0.03545493053106495, 0.07422481260614833]"
episode_004,dominated,rating,random_equation,2,ep004_vendor_013,FeastMeals013,False,29.53,35,4.87,86.2,6.96,88.75,2.08,4.41,"[0.2037514919802566, 0.09557387388046758, 0.2684097177196441, 0.33718227025912056, 0.09508264616051097]"
episode_004,dominated,rating,random_equation,3,ep004_vendor_078,PrimeCart078,False,29.38,25,4.08,82.38,5.62,86.54,2.14,4.97,"[0.29634195086377346, 0.40013542962071447, 0.20886292103206125, 0.0016074845382023169, 0.0930522139452484]"
episode_004,dominated,rating,random_equation,4,ep004_vendor_003,QuickExpress003,False,31.12,38,4.85,89.36,6.78,94.34,3.63,7.83,"[0.18018732532842058, 0.019442504616044333, 0.6405815889763468, 0.14376085855707324, 0.016027722522115193]"
episode_004,dominated,rating,random_equation,5,ep004_vendor_019,GoMeals019,False,28.04,34,4.14,77.98,8.28,82.84,1.53,4.12,"[0.2511018757727336, 0.10552153217295239, 0.10107130736428147, 0.10140431806686644, 0.44090096662316614]"
episode_004,dominated,rating,random_equation,6,ep004_vendor_048,RocketBite048,False,29.44,25,4.36,82.26,10.43,92.53,2.65,3.21,"[0.5296948797499218, 0.27570352164562417, 0.14221996371435286, 0.040022917078675724, 0.012358717811425418]"
episode_004,dominated,rating,random_equation,7,ep004_vendor_019,GoMeals019,False,28.04,34,4.14,77.98,8.28,82.84,1.53,4.12,"[0.52298218109852, 0.11444887514279709, 0.00547115999313517, 0.00151590836044507, 0.3555818754051027]"
episode_004,dominated,rating,random_equation,8,ep004_vendor_078,PrimeCart078,False,29.38,25,4.08,82.38,5.62,86.54,2.14,4.97,"[0.2170943848422429, 0.5241301297104946, 0.026366124634329344, 0.04664249822491929, 0.18576686258801384]"
episode_004,dominated,rating,random_equation,9,ep004_vendor_013,FeastMeals013,False,29.53,35,4.87,86.2,6.96,88.75,2.08,4.41,"[0.23709473153525804, 0.16663884885431948, 0.149190983946056, 0.20250837064011132, 0.24456706502425513]"
episode_004,dominated,rating,random_equation,10,ep004_vendor_019,GoMeals019,False,28.04,34,4.14,77.98,8.28,82.84,1.53,4.12,"[0.5016076442737146, 0.10350505112986215, 0.09784045838865175, 0.023032921361312433, 0.2740139248464591]"
episode_004,dominated,rating,random_equation,11,ep004_vendor_048,RocketBite048,False,29.44,25,4.36,82.26,10.43,92.53,2.65,3.21,"[0.15975640610288583, 0.4921633279955564, 0.19711287620901272, 0.0705389798298902, 0.080428409862655]"
episode_004,dominated,rating,random_equation,12,ep004_vendor_013,FeastMeals013,False,29.53,35,4.87,86.2,6.96,88.75,2.08,4.41,"[0.26979003066559487, 0.017741267922085326, 0.39572837900684493, 0.049454410677024385, 0.2672859117284505]"
episode_004,dominated,rating,random_equation,13,ep004_vendor_093,BlinkBite093,False,33.94,26,4.84,86.91,7.27,90.88,3.13,13.23,"[0.08694599835807959, 0.3480727739522147, 0.10239913319294111, 0.2203943176324159, 0.24218777686434867]"
episode_004,dominated,rating,random_equation,14,ep004_vendor_013,FeastMeals013,False,29.53,35,4.87,86.2,6.96,88.75,2.08,4.41,"[0.0015148298578992491, 0.03225965633237065, 0.18341834213043579, 0.6882712941795012, 0.09453587749979316]"
episode_004,dominated,rating,random_equation,15,ep004_vendor_078,PrimeCart078,False,29.38,25,4.08,82.38,5.62,86.54,2.14,4.97,"[0.20189566149102842, 0.40534630232294727, 0.07355836068422408, 0.12718619039431442, 0.19201348510748578]"
episode_004,dominated,rating,random_equation,16,ep004_vendor_019,GoMeals019,False,28.04,34,4.14,77.98,8.28,82.84,1.53,4.12,"[0.5000456894676585, 0.04852429078067577, 0.048621924367087184, 0.13689730364379918, 0.26591079174077936]"
episode_004,dominated,rating,random_equation,17,ep004_vendor_093,BlinkBite093,False,33.94,26,4.84,86.91,7.27,90.88,3.13,13.23,"[0.009911288721441343, 0.12519317325067747, 0.09595548687657321, 0.5472400975024387, 0.22169995364886927]"
episode_004,dominated,rating,random_equation,18,ep004_vendor_093,BlinkBite093,False,33.94,26,4.84,86.91,7.27,90.88,3.13,13.23,"[0.05492887936749504, 0.20458844893255887, 0.3653386920376262, 0.1375719858091438, 0.23757199385317618]"
episode_004,dominated,rating,random_equation,19,ep004_vendor_078,PrimeCart078,False,29.38,25,4.08,82.38,5.62,86.54,2.14,4.97,"[0.0816055398652842, 0.3285293669671362, 0.08815275676539079, 0.05265172055797952, 0.44906061584420925]"
episode_004,dominated,rating,random_equation,20,ep004_vendor_013,FeastMeals013,False,29.53,35,4.87,86.2,6.96,88.75,2.08,4.41,"[0.2663090826165772, 0.11247118270086279, 0.14818881546808138, 0.17352864189426773, 0.29950227732021095]"
episode_004,dominated,rating,random_equation,21,ep004_vendor_093,BlinkBite093,False,33.94,26,4.84,86.91,7.27,90.88,3.13,13.23,"[0.0018398354844431297, 0.1961281916258112, 0.42281527045795025, 0.14646968056829912, 0.23274702186349638]"
episode_004,dominated,rating,random_equation,22,ep004_vendor_013,FeastMeals013,False,29.53,35,4.87,86.2,6.96,88.75,2.08,4.41,"[0.21257926507825092, 0.11379278039348666, 0.39182171704588203, 0.06016200767321661, 0.22164422980916373]"
episode_004,dominated,rating,random_equation,23,ep004_vendor_093,BlinkBite093,False,33.94,26,4.84,86.91,7.27,90.88,3.13,13.23,"[0.008064073268742816, 0.14734107971932686, 0.3505401477418773, 0.26371730816154515, 0.23033739110850798]"
episode_004,dominated,rating,random_equation,24,ep004_vendor_013,FeastMeals013,False,29.53,35,4.87,86.2,6.96,88.75,2.08,4.41,"[0.0830216884355397, 0.18052394921326456, 0.046403215428676974, 0.2526106483127875, 0.4374404986097312]"
episode_004,dominated,rating,random_equation,25,ep004_vendor_096,QuickMeals096,False,30.13,42,4.79,84.88,7.75,88.5,1.65,9.84,"[0.04479325435269875, 2.5625713298966625e-05, 0.01118238290725455, 0.1763741993711421, 0.7676245376556056]"
episode_004,dominated,rating,random_equation,26,ep004_vendor_013,FeastMeals013,False,29.53,35,4.87,86.2,6.96,88.75,2.08,4.41,"[0.276763658468482, 0.0849750045218334, 0.0766178613596389, 0.3518476091406249, 0.20979586650942078]"
episode_004,dominated,rating,random_equation,27,ep004_vendor_093,BlinkBite093,False,33.94,26,4.84,86.91,7.27,90.88,3.13,13.23,"[0.03698049044544353, 0.1636453187691222, 0.24592192223732223, 0.35068670411243064, 0.20276556443568136]"
episode_004,dominated,rating,random_equation,28,ep004_vendor_078,PrimeCart078,False,29.38,25,4.08,82.38,5.62,86.54,2.14,4.97,"[0.2063161332382203, 0.47034447224959214, 0.16395619114730028, 0.01324719675352144, 0.14613600661136592]"
episode_004,dominated,rating,random_equation,29,ep004_vendor_013,FeastMeals013,False,29.53,35,4.87,86.2,6.96,88.75,2.08,4.41,"[0.04598947457374174, 0.08769714058364017, 0.25654235678248866, 0.24968007113873544, 0.36009095692139403]"
episode_004,dominated,rating,random_equation,30,ep004_vendor_096,QuickMeals096,False,30.13,42,4.79,84.88,7.75,88.5,1.65,9.84,"[0.10610030142516642, 0.04456895779195066, 0.09031382590849797, 0.14076504203618545, 0.6182518728381995]"
episode_004,dominated,rating,random_equation,31,ep004_vendor_093,BlinkBite093,False,33.94,26,4.84,86.91,7.27,90.88,3.13,13.23,"[0.007406416713730509, 0.3639300785281639, 0.1898799244776333, 0.22504692334749227, 0.21373665693298008]"
episode_004,dominated,rating,random_equation,32,ep004_vendor_013,FeastMeals013,False,29.53,35,4.87,86.2,6.96,88.75,2.08,4.41,"[0.07985138898344249, 0.08824870376101371, 0.026302915683603868, 0.3103048023104647, 0.4952921892614751]"
episode_004,dominated,rating,random_equation,33,ep004_vendor_093,BlinkBite093,False,33.94,26,4.84,86.91,7.27,90.88,3.13,13.23,"[0.0003303556283928516, 0.07255898435782353, 0.13660831509955187, 0.7749945044710216, 0.015507840443210115]"
episode_004,dominated,rating,random_equation,34,ep004_vendor_013,FeastMeals013,False,29.53,35,4.87,86.2,6.96,88.75,2.08,4.41,"[0.30507518215131846, 0.12053933519795258, 0.06008007391402323, 0.3050268286983647, 0.20927858003834104]"
episode_004,dominated,rating,random_equation,35,ep004_vendor_013,FeastMeals013,False,29.53,35,4.87,86.2,6.96,88.75,2.08,4.41,"[0.06257810853878781, 0.04064673459344841, 0.3533593036576996, 0.31321884202411726, 0.2301970111859469]"
episode_004,dominated,rating,random_equation,36,ep004_vendor_078,PrimeCart078,False,29.38,25,4.08,82.38,5.62,86.54,2.14,4.97,"[0.38766739742748474, 0.17020342428574978, 0.169184430197575, 0.0033827248601917695, 0.2695620232289988]"
episode_004,dominated,rating,random_equation,37,ep004_vendor_093,BlinkBite093,False,33.94,26,4.84,86.91,7.27,90.88,3.13,13.23,"[0.016479512243586236, 0.13248966439594806, 0.08963374369532716, 0.5404564239804012, 0.22094065568473742]"
episode_004,dominated,rating,random_equation,38,ep004_vendor_093,BlinkBite093,False,33.94,26,4.84,86.91,7.27,90.88,3.13,13.23,"[0.04233846907963021, 0.14558797003481622, 0.27371205657521214, 0.2790912909102258, 0.2592702134001156]"
episode_004,dominated,rating,random_equation,39,ep004_vendor_013,FeastMeals013,False,29.53,35,4.87,86.2,6.96,88.75,2.08,4.41,"[0.07348767797881961, 0.065149532930466, 0.0676081141661873, 0.6330514945410884, 0.16070318038343867]"
episode_004,dominated,rating,random_equation,40,ep004_vendor_078,PrimeCart078,False,29.38,25,4.08,82.38,5.62,86.54,2.14,4.97,"[0.09328784012531048, 0.6059872456305849, 0.23526378585404137, 0.01465594839861057, 0.05080517999145257]"
episode_004,dominated,rating,random_equation,41,ep004_vendor_089,QuickCart089,False,30.13,27,4.06,83.89,6.93,91.85,1.8,5.83,"[0.18724956797516024, 0.16334183204624708, 0.4094221179403855, 0.04043243570461562, 0.19955404633359153]"
episode_004,dominated,rating,random_equation,42,ep004_vendor_048,RocketBite048,False,29.44,25,4.36,82.26,10.43,92.53,2.65,3.21,"[0.288496985210667, 0.35575217883287263, 0.16590361050669836, 0.12445911315773583, 0.06538811229202623]"
episode_004,dominated,rating,random_equation,43,ep004_vendor_013,FeastMeals013,False,29.53,35,4.87,86.2,6.96,88.75,2.08,4.41,"[0.06005095813632337, 0.0453105025074463, 0.20781517650401035, 0.5631411269569223, 0.12368223589529755]"
episode_004,dominated,rating,random_equation,44,ep004_vendor_093,BlinkBite093,False,33.94,26,4.84,86.91,7.27,90.88,3.13,13.23,"[0.0673000703778146, 0.47836380745606755, 0.17605658865449964, 0.1696278683120036, 0.10865166519961453]"
episode_004,dominated,rating,random_equation,45,ep004_vendor_093,BlinkBite093,False,33.94,26,4.84,86.91,7.27,90.88,3.13,13.23,"[0.03591103383449644, 0.6266903757984041, 0.0440400642179343, 0.2591778609908822, 0.03418066515828301]"
episode_004,dominated,rating,random_equation,46,ep004_vendor_013,FeastMeals013,False,29.53,35,4.87,86.2,6.96,88.75,2.08,4.41,"[0.07864727986695087, 0.0710753916325776, 0.2746775928008427, 0.20273939850087808, 0.3728603371987508]"
episode_004,dominated,rating,random_equation,47,ep004_vendor_013,FeastMeals013,False,29.53,35,4.87,86.2,6.96,88.75,2.08,4.41,"[0.2962762162151542, 0.05041417612985896, 0.1823266955766202, 0.13251024173020745, 0.33847267034815914]"
episode_004,dominated,rating,random_equation,48,ep004_vendor_048,RocketBite048,False,29.44,25,4.36,82.26,10.43,92.53,2.65,3.21,"[0.4789261826376428, 0.15782765756474143, 0.08095315956566963, 0.1950608477173767, 0.0872321525145694]"
episode_004,dominated,rating,random_equation,49,ep004_vendor_048,RocketBite048,False,29.44,25,4.36,82.26,10.43,92.53,2.65,3.21,"[0.3161467270749295, 0.2548144942867707, 0.22564242057654427, 0.16779088796935027, 0.03560547009240526]"
episode_004,dominated,rating,random_equation,50,ep004_vendor_089,QuickCart089,False,30.13,27,4.06,83.89,6.93,91.85,1.8,5.83,"[0.1772185660764493, 0.15594374753414503, 0.26791143717588817, 0.009368865747884793, 0.3895573834656326]"
episode_004,dominated,rating,random_equation,51,ep004_vendor_013,FeastMeals013,False,29.53,35,4.87,86.2,6.96,88.75,2.08,4.41,"[0.25545652872285707, 0.16935615148561997, 0.2678887996481574, 0.2638926041103043, 0.043405916033061015]"
episode_004,dominated,rating,random_equation,52,ep004_vendor_013,FeastMeals013,False,29.53,35,4.87,86.2,6.96,88.75,2.08,4.41,"[0.271689442908059, 0.08077454583433136, 0.15522648488890417, 0.14376908570747882, 0.3485404406612267]"
episode_004,dominated,rating,random_equation,53,ep004_vendor_048,RocketBite048,False,29.44,25,4.36,82.26,10.43,92.53,2.65,3.21,"[0.48074855422577323, 0.2171438632254048, 0.15322331793437216, 0.10834944000173188, 0.04053482461271789]"
episode_004,dominated,rating,random_equation,54,ep004_vendor_019,GoMeals019,False,28.04,34,4.14,77.98,8.28,82.84,1.53,4.12,"[0.07744451984127997, 0.09979756584950254, 0.010669828210781381, 0.1660291605983956, 0.6460589255000405]"
episode_004,dominated,rating,random_equation,55,ep004_vendor_089,QuickCart089,False,30.13,27,4.06,83.89,6.93,91.85,1.8,5.83,"[0.07859942469318905, 0.2032359267828045, 0.10478142917789081, 0.17632410014212754, 0.4370591192039882]"
episode_004,dominated,rating,random_equation,56,ep004_vendor_093,BlinkBite093,False,33.94,26,4.84,86.91,7.27,90.88,3.13,13.23,"[0.003230691085957999, 0.21612289503427748, 0.07036540753418985, 0.7029397190545996, 0.00734128729097497]"
episode_004,dominated,rating,random_equation,57,ep004_vendor_078,PrimeCart078,False,29.38,25,4.08,82.38,5.62,86.54,2.14,4.97,"[0.5106976666788723, 0.21146806172317506, 0.23240010887001847, 0.030720429412431534, 0.01471373331550277]"
episode_004,dominated,rating,random_equation,58,ep004_vendor_093,BlinkBite093,False,33.94,26,4.84,86.91,7.27,90.88,3.13,13.23,"[0.05411132670504811, 0.3531722303339973, 0.4769885933165364, 0.029880638836259674, 0.08584721080815848]"
episode_004,dominated,rating,random_equation,59,ep004_vendor_003,QuickExpress003,False,31.12,38,4.85,89.36,6.78,94.34,3.63,7.83,"[0.13502979049991726, 0.07537534811407953, 0.4767243392184508, 0.22867085998397438, 0.08419966218357798]"
episode_004,dominated,rating,random_equation,60,ep004_vendor_048,RocketBite048,False,29.44,25,4.36,82.26,10.43,92.53,2.65,3.21,"[0.0757909509439318, 0.5427922171798042, 0.0756603919851509, 0.1958074970916882, 0.10994894279942483]"
episode_004,dominated,rating,random_equation,61,ep004_vendor_093,BlinkBite093,False,33.94,26,4.84,86.91,7.27,90.88,3.13,13.23,"[0.09603406460627366, 0.5022680645067774, 0.01547745318225474, 0.33500837073573336, 0.05121204696896097]"
episode_004,dominated,rating,random_equation,62,ep004_vendor_013,FeastMeals013,False,29.53,35,4.87,86.2,6.96,88.75,2.08,4.41,"[0.4321953721643555, 0.011564046028930032, 0.3121078765238191, 0.12109297354947647, 0.12303973173341888]"
episode_004,dominated,rating,random_equation,63,ep004_vendor_013,FeastMeals013,False,29.53,35,4.87,86.2,6.96,88.75,2.08,4.41,"[0.06447209653307955, 0.08073547204337776, 0.5357919738449036, 0.006183816625436602, 0.31281664095320244]"
episode_004,dominated,rating,random_equation,64,ep004_vendor_019,GoMeals019,False,28.04,34,4.14,77.98,8.28,82.84,1.53,4.12,"[0.4363172478551456, 0.06483698031904471, 0.14236168378391242, 0.003479036522254929, 0.3530050515196424]"
episode_004,dominated,rating,random_equation,65,ep004_vendor_003,QuickExpress003,False,31.12,38,4.85,89.36,6.78,94.34,3.63,7.83,"[0.12937627338281107, 0.08522157382246186, 0.6706446587670406, 0.017425139740850998, 0.09733235428683536]"
episode_004,dominated,rating,random_equation,66,ep004_vendor_089,QuickCart089,False,30.13,27,4.06,83.89,6.93,91.85,1.8,5.83,"[0.013333851882253464, 0.04988510706773396, 0.12966117363456778, 0.015359579603632826, 0.791760287811812]"
episode_004,dominated,rating,random_equation,67,ep004_vendor_078,PrimeCart078,False,29.38,25,4.08,82.38,5.62,86.54,2.14,4.97,"[0.3988604996690014, 0.14629785933483017, 0.4487298171123368, 0.003372921889512897, 0.002738901994318861]"
episode_004,dominated,rating,random_equation,68,ep004_vendor_093,BlinkBite093,False,33.94,26,4.84,86.91,7.27,90.88,3.13,13.23,"[0.03292667885831735, 0.6375845221296135, 0.02320545237149737, 0.2613287964946493, 0.044954550145922506]"
episode_004,dominated,rating,random_equation,69,ep004_vendor_013,FeastMeals013,False,29.53,35,4.87,86.2,6.96,88.75,2.08,4.41,"[0.28537326043888656, 0.12383713812382867, 0.4202100282357977, 0.14584101616240971, 0.024738557039077257]"
episode_004,dominated,rating,random_equation,70,ep004_vendor_003,QuickExpress003,False,31.12,38,4.85,89.36,6.78,94.34,3.63,7.83,"[0.012388888241320698, 0.04887022234797111, 0.8678245073831692, 0.0623616767575477, 0.00855470526999128]"
episode_004,dominated,rating,random_equation,71,ep004_vendor_013,FeastMeals013,False,29.53,35,4.87,86.2,6.96,88.75,2.08,4.41,"[0.28038242126135016, 0.014019505824985958, 0.04492240393995912, 0.35926584103681086, 0.3014098279368938]"
episode_004,dominated,rating,random_equation,72,ep004_vendor_093,BlinkBite093,False,33.94,26,4.84,86.91,7.27,90.88,3.13,13.23,"[0.04131898536550542, 0.16123685352806197, 0.5453801188716357, 0.02700752764651679, 0.2250565145882802]"
episode_004,dominated,rating,random_equation,73,ep004_vendor_093,BlinkBite093,False,33.94,26,4.84,86.91,7.27,90.88,3.13,13.23,"[0.0005607361768037641, 0.1328155049463347, 0.6686440256856807, 0.16163031533119693, 0.036349417859983905]"
episode_004,dominated,rating,random_equation,74,ep004_vendor_019,GoMeals019,False,28.04,34,4.14,77.98,8.28,82.84,1.53,4.12,"[0.42874773798029475, 0.07252754604716567, 0.1213930251886183, 0.10283924418654115, 0.2744924465973802]"
episode_004,dominated,rating,random_equation,75,ep004_vendor_003,QuickExpress003,False,31.12,38,4.85,89.36,6.78,94.34,3.63,7.83,"[0.02861242441635884, 0.048913596289218854, 0.5185638940751051, 0.36450252745895134, 0.03940755776036577]"
episode_004,dominated,rating,random_equation,76,ep004_vendor_013,FeastMeals013,False,29.53,35,4.87,86.2,6.96,88.75,2.08,4.41,"[0.01712117158823074, 0.09084052110199353, 0.09571446867870118, 0.4242276047498859, 0.3720962338811887]"
episode_004,dominated,rating,random_equation,77,ep004_vendor_019,GoMeals019,False,28.04,34,4.14,77.98,8.28,82.84,1.53,4.12,"[0.3523745167744653, 0.005537917419339185, 0.027790713456401873, 0.15886312160291347, 0.4554337307468801]"
episode_004,dominated,rating,random_equation,78,ep004_vendor_048,RocketBite048,False,29.44,25,4.36,82.26,10.43,92.53,2.65,3.21,"[0.5175276606898919, 0.2662346051117964, 0.07512609217433101, 0.13452646288557973, 0.0065851791384010355]"
episode_004,dominated,rating,random_equation,79,ep004_vendor_078,PrimeCart078,False,29.38,25,4.08,82.38,5.62,86.54,2.14,4.97,"[0.3499477253779621, 0.1816461315477226, 0.06593890116710259, 0.022425385973471934, 0.38004185593374085]"
episode_004,dominated,rating,random_equation,80,ep004_vendor_019,GoMeals019,False,28.04,34,4.14,77.98,8.28,82.84,1.53,4.12,"[0.09416082605461554, 0.07617178765351605, 0.03409773351699476, 0.000565873306114922, 0.7950037794687587]"
episode_004,dominated,rating,random_equation,81,ep004_vendor_048,RocketBite048,False,29.44,25,4.36,82.26,10.43,92.53,2.65,3.21,"[0.1001157250951887, 0.3688510094372606, 0.1591391163152846, 0.15885252653574947, 0.21304162261651657]"
episode_004,dominated,rating,random_equation,82,ep004_vendor_048,RocketBite048,False,29.44,25,4.36,82.26,10.43,92.53,2.65,3.21,"[0.5018491507659587, 0.15040313711194706, 0.23385502389985696, 0.10829129021978008, 0.005601398002457469]"
episode_004,dominated,rating,random_equation,83,ep004_vendor_078,PrimeCart078,False,29.38,25,4.08,82.38,5.62,86.54,2.14,4.97,"[0.04230691235785721, 0.40080373438326805, 0.12703936417610434, 0.0895452606088358, 0.34030472847393467]"
episode_004,dominated,rating,random_equation,84,ep004_vendor_013,FeastMeals013,False,29.53,35,4.87,86.2,6.96,88.75,2.08,4.41,"[0.2689794922006346, 0.03234556091942162, 0.14137765218297432, 0.4028751200251098, 0.15442217467185973]"
episode_004,dominated,rating,random_equation,85,ep004_vendor_013,FeastMeals013,False,29.53,35,4.87,86.2,6.96,88.75,2.08,4.41,"[0.06782232504693482, 0.11186815299812133, 0.07513310442193825, 0.5962585649939771, 0.14891785253902856]"
episode_004,dominated,rating,random_equation,86,ep004_vendor_078,PrimeCart078,False,29.38,25,4.08,82.38,5.62,86.54,2.14,4.97,"[0.6211228661567592, 0.15245716946025348, 0.09600387681149108, 0.001230126675195464, 0.12918596089630066]"
episode_004,dominated,rating,random_equation,87,ep004_vendor_093,BlinkBite093,False,33.94,26,4.84,86.91,7.27,90.88,3.13,13.23,"[0.10498407774895384, 0.3365290539048833, 0.06171924957766286, 0.3603198758232524, 0.1364477429452477]"
episode_004,dominated,rating,random_equation,88,ep004_vendor_013,FeastMeals013,False,29.53,35,4.87,86.2,6.96,88.75,2.08,4.41,"[0.08713384825017091, 0.15504422349829983, 0.16372056220330963, 0.258284203400657, 0.3358171626475628]"
episode_004,dominated,rating,random_equation,89,ep004_vendor_093,BlinkBite093,False,33.94,26,4.84,86.91,7.27,90.88,3.13,13.23,"[0.05373770122254906, 0.13545093810329323, 0.3971616428463105, 0.23699529268700312, 0.17665442514084403]"
episode_004,dominated,rating,random_equation,90,ep004_vendor_093,BlinkBite093,False,33.94,26,4.84,86.91,7.27,90.88,3.13,13.23,"[0.050197258857519626, 0.2981353278297266, 0.19028901918627047, 0.20738354706369716, 0.253994847062786]"
episode_004,dominated,rating,random_equation,91,ep004_vendor_078,PrimeCart078,False,29.38,25,4.08,82.38,5.62,86.54,2.14,4.97,"[0.1915719843877356, 0.329477694667527, 0.22686348707163664, 0.0731726626772435, 0.17891417119585737]"
episode_004,dominated,rating,random_equation,92,ep004_vendor_096,QuickMeals096,False,30.13,42,4.79,84.88,7.75,88.5,1.65,9.84,"[0.06273656442801899, 0.07725985970640095, 0.09463945658930899, 0.20166288754067294, 0.5637012317355982]"
episode_004,dominated,rating,random_equation,93,ep004_vendor_048,RocketBite048,False,29.44,25,4.36,82.26,10.43,92.53,2.65,3.21,"[0.20439479912899153, 0.40797364661484914, 0.28892834558468844, 0.0691028124592859, 0.02960039621218495]"
episode_004,dominated,rating,random_equation,94,ep004_vendor_013,FeastMeals013,False,29.53,35,4.87,86.2,6.96,88.75,2.08,4.41,"[0.26626376540136654, 0.14858725510406354, 0.26853010874671246, 0.12432434992128748, 0.1922945208265699]"
episode_004,dominated,rating,random_equation,95,ep004_vendor_096,QuickMeals096,False,30.13,42,4.79,84.88,7.75,88.5,1.65,9.84,"[0.33320424667560816, 0.0010892980376422045, 0.09059757773374681, 0.18822484549521604, 0.3868840320577867]"
episode_004,dominated,rating,random_equation,96,ep004_vendor_013,FeastMeals013,False,29.53,35,4.87,86.2,6.96,88.75,2.08,4.41,"[0.033750481533671925, 0.14821098083745776, 0.10164126711756657, 0.4103748316604214, 0.3060224388508823]"
episode_004,dominated,rating,random_equation,97,ep004_vendor_093,BlinkBite093,False,33.94,26,4.84,86.91,7.27,90.88,3.13,13.23,"[0.04325090647575023, 0.2800629297030511, 0.1968960935723342, 0.37747506149945415, 0.10231500874941031]"
episode_004,dominated,rating,random_equation,98,ep004_vendor_013,FeastMeals013,False,29.53,35,4.87,86.2,6.96,88.75,2.08,4.41,"[0.1450647352724695, 0.009195971445506872, 0.28191435421229893, 0.3351019545576861, 0.22872298451203857]"
episode_004,dominated,rating,random_equation,99,ep004_vendor_003,QuickExpress003,False,31.12,38,4.85,89.36,6.78,94.34,3.63,7.83,"[0.044621237885717875, 0.016398374125387766, 0.45522460696180633, 0.44825538090060985, 0.035500400126478156]"
episode_005,dominated,balanced,price_first,,ep005_vendor_001,RocketFleet001,False,20.29,31,4.62,85.17,6.88,89.0,2.12,4.77,
episode_005,dominated,balanced,eta_first,,ep005_vendor_040,NoshExpress040,False,22.45,24,4.39,81.35,8.25,86.64,2.37,4.2,
episode_005,dominated,balanced,rating_first,,ep005_vendor_074,BlinkExpress074,False,25.93,30,4.88,84.48,5.96,83.7,4.09,9.88,
episode_005,dominated,balanced,reliability_first,,ep005_vendor_084,QuickCart084,False,22.88,41,4.35,89.16,4.76,94.86,3.05,3.51,
episode_005,dominated,balanced,balanced_equation,,ep005_vendor_077,NoshHub077,False,22.38,25,4.78,86.3,6.96,89.74,1.75,4.9,
episode_005,dominated,balanced,random_equation,0,ep005_vendor_077,NoshHub077,False,22.38,25,4.78,86.3,6.96,89.74,1.75,4.9,"[0.40492204733335235, 0.2623725920220552, 0.18464525509432994, 0.13352875323247393, 0.014531352317788546]"
episode_005,dominated,balanced,random_equation,1,ep005_vendor_077,NoshHub077,False,22.38,25,4.78,86.3,6.96,89.74,1.75,4.9,"[0.1822002528641719, 0.026743153320865805, 0.35855959269620824, 0.32136516275203647, 0.11113183836671757]"
episode_005,dominated,balanced,random_equation,2,ep005_vendor_077,NoshHub077,False,22.38,25,4.78,86.3,6.96,89.74,1.75,4.9,"[0.2462676291895705, 0.11890220947918936, 0.11673977721122006, 0.040693865303791224, 0.4773965188162288]"
episode_005,dominated,balanced,random_equation,3,ep005_vendor_077,NoshHub077,False,22.38,25,4.78,86.3,6.96,89.74,1.75,4.9,"[0.278139941444645, 0.1422965127933388, 0.42765038660270827, 0.08788059331418514, 0.06403256584512286]"
episode_005,dominated,balanced,random_equation,4,ep005_vendor_077,NoshHub077,False,22.38,25,4.78,86.3,6.96,89.74,1.75,4.9,"[0.20705828812331117, 0.3072863355783733, 0.09440204509224359, 0.33924852183052984, 0.05200480937554191]"
episode_005,dominated,balanced,random_equation,5,ep005_vendor_077,NoshHub077,False,22.38,25,4.78,86.3,6.96,89.74,1.75,4.9,"[0.26624964142861884, 0.11507387871226467, 0.19167329813450368, 0.3003134116330366, 0.12668977009157623]"
episode_005,dominated,balanced,random_equation,6,ep005_vendor_077,NoshHub077,False,22.38,25,4.78,86.3,6.96,89.74,1.75,4.9,"[0.42051201786929837, 0.2087918857064706, 0.017193530477159127, 0.3043654101757613, 0.04913715577131062]"
episode_005,dominated,balanced,random_equation,7,ep005_vendor_077,NoshHub077,False,22.38,25,4.78,86.3,6.96,89.74,1.75,4.9,"[0.26007947943704074, 0.1399293976247343, 0.12082140334652258, 0.46102729092214906, 0.018142428669553252]"
episode_005,dominated,balanced,random_equation,8,ep005_vendor_077,NoshHub077,False,22.38,25,4.78,86.3,6.96,89.74,1.75,4.9,"[0.041744950563855694, 0.125751784922981, 0.037245338154497126, 0.49532527775269763, 0.2999326486059686]"
episode_005,dominated,balanced,random_equation,9,ep005_vendor_077,NoshHub077,False,22.38,25,4.78,86.3,6.96,89.74,1.75,4.9,"[0.10162260762072899, 0.16399036959022997, 0.055804131343083097, 0.14620532586895163, 0.5323775655770063]"
episode_005,dominated,balanced,random_equation,10,ep005_vendor_077,NoshHub077,False,22.38,25,4.78,86.3,6.96,89.74,1.75,4.9,"[0.3828019783358428, 0.25629481071359855, 0.12480499218745551, 0.02141320159675224, 0.2146850171663509]"
episode_005,dominated,balanced,random_equation,11,ep005_vendor_077,NoshHub077,False,22.38,25,4.78,86.3,6.96,89.74,1.75,4.9,"[0.23192642783070386, 0.10604722129197909, 0.19464181629189456, 0.4529835691579125, 0.01440096542750999]"
episode_005,dominated,balanced,random_equation,12,ep005_vendor_098,GoMeals098,False,23.39,28,4.83,87.85,5.28,89.05,2.69,7.77,"[0.013943246074728872, 0.14016648841273294, 0.7058515007924784, 0.12721150685358404, 0.012827257866475754]"
episode_005,dominated,balanced,random_equation,13,ep005_vendor_077,NoshHub077,False,22.38,25,4.78,86.3,6.96,89.74,1.75,4.9,"[0.2780686180237633, 0.09801557117115547, 0.03726820741558517, 0.5465884584350893, 0.04005914495440673]"
episode_005,dominated,balanced,random_equation,14,ep005_vendor_077,NoshHub077,False,22.38,25,4.78,86.3,6.96,89.74,1.75,4.9,"[0.1891381100651068, 0.014572792192333324, 0.20878388877562715, 0.41802183490808525, 0.16948337405884742]"
episode_005,dominated,balanced,random_equation,15,ep005_vendor_001,RocketFleet001,False,20.29,31,4.62,85.17,6.88,89.0,2.12,4.77,"[0.3424019319698775, 0.056800920180047565, 0.055960794614982046, 0.1271984397673126, 0.4176379134677803]"
episode_005,dominated,balanced,random_equation,16,ep005_vendor_077,NoshHub077,False,22.38,25,4.78,86.3,6.96,89.74,1.75,4.9,"[0.015859408105878242, 0.12820011716827792, 0.6446241832721029, 0.01407178872188726, 0.19724450273185373]"
episode_005,dominated,balanced,random_equation,17,ep005_vendor_077,NoshHub077,False,22.38,25,4.78,86.3,6.96,89.74,1.75,4.9,"[0.07628104132838548, 0.20016182168181962, 0.11988975664783574, 0.5771726096739701, 0.026494770667988995]"
episode_005,dominated,balanced,random_equation,18,ep005_vendor_077,NoshHub077,False,22.38,25,4.78,86.3,6.96,89.74,1.75,4.9,"[0.18305650792744407, 0.002615497756526678, 0.07552649929851818, 0.21511324502479054, 0.5236882499927206]"
episode_005,dominated,balanced,random_equation,19,ep005_vendor_001,RocketFleet001,False,20.29,31,4.62,85.17,6.88,89.0,2.12,4.77,"[0.49494442726407867, 0.047355016402035655, 0.2263953162658342, 0.09326315903580983, 0.1380420810322417]"
episode_005,dominated,balanced,random_equation,20,ep005_vendor_077,NoshHub077,False,22.38,25,4.78,86.3,6.96,89.74,1.75,4.9,"[0.06966121490052546, 0.061973448853254974, 0.1226616713276719, 0.3465260162198618, 0.39917764869868594]"
episode_005,dominated,balanced,random_equation,21,ep005_vendor_001,RocketFleet001,False,20.29,31,4.62,85.17,6.88,89.0,2.12,4.77,"[0.2875795472329611, 0.017786375422064456, 0.37524890196843314, 0.13714738347810454, 0.18223779189843695]"
episode_005,dominated,balanced,random_equation,22,ep005_vendor_077,NoshHub077,False,22.38,25,4.78,86.3,6.96,89.74,1.75,4.9,"[0.3390216855616095, 0.1825058094982019, 0.17180100994348455, 0.03751220042982282, 0.2691592945668812]"
episode_005,dominated,balanced,random_equation,23,ep005_vendor_077,NoshHub077,False,22.38,25,4.78,86.3,6.96,89.74,1.75,4.9,"[0.1943757594366436, 0.459727389639043, 0.18750398838557408, 0.06029626600313415, 0.09809659653560511]"
episode_005,dominated,balanced,random_equation,24,ep005_vendor_077,NoshHub077,False,22.38,25,4.78,86.3,6.96,89.74,1.75,4.9,"[0.28617126921231384, 0.30139925497969283, 0.13236987818228127, 0.14578890184162727, 0.13427069578408468]"
episode_005,dominated,balanced,random_equation,25,ep005_vendor_077,NoshHub077,False,22.38,25,4.78,86.3,6.96,89.74,1.75,4.9,"[0.014194851586815164, 0.07475874572409036, 0.08241500715012201, 0.33472512066950044, 0.49390627486947203]"
episode_005,dominated,balanced,random_equation,26,ep005_vendor_001,RocketFleet001,False,20.29,31,4.62,85.17,6.88,89.0,2.12,4.77,"[0.5226377698233216, 0.1747730430813473, 0.20120496029398874, 0.021758477676768907, 0.07962574912457339]"
episode_005,dominated,balanced,random_equation,27,ep005_vendor_084,QuickCart084,False,22.88,41,4.35,89.16,4.76,94.86,3.05,3.51,"[0.15875244562274363, 0.04734852377054296, 0.7181409747038678, 0.02301329521491817, 0.05274476068792742]"
episode_005,dominated,balanced,random_equation,28,ep005_vendor_077,NoshHub077,False,22.38,25,4.78,86.3,6.96,89.74,1.75,4.9,"[0.26346345309149133, 0.13452126813525533, 0.19842855389563144, 0.0027784049989460105, 0.4008083198786758]"
episode_005,dominated,balanced,random_equation,29,ep005_vendor_077,NoshHub077,False,22.38,25,4.78,86.3,6.96,89.74,1.75,4.9,"[0.16961738679661992, 0.14682002562958607, 0.18059440016969425, 0.29578537463630805, 0.20718281276779163]"
episode_005,dominated,balanced,random_equation,30,ep005_vendor_077,NoshHub077,False,22.38,25,4.78,86.3,6.96,89.74,1.75,4.9,"[0.2629390370308932, 0.3792553267139017, 0.22364206201378586, 0.11965378872763588, 0.014509785513783298]"
episode_005,dominated,balanced,random_equation,31,ep005_vendor_077,NoshHub077,False,22.38,25,4.78,86.3,6.96,89.74,1.75,4.9,"[0.07965088862093526, 0.35249313096151014, 0.3544532951376376, 0.21227408267336104, 0.0011286026065561114]"
episode_005,dominated,balanced,random_equation,32,ep005_vendor_077,NoshHub077,False,22.38,25,4.78,86.3,6.96,89.74,1.75,4.9,"[0.022725023032261156, 0.17423464903891175, 0.01426451377627251, 0.7092653079204578, 0.07951050623209659]"
episode_005,dominated,balanced,random_equation,33,ep005_vendor_001,RocketFleet001,False,20.29,31,4.62,85.17,6.88,89.0,2.12,4.77,"[0.36079457444380625, 0.020948331188994376, 0.19214577667197827, 0.04043883395905448, 0.38567248373616664]"
episode_005,dominated,balanced,random_equation,34,ep005_vendor_001,RocketFleet001,False,20.29,31,4.62,85.17,6.88,89.0,2.12,4.77,"[0.7782759055225766, 0.04084695843490837, 0.10975785365286923, 0.06282100540703592, 0.008298276982609687]"
episode_005,dominated,balanced,random_equation,35,ep005_vendor_077,NoshHub077,False,22.38,25,4.78,86.3,6.96,89.74,1.75,4.9,"[0.05574494978389475, 0.2223941586948971, 0.04693057218323127, 0.5945248450695161, 0.08040547426846086]"
episode_005,dominated,balanced,random_equation,36,ep005_vendor_077,NoshHub077,False,22.38,25,4.78,86.3,6.96,89.74,1.75,4.9,"[0.011850835461785754, 0.08152415085262049, 0.09047188919626536, 0.09951013605638649, 0.7166429884329419]"
episode_005,dominated,balanced,random_equation,37,ep005_vendor_077,NoshHub077,False,22.38,25,4.78,86.3,6.96,89.74,1.75,4.9,"[0.05117887256973031, 0.17075700643506347, 0.15496903138817075, 0.24341829363786943, 0.3796767959691659]"
episode_005,dominated,balanced,random_equation,38,ep005_vendor_077,NoshHub077,False,22.38,25,4.78,86.3,6.96,89.74,1.75,4.9,"[0.010234858145510508, 0.3853243396760027, 0.216297841987054, 0.3448327388244872, 0.043310221366945706]"
episode_005,dominated,balanced,random_equation,39,ep005_vendor_077,NoshHub077,False,22.38,25,4.78,86.3,6.96,89.74,1.75,4.9,"[0.22736875084559383, 0.34920400134096125, 0.4028263661345306, 0.007449312922251814, 0.013151568756662409]"
episode_005,dominated,balanced,random_equation,40,ep005_vendor_001,RocketFleet001,False,20.29,31,4.62,85.17,6.88,89.0,2.12,4.77,"[0.3123453594735306, 0.03619839089470608, 0.09707623059192716, 0.025711573604006752, 0.5286684454358295]"
episode_005,dominated,balanced,random_equation,41,ep005_vendor_077,NoshHub077,False,22.38,25,4.78,86.3,6.96,89.74,1.75,4.9,"[0.15045140382083486, 0.19537064443989857, 0.3105271862220107, 0.2681199257882509, 0.07553083972900494]"
episode_005,dominated,balanced,random_equation,42,ep005_vendor_098,GoMeals098,False,23.39,28,4.83,87.85,5.28,89.05,2.69,7.77,"[0.14630955198836632, 0.0033386669992503354, 0.6202796466477488, 0.1799319044402741, 0.05014022992436054]"
episode_005,dominated,balanced,random_equation,43,ep005_vendor_001,RocketFleet001,False,20.29,31,4.62,85.17,6.88,89.0,2.12,4.77,"[0.3237458515597168, 0.004628367024893084, 0.4284284205650471, 0.20154974923157734, 0.04164761161876562]"
episode_005,dominated,balanced,random_equation,44,ep005_vendor_001,RocketFleet001,False,20.29,31,4.62,85.17,6.88,89.0,2.12,4.77,"[0.5468902430141338, 0.16395418810530826, 0.05755635723311741, 0.20252159580300727, 0.029077615844433094]"
episode_005,dominated,balanced,random_equation,45,ep005_vendor_077,NoshHub077,False,22.38,25,4.78,86.3,6.96,89.74,1.75,4.9,"[0.012879811739313516, 0.5788809754742118, 0.03144258772466439, 0.17372037506670673, 0.20307624999510349]"
episode_005,dominated,balanced,random_equation,46,ep005_vendor_077,NoshHub077,False,22.38,25,4.78,86.3,6.96,89.74,1.75,4.9,"[0.00018259249914581474, 0.04172379436986287, 0.22738238869018254, 0.5795198607751155, 0.15119136366569313]"
episode_005,dominated,balanced,random_equation,47,ep005_vendor_077,NoshHub077,False,22.38,25,4.78,86.3,6.96,89.74,1.75,4.9,"[0.24209564572488682, 0.16288673902763753, 0.23744081462138303, 0.14081982631208098, 0.21675697431401175]"
episode_005,dominated,balanced,random_equation,48,ep005_vendor_077,NoshHub077,False,22.38,25,4.78,86.3,6.96,89.74,1.75,4.9,"[0.06370969380264739, 0.13431470140332563, 0.4236138726076026, 0.3099543236063745, 0.06840740858004997]"
episode_005,dominated,balanced,random_equation,49,ep005_vendor_077,NoshHub077,False,22.38,25,4.78,86.3,6.96,89.74,1.75,4.9,"[0.42369403803109285, 0.3518016045916219, 0.023652870692711044, 0.15273201930450253, 0.04811946738007178]"
episode_005,dominated,balanced,random_equation,50,ep005_vendor_077,NoshHub077,False,22.38,25,4.78,86.3,6.96,89.74,1.75,4.9,"[0.06932508132856129, 0.6238516446234045, 0.006082887329835084, 0.1831908346684506, 0.11754955204974864]"
episode_005,dominated,balanced,random_equation,51,ep005_vendor_001,RocketFleet001,False,20.29,31,4.62,85.17,6.88,89.0,2.12,4.77,"[0.4838758994560199, 0.027352031610370052, 0.1736318036152711, 0.21701672421260734, 0.09812354110573164]"
episode_005,dominated,balanced,random_equation,52,ep005_vendor_077,NoshHub077,False,22.38,25,4.78,86.3,6.96,89.74,1.75,4.9,"[0.3483686913822794, 0.20781426279719747, 0.3117505463981781, 0.07637600629037837, 0.0556904931319667]"
episode_005,dominated,balanced,random_equation,53,ep005_vendor_001,RocketFleet001,False,20.29,31,4.62,85.17,6.88,89.0,2.12,4.77,"[0.6252520479960975, 0.07906164329040069, 0.07196073311191693, 0.02454326566223647, 0.1991823099393484]"
episode_005,dominated,balanced,random_equation,54,ep005_vendor_077,NoshHub077,False,22.38,25,4.78,86.3,6.96,89.74,1.75,4.9,"[0.23914816891397173, 0.25284144487273713, 0.06627694416384694, 0.021089021956158725, 0.42064442009328556]"
episode_005,dominated,balanced,random_equation,55,ep005_vendor_001,RocketFleet001,False,20.29,31,4.62,85.17,6.88,89.0,2.12,4.77,"[0.3580155498089042, 0.106130989247464, 0.21653437086822688, 0.0804418621763191, 0.23887722789908591]"
episode_005,dominated,balanced,random_equation,56,ep005_vendor_098,GoMeals098,False,23.39,28,4.83,87.85,5.28,89.05,2.69,7.77,"[0.07439591552300585, 0.03338693996914497, 0.613604321325392, 0.21374818130749645, 0.06486464187496069]"
episode_005,dominated,balanced,random_equation,57,ep005_vendor_077,NoshHub077,False,22.38,25,4.78,86.3,6.96,89.74,1.75,4.9,"[0.1562184604570453, 0.37123743059267084, 0.15810791356931111, 0.26810087480213174, 0.04633532057884107]"
episode_005,dominated,balanced,random_equation,58,ep005_vendor_098,GoMeals098,False,23.39,28,4.83,87.85,5.28,89.05,2.69,7.77,"[0.05637222844858294, 0.09520029617822867, 0.6116409587459452, 0.14748838410730078, 0.08929813251994256]"
episode_005,dominated,balanced,random_equation,59,ep005_vendor_077,NoshHub077,False,22.38,25,4.78,86.3,6.96,89.74,1.75,4.9,"[0.02049783364022176, 0.4045803799027642, 0.30337218133885974, 0.2216209984689217, 0.049928606649232606]"
episode_005,dominated,balanced,random_equation,60,ep005_vendor_077,NoshHub077,False,22.38,25,4.78,86.3,6.96,89.74,1.75,4.9,"[0.12365073257937025, 0.042857602872694446, 0.04302448285500815, 0.5295783752297327, 0.26088880646319446]"
episode_005,dominated,balanced,random_equation,61,ep005_vendor_077,NoshHub077,False,22.38,25,4.78,86.3,6.96,89.74,1.75,4.9,"[0.00560384810829083, 0.4337568524187535, 0.12903840540043857, 0.13140716881212763, 0.3001937252603895]"
episode_005,dominated,balanced,random_equation,62,ep005_vendor_077,NoshHub077,False,22.38,25,4.78,86.3,6.96,89.74,1.75,4.9,"[0.11911284207164692, 0.6522019203904698, 0.14043428812835465, 0.030314284172377352, 0.05793666523715131]"
episode_005,dominated,balanced,random_equation,63,ep005_vendor_077,NoshHub077,False,22.38,25,4.78,86.3,6.96,89.74,1.75,4.9,"[0.1521336637428964, 0.05150165580631466, 0.3930581896801314, 0.10192445710043548, 0.30138203367022215]"
episode_005,dominated,balanced,random_equation,64,ep005_vendor_077,NoshHub077,False,22.38,25,4.78,86.3,6.96,89.74,1.75,4.9,"[0.10229188239058014, 0.2131249684206325, 0.4849535908251477, 0.18828874044483274, 0.011340817918806983]"
episode_005,dominated,balanced,random_equation,65,ep005_vendor_077,NoshHub077,False,22.38,25,4.78,86.3,6.96,89.74,1.75,4.9,"[0.27405393429092556, 0.09629572664947318, 0.026707169078846238, 0.2825559114843779, 0.32038725849637717]"
episode_005,dominated,balanced,random_equation,66,ep005_vendor_077,NoshHub077,False,22.38,25,4.78,86.3,6.96,89.74,1.75,4.9,"[0.15025689619537091, 0.2084549342747889, 0.10115649559103694, 0.23676121630738195, 0.3033704576314214]"
episode_005,dominated,balanced,random_equation,67,ep005_vendor_001,RocketFleet001,False,20.29,31,4.62,85.17,6.88,89.0,2.12,4.77,"[0.3985237139595545, 0.011338758612402675, 0.5218418154270135, 0.03976785041617527, 0.028527861584854104]"
episode_005,dominated,balanced,random_equation,68,ep005_vendor_001,RocketFleet001,False,20.29,31,4.62,85.17,6.88,89.0,2.12,4.77,"[0.3527412336780647, 0.008073626097222073, 0.05580063136801526, 0.10269021558117493, 0.48069429327552304]"
episode_005,dominated,balanced,random_equation,69,ep005_vendor_001,RocketFleet001,False,20.29,31,4.62,85.17,6.88,89.0,2.12,4.77,"[0.5249499624622656, 0.09422514847077565, 0.08020129168456, 0.14780178081880968, 0.15282181656358904]"
episode_005,dominated,balanced,random_equation,70,ep005_vendor_077,NoshHub077,False,22.38,25,4.78,86.3,6.96,89.74,1.75,4.9,"[0.31770083311460834, 0.19711208020276008, 0.14111198003280573, 0.13652394924846525, 0.20755115740136046]"
episode_005,dominated,balanced,random_equation,71,ep005_vendor_077,NoshHub077,False,22.38,25,4.78,86.3,6.96,89.74,1.75,4.9,"[0.0723889265992974, 0.2100244932357158, 0.01457611955624639, 0.46259467301902024, 0.24041578758972015]"
episode_005,dominated,balanced,random_equation,72,ep005_vendor_077,NoshHub077,False,22.38,25,4.78,86.3,6.96,89.74,1.75,4.9,"[0.12010651549046805, 0.4731574314564393, 0.2096565285168394, 0.11114234543223954, 0.08593717910401365]"
episode_005,dominated,balanced,random_equation,73,ep005_vendor_077,NoshHub077,False,22.38,25,4.78,86.3,6.96,89.74,1.75,4.9,"[0.22653500228727913, 0.3088928876444721, 0.06180225741842457, 0.2154355593582316, 0.18733429329159268]"
episode_005,dominated,balanced,random_equation,74,ep005_vendor_077,NoshHub077,False,22.38,25,4.78,86.3,6.96,89.74,1.75,4.9,"[0.0611941609803973, 0.5464724413875548, 0.01855375723100191, 0.05776660885667858, 0.3160130315443674]"
episode_005,dominated,balanced,random_equation,75,ep005_vendor_077,NoshHub077,False,22.38,25,4.78,86.3,6.96,89.74,1.75,4.9,"[0.03175390935706651, 0.0022350064246249098, 0.39294958836722965, 0.20744674936228888, 0.36561474648878994]"
episode_005,dominated,balanced,random_equation,76,ep005_vendor_098,GoMeals098,False,23.39,28,4.83,87.85,5.28,89.05,2.69,7.77,"[0.05168690057295074, 0.11602866141274776, 0.49827995938832004, 0.24682034137984435, 0.087184137246137]"
episode_005,dominated,balanced,random_equation,77,ep005_vendor_077,NoshHub077,False,22.38,25,4.78,86.3,6.96,89.74,1.75,4.9,"[0.19732414689112607, 0.34629684102159414, 0.12957368329130212, 0.24901035731177903, 0.07779497148419866]"
episode_005,dominated,balanced,random_equation,78,ep005_vendor_077,NoshHub077,False,22.38,25,4.78,86.3,6.96,89.74,1.75,4.9,"[0.3215909528406159, 0.1301563973254016, 0.16367294407500918, 0.29147222158279507, 0.09310748417617831]"
episode_005,dominated,balanced,random_equation,79,ep005_vendor_077,NoshHub077,False,22.38,25,4.78,86.3,6.96,89.74,1.75,4.9,"[0.04899513817078284, 0.5488234164932917, 0.015223553797670457, 0.1424318835445643, 0.24452600799369076]"
episode_005,dominated,balanced,random_equation,80,ep005_vendor_077,NoshHub077,False,22.38,25,4.78,86.3,6.96,89.74,1.75,4.9,"[0.12494261780403218, 0.07217961232833497, 0.12027815069508874, 0.5695594313284449, 0.11304018784409914]"
episode_005,dominated,balanced,random_equation,81,ep005_vendor_077,NoshHub077,False,22.38,25,4.78,86.3,6.96,89.74,1.75,4.9,"[0.2836526427128604, 0.14827553520211897, 0.2989233952621323, 0.22152746000113907, 0.04762096682174928]"
episode_005,dominated,balanced,random_equation,82,ep005_vendor_077,NoshHub077,False,22.38,25,4.78,86.3,6.96,89.74,1.75,4.9,"[0.00704426073058358, 0.03365786967137341, 0.23786833074876268, 0.3274678283184358, 0.3939617105308446]"
episode_005,dominated,balanced,random_equation,83,ep005_vendor_077,NoshHub077,False,22.38,25,4.78,86.3,6.96,89.74,1.75,4.9,"[0.46908307467300603, 0.3130660742124979, 0.06206610069419973, 0.0322419847644728, 0.12354276565582352]"
episode_005,dominated,balanced,random_equation,84,ep005_vendor_077,NoshHub077,False,22.38,25,4.78,86.3,6.96,89.74,1.75,4.9,"[0.11659788933327266, 0.28945153986420824, 0.00821326161417534, 0.3311130413165122, 0.25462426787183173]"
episode_005,dominated,balanced,random_equation,85,ep005_vendor_077,NoshHub077,False,22.38,25,4.78,86.3,6.96,89.74,1.75,4.9,"[0.139743284586794, 0.2897002847330864, 0.21801724052124827, 0.24769645138090968, 0.10484273877796162]"
episode_005,dominated,balanced,random_equation,86,ep005_vendor_077,NoshHub077,False,22.38,25,4.78,86.3,6.96,89.74,1.75,4.9,"[0.20161619867190272, 0.1977521577354723, 0.19585885380071202, 0.38810941485997846, 0.016663374931934656]"
episode_005,dominated,balanced,random_equation,87,ep005_vendor_001,RocketFleet001,False,20.29,31,4.62,85.17,6.88,89.0,2.12,4.77,"[0.31091738944773384, 0.03454744085190429, 0.2644806167978647, 0.28320425169215213, 0.10685030121034503]"
episode_005,dominated,balanced,random_equation,88,ep005_vendor_077,NoshHub077,False,22.38,25,4.78,86.3,6.96,89.74,1.75,4.9,"[0.1373357172430141, 0.1451523229627674, 0.366713242258396, 0.1239305986788906, 0.22686811885693187]"
episode_005,dominated,balanced,random_equation,89,ep005_vendor_077,NoshHub077,False,22.38,25,4.78,86.3,6.96,89.74,1.75,4.9,"[0.26702915495657487, 0.1661657247419012, 0.21231003288654, 0.061680388284235624, 0.2928146991307483]"
episode_005,dominated,balanced,random_equation,90,ep005_vendor_077,NoshHub077,False,22.38,25,4.78,86.3,6.96,89.74,1.75,4.9,"[0.1497580974761613, 0.21499974272231284, 0.17540587624914902, 0.3196095675307431, 0.14022671602163386]"
episode_005,dominated,balanced,random_equation,91,ep005_vendor_077,NoshHub077,False,22.38,25,4.78,86.3,6.96,89.74,1.75,4.9,"[0.05603860566621007, 0.26901395080461415, 0.36134401837058505, 0.1895154649973545, 0.12408796016123612]"
episode_005,dominated,balanced,random_equation,92,ep005_vendor_001,RocketFleet001,False,20.29,31,4.62,85.17,6.88,89.0,2.12,4.77,"[0.39596645717438056, 0.16037438109658472, 0.04353339522234746, 0.34591503948635555, 0.05421072702033168]"
episode_005,dominated,balanced,random_equation,93,ep005_vendor_098,GoMeals098,False,23.39,28,4.83,87.85,5.28,89.05,2.69,7.77,"[0.04034395171610015, 0.14212422322648222, 0.506513636139546, 0.27588176070082343, 0.03513642821704823]"
episode_005,dominated,balanced,random_equation,94,ep005_vendor_077,NoshHub077,False,22.38,25,4.78,86.3,6.96,89.74,1.75,4.9,"[0.031718304353339846, 0.4325962814398329, 0.2921360372909799, 0.111734851777797, 0.13181452513805028]"
episode_005,dominated,balanced,random_equation,95,ep005_vendor_001,RocketFleet001,False,20.29,31,4.62,85.17,6.88,89.0,2.12,4.77,"[0.5043360380816088, 0.3214000101046952, 0.0016651132957200552, 0.07456993395470334, 0.09802890456327264]"
episode_005,dominated,balanced,random_equation,96,ep005_vendor_077,NoshHub077,False,22.38,25,4.78,86.3,6.96,89.74,1.75,4.9,"[0.21377088607051958, 0.12641734582085412, 0.034795721319770816, 0.12128150768154419, 0.5037345391073114]"
episode_005,dominated,balanced,random_equation,97,ep005_vendor_077,NoshHub077,False,22.38,25,4.78,86.3,6.96,89.74,1.75,4.9,"[0.10022713614124645, 0.05543533620096244, 0.19755383336310142, 0.17082662491924588, 0.47595706937544385]"
episode_005,dominated,balanced,random_equation,98,ep005_vendor_077,NoshHub077,False,22.38,25,4.78,86.3,6.96,89.74,1.75,4.9,"[0.11886564557538268, 0.01401828258997398, 0.07012343481262841, 0.5329835085474773, 0.26400912847453756]"
episode_005,dominated,balanced,random_equation,99,ep005_vendor_077,NoshHub077,False,22.38,25,4.78,86.3,6.96,89.74,1.75,4.9,"[0.20071760003239125, 0.09301921642563708, 0.05846255419857137, 0.3530601901270089, 0.29474043921639154]"
episode_006,dominated,value,price_first,,ep006_vendor_046,DashBite046,False,30.97,40,3.49,70.24,11.53,80.58,1.77,3.12,
episode_006,dominated,value,eta_first,,ep006_vendor_098,DashExpress098,False,34.46,24,4.77,87.65,6.82,92.03,4.54,6.1,
episode_006,dominated,value,rating_first,,ep006_vendor_001,QuickHub001,False,32.42,28,4.89,89.9,5.57,92.76,3.2,4.55,
episode_006,dominated,value,reliability_first,,ep006_vendor_001,QuickHub001,False,32.42,28,4.89,89.9,5.57,92.76,3.2,4.55,
episode_006,dominated,value,balanced_equation,,ep006_vendor_001,QuickHub001,False,32.42,28,4.89,89.9,5.57,92.76,3.2,4.55,
episode_006,dominated,value,random_equation,0,ep006_vendor_088,FeastCart088,False,32.25,25,4.59,83.78,6.26,85.61,2.31,4.93,"[0.19719273681428112, 0.27159217685044346, 0.03535007000874245, 0.25019132398907196, 0.24567369233746095]"
episode_006,dominated,value,random_equation,1,ep006_vendor_001,QuickHub001,False,32.42,28,4.89,89.9,5.57,92.76,3.2,4.55,"[0.5115109877051882, 0.03369968645478424, 0.28121184493075935, 0.054658128523135965, 0.11891935238613227]"
episode_006,dominated,value,random_equation,2,ep006_vendor_001,QuickHub001,False,32.42,28,4.89,89.9,5.57,92.76,3.2,4.55,"[0.014711607887631022, 0.3038057140039629, 0.095809280922777, 0.5006987923589101, 0.08497460482671883]"
episode_006,dominated,value,random_equation,3,ep006_vendor_001,QuickHub001,False,32.42,28,4.89,89.9,5.57,92.76,3.2,4.55,"[0.07869591664108985, 0.01718197821092395, 0.5142634351421446, 0.15576965803648093, 0.23408901196936072]"
episode_006,dominated,value,random_equation,4,ep006_vendor_098,DashExpress098,False,34.46,24,4.77,87.65,6.82,92.03,4.54,6.1,"[0.1852655000103112, 0.44391579428577105, 0.3324751670404286, 0.02593808205274947, 0.012405456610739714]"
episode_006,dominated,value,random_equation,5,ep006_vendor_001,QuickHub001,False,32.42,28,4.89,89.9,5.57,92.76,3.2,4.55,"[0.09034579026505171, 0.10196793299893064, 0.0644086120310702, 0.5356762848199075, 0.20760137988504002]"
episode_006,dominated,value,random_equation,6,ep006_vendor_088,FeastCart088,False,32.25,25,4.59,83.78,6.26,85.61,2.31,4.93,"[0.008403243949872694, 0.2894805340385078, 0.21178817395237076, 0.03240838978592396, 0.45791965827332487]"
episode_006,dominated,value,random_equation,7,ep006_vendor_001,QuickHub001,False,32.42,28,4.89,89.9,5.57,92.76,3.2,4.55,"[0.43130665394991075, 0.08158318153239069, 0.08718203085086093, 0.3332006522614658, 0.0667274814053719]"
episode_006,dominated,value,random_equation,8,ep006_vendor_001,QuickHub001,False,32.42,28,4.89,89.9,5.57,92.76,3.2,4.55,"[0.07689064319688779, 0.20368594901095596, 0.4306156897269793, 0.15156334908811658, 0.13724436897706047]"
episode_006,dominated,value,random_equation,9,ep006_vendor_088,FeastCart088,False,32.25,25,4.59,83.78,6.26,85.61,2.31,4.93,"[0.11841849763383362, 0.597850663829702, 0.030960295470811305, 0.10394400043024703, 0.14882654263540612]"
episode_006,dominated,value,random_equation,10,ep006_vendor_075,CityMeals075,False,31.38,25,3.46,77.92,8.08,88.54,1.66,3.47,"[0.4803680315402785, 0.3297851360581508, 0.07843267651117013, 0.04374161781872487, 0.06767253807167584]"
episode_006,dominated,value,random_equation,11,ep006_vendor_001,QuickHub001,False,32.42,28,4.89,89.9,5.57,92.76,3.2,4.55,"[0.4581418451176478, 0.050799329551677444, 0.10421287019814605, 0.20597256807556003, 0.18087338705696876]"
episode_006,dominated,value,random_equation,12,ep006_vendor_001,QuickHub001,False,32.42,28,4.89,89.9,5.57,92.76,3.2,4.55,"[0.045475332157353644, 0.06734071385071182, 0.3662930745197339, 0.43921438317407946, 0.0816764962981212]"
episode_006,dominated,value,random_equation,13,ep006_vendor_088,FeastCart088,False,32.25,25,4.59,83.78,6.26,85.61,2.31,4.93,"[0.07131384500633284, 0.4666349630443242, 0.14408933344304078, 0.10816098865214521, 0.209800869854157]"
episode_006,dominated,value,random_equation,14,ep006_vendor_088,FeastCart088,False,32.25,25,4.59,83.78,6.26,85.61,2.31,4.93,"[0.12210347368121499, 0.4231999582702336, 0.2942055253657969, 0.02469406915974672, 0.13579697352300785]"
episode_006,dominated,value,random_equation,15,ep006_vendor_001,QuickHub001,False,32.42,28,4.89,89.9,5.57,92.76,3.2,4.55,"[0.05492040181380384, 0.07279074838780411, 0.1868732396212411, 0.44068044029595627, 0.2447351698811946]"
episode_006,dominated,value,random_equation,16,ep006_vendor_075,CityMeals075,False,31.38,25,3.46,77.92,8.08,88.54,1.66,3.47,"[0.01217567148772725, 0.663580698086536, 0.028092144255080404, 0.037916340428920454, 0.25823514574173584]"
episode_006,dominated,value,random_equation,17,ep006_vendor_001,QuickHub001,False,32.42,28,4.89,89.9,5.57,92.76,3.2,4.55,"[0.03582825595153886, 0.2215271615839183, 0.409004180127662, 0.29786135683086506, 0.03577904550601583]"
episode_006,dominated,value,random_equation,18,ep006_vendor_088,FeastCart088,False,32.25,25,4.59,83.78,6.26,85.61,2.31,4.93,"[0.4764869213156623, 0.3344295487195181, 0.0598406516245606, 0.07818444076891301, 0.05105843757134608]"
episode_006,dominated,value,random_equation,19,ep006_vendor_075,CityMeals075,False,31.38,25,3.46,77.92,8.08,88.54,1.66,3.47,"[0.37974399697605904, 0.3717754244039381, 0.07583837402286792, 0.0296526006717047, 0.14298960392543028]"
episode_006,dominated,value,random_equation,20,ep006_vendor_001,QuickHub001,False,32.42,28,4.89,89.9,5.57,92.76,3.2,4.55,"[0.09644712387588368, 0.051487514146518934, 0.29603861220135363, 0.1657663139449716, 0.3902604358312721]"
episode_006,dominated,value,random_equation,21,ep006_vendor_001,QuickHub001,False,32.42,28,4.89,89.9,5.57,92.76,3.2,4.55,"[0.19929058024661928, 0.06849791405675343, 0.31597553585253557, 0.35315650328966414, 0.06307946655442769]"
episode_006,dominated,value,random_equation,22,ep006_vendor_001,QuickHub001,False,32.42,28,4.89,89.9,5.57,92.76,3.2,4.55,"[0.009955761104542245, 0.21859592036005934, 0.49510797416849894, 0.017354030973909064, 0.2589863133929903]"
episode_006,dominated,value,random_equation,23,ep006_vendor_001,QuickHub001,False,32.42,28,4.89,89.9,5.57,92.76,3.2,4.55,"[0.4602821764289277, 0.032081917812767084, 0.2278219449311199, 0.17936363169728928, 0.10045032912989599]"
episode_006,dominated,value,random_equation,24,ep006_vendor_001,QuickHub001,False,32.42,28,4.89,89.9,5.57,92.76,3.2,4.55,"[0.032814253132737496, 0.2470801503091769, 0.47548925613216453, 0.2005598242000877, 0.044056516225833404]"
episode_006,dominated,value,random_equation,25,ep006_vendor_075,CityMeals075,False,31.38,25,3.46,77.92,8.08,88.54,1.66,3.47,"[0.0609552561612221, 0.1004555193646414, 0.03119242213231577, 0.0024435350356672046, 0.8049532673061536]"
episode_006,dominated,value,random_equation,26,ep006_vendor_075,CityMeals075,False,31.38,25,3.46,77.92,8.08,88.54,1.66,3.47,"[0.6112139363389805, 0.2974534331342629, 0.013881215440934165, 0.07281935026595804, 0.004632064819864382]"
episode_006,dominated,value,random_equation,27,ep006_vendor_098,DashExpress098,False,34.46,24,4.77,87.65,6.82,92.03,4.54,6.1,"[0.03793448792857105, 0.5109783102656424, 0.10000529588759419, 0.264770820244242, 0.08631108567395035]"
episode_006,dominated,value,random_equation,28,ep006_vendor_098,DashExpress098,False,34.46,24,4.77,87.65,6.82,92.03,4.54,6.1,"[0.11074007290156186, 0.6631516657000329, 0.003296692450855097, 0.1839854171064929, 0.038826151841057276]"
episode_006,dominated,value,random_equation,29,ep006_vendor_075,CityMeals075,False,31.38,25,3.46,77.92,8.08,88.54,1.66,3.47,"[0.458486878554222, 0.24647910645547585, 0.11032550678421789, 0.03857682460797585, 0.14613168359810838]"
episode_006,dominated,value,random_equation,30,ep006_vendor_070,BlinkRunner070,False,33.12,32,4.56,81.47,9.63,87.82,1.54,9.1,"[0.0705330032336134, 0.038914180550642656, 0.07070663945274089, 0.038857396287553504, 0.7809887804754495]"
episode_006,dominated,value,random_equation,31,ep006_vendor_070,BlinkRunner070,False,33.12,32,4.56,81.47,9.63,87.82,1.54,9.1,"[0.03944221826901395, 0.11201641625529611, 0.0632751345278238, 0.25689696085884983, 0.5283692700890164]"
episode_006,dominated,value,random_equation,32,ep006_vendor_088,FeastCart088,False,32.25,25,4.59,83.78,6.26,85.61,2.31,4.93,"[0.17431752205173534, 0.3656943817284199, 0.2678458612785213, 0.018748518316004603, 0.17339371662531886]"
episode_006,dominated,value,random_equation,33,ep006_vendor_088,FeastCart088,False,32.25,25,4.59,83.78,6.26,85.61,2.31,4.93,"[0.1142209051996179, 0.2703446423134616, 0.13046163561099558, 0.0891172796827393, 0.3958555371931856]"
episode_006,dominated,value,random_equation,34,ep006_vendor_001,QuickHub001,False,32.42,28,4.89,89.9,5.57,92.76,3.2,4.55,"[0.14993385613502158, 0.11034062107562628, 0.36190253993297916, 0.08047051085577278, 0.29735247200060017]"
episode_006,dominated,value,random_equation,35,ep006_vendor_075,CityMeals075,False,31.38,25,3.46,77.92,8.08,88.54,1.66,3.47,"[0.5374119105143663, 0.3564059229848676, 0.09421724597597751, 0.0006105078509784964, 0.011354412673809931]"
episode_006,dominated,value,random_equation,36,ep006_vendor_001,QuickHub001,False,32.42,28,4.89,89.9,5.57,92.76,3.2,4.55,"[0.22699018537038954, 0.3837364821736316, 0.29800296752877303, 0.03869479779370403, 0.05257556713350167]"
episode_006,dominated,value,random_equation,37,ep006_vendor_001,QuickHub001,False,32.42,28,4.89,89.9,5.57,92.76,3.2,4.55,"[0.10910428508723145, 0.3207240033541854, 0.2001065845106225, 0.17819201463986417, 0.19187311240809662]"
episode_006,dominated,value,random_equation,38,ep006_vendor_001,QuickHub001,False,32.42,28,4.89,89.9,5.57,92.76,3.2,4.55,"[0.4467474253376212, 0.058979236395191495, 0.4229521029066609, 0.05418291797397474, 0.017138317386551735]"
episode_006,dominated,value,random_equation,39,ep006_vendor_070,BlinkRunner070,False,33.12,32,4.56,81.47,9.63,87.82,1.54,9.1,"[0.011078154117387023, 0.1816838296399816, 0.14800084831313703, 0.07239870454283429, 0.58683846338666]"
episode_006,dominated,value,random_equation,40,ep006_vendor_001,QuickHub001,False,32.42,28,4.89,89.9,5.57,92.76,3.2,4.55,"[0.19205130093136744, 0.15659355906670927, 0.0783696471114747, 0.3093826010357459, 0.2636028918547027]"
episode_006,dominated,value,random_equation,41,ep006_vendor_001,QuickHub001,False,32.42,28,4.89,89.9,5.57,92.76,3.2,4.55,"[0.028315725268299518, 0.31081559752789023, 0.5237334287562845, 0.05413548605204073, 0.08299976239548508]"
episode_006,dominated,value,random_equation,42,ep006_vendor_001,QuickHub001,False,32.42,28,4.89,89.9,5.57,92.76,3.2,4.55,"[0.3710496328764646, 0.018165574224785336, 0.13295198498359587, 0.39769001938756354, 0.08014278852759056]"
episode_006,dominated,value,random_equation,43,ep006_vendor_088,FeastCart088,False,32.25,25,4.59,83.78,6.26,85.61,2.31,4.93,"[0.0017483912462432822, 0.5170804621239334, 0.08743310964630097, 0.14709931639954463, 0.24663872058397765]"
episode_006,dominated,value,random_equation,44,ep006_vendor_001,QuickHub001,False,32.42,28,4.89,89.9,5.57,92.76,3.2,4.55,"[0.401988071320408, 0.15474209006606338, 0.3244684861716857, 0.0831815993764907, 0.03561975306535227]"
episode_006,dominated,value,random_equation,45,ep006_vendor_001,QuickHub001,False,32.42,28,4.89,89.9,5.57,92.76,3.2,4.55,"[0.1420244065357931, 0.2965306374629333, 0.42026112906325236, 0.021856148985139254, 0.11932767795288211]"
episode_006,dominated,value,random_equation,46,ep006_vendor_001,QuickHub001,False,32.42,28,4.89,89.9,5.57,92.76,3.2,4.55,"[0.30148279605034484, 0.045286841991381686, 0.45894077189053234, 0.040311982075274144, 0.153977607992467]"
episode_006,dominated,value,random_equation,47,ep006_vendor_098,DashExpress098,False,34.46,24,4.77,87.65,6.82,92.03,4.54,6.1,"[0.08508454493004176, 0.3716280984972083, 0.1629098151068543, 0.3557329423343964, 0.024644599131499155]"
episode_006,dominated,value,random_equation,48,ep006_vendor_001,QuickHub001,False,32.42,28,4.89,89.9,5.57,92.76,3.2,4.55,"[0.5547733401208879, 0.06912165221776674, 0.14699048531508715, 0.11325576131577796, 0.11585876103048026]"
episode_006,dominated,value,random_equation,49,ep006_vendor_001,QuickHub001,False,32.42,28,4.89,89.9,5.57,92.76,3.2,4.55,"[0.33144852647973627, 0.13828113801264527, 0.08090885277090985, 0.24740313153852703, 0.20195835119818153]"
episode_006,dominated,value,random_equation,50,ep006_vendor_001,QuickHub001,False,32.42,28,4.89,89.9,5.57,92.76,3.2,4.55,"[0.3036687805842842, 0.24270850811691738, 0.3291203469042504, 0.07970700080032403, 0.04479536359422406]"
episode_006,dominated,value,random_equation,51,ep006_vendor_001,QuickHub001,False,32.42,28,4.89,89.9,5.57,92.76,3.2,4.55,"[0.08386588645356541, 0.15340073542926072, 0.33126702602710245, 0.3252044305046319, 0.10626192158543953]"
episode_006,dominated,value,random_equation,52,ep006_vendor_001,QuickHub001,False,32.42,28,4.89,89.9,5.57,92.76,3.2,4.55,"[0.1916206911951919, 0.14007377578954486, 0.24642539571635308, 0.2056791660185046, 0.21620097128040544]"
episode_006,dominated,value,random_equation,53,ep006_vendor_001,QuickHub001,False,32.42,28,4.89,89.9,5.57,92.76,3.2,4.55,"[0.050852463717584756, 0.07574871328357778, 0.35683049513084547, 0.4186516674901983, 0.09791666037779367]"
episode_006,dominated,value,random_equation,54,ep006_vendor_001,QuickHub001,False,32.42,28,4.89,89.9,5.57,92.76,3.2,4.55,"[0.06107151231018385, 0.34250366692546824, 0.41392108115248616, 0.06331554163132147, 0.11918819798054042]"
episode_006,dominated,value,random_equation,55,ep006_vendor_075,CityMeals075,False,31.38,25,3.46,77.92,8.08,88.54,1.66,3.47,"[0.14302847253794324, 0.3751448959272753, 0.02339955758959262, 0.07737468328999879, 0.38105239065519014]"
episode_006,dominated,value,random_equation,56,ep006_vendor_087,FeastExpress087,False,33.97,41,4.72,85.6,6.89,88.89,1.51,11.02,"[0.0364540901199797, 0.016727060875700417, 0.12901718132332582, 0.055396627684825124, 0.762405039996169]"
episode_006,dominated,value,random_equation,57,ep006_vendor_075,CityMeals075,False,31.38,25,3.46,77.92,8.08,88.54,1.66,3.47,"[0.21019384398648833, 0.2931111274654331, 0.0281455029773168, 0.019085466497632278, 0.4494640590731296]"
episode_006,dominated,value,random_equation,58,ep006_vendor_088,FeastCart088,False,32.25,25,4.59,83.78,6.26,85.61,2.31,4.93,"[0.42976489563037173, 0.004741713160001727, 0.0557609247374211, 0.2087140749196084, 0.30101839155259713]"
episode_006,dominated,value,random_equation,59,ep006_vendor_001,QuickHub001,False,32.42,28,4.89,89.9,5.57,92.76,3.2,4.55,"[0.4459155535775258, 0.13906414166904318, 0.13797975494815753, 0.1799231995414207, 0.09711735026385275]"
episode_006,dominated,value,random_equation,60,ep006_vendor_001,QuickHub001,False,32.42,28,4.89,89.9,5.57,92.76,3.2,4.55,"[0.2665045273227746, 0.10256134006011063, 0.028124807298972154, 0.44698711898594307, 0.15582220633219968]"
episode_006,dominated,value,random_equation,61,ep006_vendor_031,FeastLane031,False,34.73,27,4.5,87.97,5.34,92.39,2.51,13.41,"[0.011976830429985662, 0.34601040779339043, 0.29466889008001984, 0.0060249640451405665, 0.3413189076514634]"
episode_006,dominated,value,random_equation,62,ep006_vendor_001,QuickHub001,False,32.42,28,4.89,89.9,5.57,92.76,3.2,4.55,"[0.012051184302212359, 0.013191553597350197, 0.032028511841429165, 0.7282686447484354, 0.21446010551057293]"
episode_006,dominated,value,random_equation,63,ep006_vendor_088,FeastCart088,False,32.25,25,4.59,83.78,6.26,85.61,2.31,4.93,"[0.06597677559092881, 0.4763264311765965, 0.02280440047024506, 0.23875613210799276, 0.19613626065423698]"
episode_006,dominated,value,random_equation,64,ep006_vendor_075,CityMeals075,False,31.38,25,3.46,77.92,8.08,88.54,1.66,3.47,"[0.6112086114132218, 0.012490983399219552, 0.036449114172429915, 0.09518879357976923, 0.2446624974353595]"
episode_006,dominated,value,random_equation,65,ep006_vendor_001,QuickHub001,False,32.42,28,4.89,89.9,5.57,92.76,3.2,4.55,"[0.055524329124587116, 0.09110467659823736, 0.7100776033406591, 0.051407636337144735, 0.09188575459937176]"
episode_006,dominated,value,random_equation,66,ep006_vendor_001,QuickHub001,False,32.42,28,4.89,89.9,5.57,92.76,3.2,4.55,"[0.10303259087821612, 0.1919685222805321, 0.13306381757574845, 0.3875054274321122, 0.18442964183339103]"
episode_006,dominated,value,random_equation,67,ep006_vendor_001,QuickHub001,False,32.42,28,4.89,89.9,5.57,92.76,3.2,4.55,"[0.11405643487171875, 0.05428696254349304, 0.5868524085045093, 0.19891720807744037, 0.04588698600283848]"
episode_006,dominated,value,random_equation,68,ep006_vendor_001,QuickHub001,False,32.42,28,4.89,89.9,5.57,92.76,3.2,4.55,"[0.4498926216409527, 0.06636650994840754, 0.2829795354474408, 0.19277181968735413, 0.007989513275844698]"
episode_006,dominated,value,random_equation,69,ep006_vendor_001,QuickHub001,False,32.42,28,4.89,89.9,5.57,92.76,3.2,4.55,"[0.09021570008060859, 0.3915247590955944, 0.18001302626342328, 0.21556389109332727, 0.1226826234670465]"
episode_006,dominated,value,random_equation,70,ep006_vendor_088,FeastCart088,False,32.25,25,4.59,83.78,6.26,85.61,2.31,4.93,"[0.1657920180774937, 0.24250620923508254, 0.02262896999963627, 0.14884584205369195, 0.42022696063409576]"
episode_006,dominated,value,random_equation,71,ep006_vendor_001,QuickHub001,False,32.42,28,4.89,89.9,5.57,92.76,3.2,4.55,"[0.04449639628037223, 0.279324582605687, 0.42561497224491407, 0.16379312220077946, 0.08677092666824734]"
episode_006,dominated,value,random_equation,72,ep006_vendor_001,QuickHub001,False,32.42,28,4.89,89.9,5.57,92.76,3.2,4.55,"[0.15423659052619787, 0.19667130864376606, 0.4008270646913485, 0.06166177731859891, 0.18660325882008885]"
episode_006,dominated,value,random_equation,73,ep006_vendor_088,FeastCart088,False,32.25,25,4.59,83.78,6.26,85.61,2.31,4.93,"[0.0919529845001618, 0.6164249289993452, 0.022609298745643984, 0.06660696319214587, 0.20240582456270312]"
episode_006,dominated,value,random_equation,74,ep006_vendor_001,QuickHub001,False,32.42,28,4.89,89.9,5.57,92.76,3.2,4.55,"[0.1298718674029021, 0.14121782444371633, 0.10557858403351408, 0.3784672936543283, 0.24486443046553913]"
episode_006,dominated,value,random_equation,75,ep006_vendor_088,FeastCart088,False,32.25,25,4.59,83.78,6.26,85.61,2.31,4.93,"[0.09153012919362893, 0.12464193179402269, 0.16125755183688809, 0.212635895561035, 0.4099344916144252]"
episode_006,dominated,value,random_equation,76,ep006_vendor_001,QuickHub001,False,32.42,28,4.89,89.9,5.57,92.76,3.2,4.55,"[0.04882276025989536, 0.07638971537948556, 0.31542601768668677, 0.42956593597203674, 0.1297955707018955]"
episode_006,dominated,value,random_equation,77,ep006_vendor_088,FeastCart088,False,32.25,25,4.59,83.78,6.26,85.61,2.31,4.93,"[0.4285676206437218, 0.0003148698771796696, 0.07595179823348122, 0.19303226067970278, 0.30213345056591445]"
episode_006,dominated,value,random_equation,78,ep006_vendor_088,FeastCart088,False,32.25,25,4.59,83.78,6.26,85.61,2.31,4.93,"[0.32830015985713035, 0.0726462987495373, 0.015591858349992748, 0.26172517191606076, 0.32173651112727886]"
episode_006,dominated,value,random_equation,79,ep006_vendor_098,DashExpress098,False,34.46,24,4.77,87.65,6.82,92.03,4.54,6.1,"[0.046016517389933446, 0.5148176953739994, 0.2935800195605988, 0.0031572313606460004, 0.1424285363148224]"
episode_006,dominated,value,random_equation,80,ep006_vendor_001,QuickHub001,False,32.42,28,4.89,89.9,5.57,92.76,3.2,4.55,"[0.027552010500550297, 0.07222921774290436, 0.5910745486414433, 0.15572991810721498, 0.1534143050078871]"
episode_006,dominated,value,random_equation,81,ep006_vendor_098,DashExpress098,False,34.46,24,4.77,87.65,6.82,92.03,4.54,6.1,"[0.035776681670370715, 0.8158067392595743, 0.024485599299370706, 0.06889711015359853, 0.05503386961708567]"
episode_006,dominated,value,random_equation,82,ep006_vendor_001,QuickHub001,False,32.42,28,4.89,89.9,5.57,92.76,3.2,4.55,"[0.5382543083146689, 0.0034451453240264235, 0.2966208217463582, 0.0821093668033684, 0.07957035781157805]"
episode_006,dominated,value,random_equation,83,ep006_vendor_098,DashExpress098,False,34.46,24,4.77,87.65,6.82,92.03,4.54,6.1,"[0.06733238588428775, 0.5842164537998998, 0.22337533176065183, 0.011682805143787122, 0.11339302341137344]"
episode_006,dominated,value,random_equation,84,ep006_vendor_001,QuickHub001,False,32.42,28,4.89,89.9,5.57,92.76,3.2,4.55,"[0.4679113004113077, 0.047556311346776625, 0.3678823387434367, 0.08990274551303552, 0.026747303985443355]"
episode_006,dominated,value,random_equation,85,ep006_vendor_001,QuickHub001,False,32.42,28,4.89,89.9,5.57,92.76,3.2,4.55,"[0.18029628854304328, 0.22190768441173703, 0.27451233350915444, 0.28677692353407025, 0.03650677000199495]"
episode_006,dominated,value,random_equation,86,ep006_vendor_088,FeastCart088,False,32.25,25,4.59,83.78,6.26,85.61,2.31,4.93,"[0.20812150485446607, 0.2906044368474522, 0.23175694712687503, 0.020695156478052857, 0.24882195469315382]"
episode_006,dominated,value,random_equation,87,ep006_vendor_088,FeastCart088,False,32.25,25,4.59,83.78,6.26,85.61,2.31,4.93,"[0.4226512994533116, 0.09090917502611204, 0.02892777163939299, 0.19435639275722336, 0.26315536112396004]"
episode_006,dominated,value,random_equation,88,ep006_vendor_001,QuickHub001,False,32.42,28,4.89,89.9,5.57,92.76,3.2,4.55,"[0.2014482159604167, 0.023815511085121158, 0.5401803645967249, 0.21733206563629281, 0.01722384272144443]"
episode_006,dominated,value,random_equation,89,ep006_vendor_001,QuickHub001,False,32.42,28,4.89,89.9,5.57,92.76,3.2,4.55,"[0.3630910338593561, 0.022817744050806787, 0.14418981481269524, 0.15908221274894474, 0.31081919452819706]"
episode_006,dominated,value,random_equation,90,ep006_vendor_088,FeastCart088,False,32.25,25,4.59,83.78,6.26,85.61,2.31,4.93,"[0.22076810120448492, 0.17892293494200945, 0.11463214737209343, 0.12476753698123874, 0.3609092795001734]"
episode_006,dominated,value,random_equation,91,ep006_vendor_001,QuickHub001,False,32.42,28,4.89,89.9,5.57,92.76,3.2,4.55,"[0.10991117716026078, 0.20763792747159274, 0.5804612665920315, 0.004206635076831755, 0.09778299369928345]"
episode_006,dominated,value,random_equation,92,ep006_vendor_001,QuickHub001,False,32.42,28,4.89,89.9,5.57,92.76,3.2,4.55,"[0.06471552939198663, 0.02830618706656805, 0.46323378238087265, 0.18099491187872038, 0.2627495892818523]"
episode_006,dominated,value,random_equation,93,ep006_vendor_070,BlinkRunner070,False,33.12,32,4.56,81.47,9.63,87.82,1.54,9.1,"[0.0987273867711508, 0.04272156636409432, 0.09951662672257787, 0.02528082419857622, 0.7337535959436009]"
episode_006,dominated,value,random_equation,94,ep006_vendor_001,QuickHub001,False,32.42,28,4.89,89.9,5.57,92.76,3.2,4.55,"[0.25434348405646573, 0.08100037760519267, 0.1353632890848487, 0.22717000323501227, 0.3021228460184807]"
episode_006,dominated,value,random_equation,95,ep006_vendor_087,FeastExpress087,False,33.97,41,4.72,85.6,6.89,88.89,1.51,11.02,"[0.012971155145020173, 0.043336100549689206, 0.08982238910291203, 0.004961032514731705, 0.8489093226876469]"
episode_006,dominated,value,random_equation,96,ep006_vendor_088,FeastCart088,False,32.25,25,4.59,83.78,6.26,85.61,2.31,4.93,"[0.13587405988323986, 0.23232088544716037, 0.11288915700787752, 0.24512639507795758, 0.2737895025837647]"
episode_006,dominated,value,random_equation,97,ep006_vendor_098,DashExpress098,False,34.46,24,4.77,87.65,6.82,92.03,4.54,6.1,"[0.04501287629103065, 0.6737716724373068, 0.01126429612377685, 0.20908335219956323, 0.06086780294832229]"
episode_006,dominated,value,random_equation,98,ep006_vendor_075,CityMeals075,False,31.38,25,3.46,77.92,8.08,88.54,1.66,3.47,"[0.4003382208363937, 0.2632440497849148, 0.0018321061658503695, 0.0642274705522494, 0.27035815266059177]"
episode_006,dominated,value,random_equation,99,ep006_vendor_001,QuickHub001,False,32.42,28,4.89,89.9,5.57,92.76,3.2,4.55,"[0.10341698623904216, 0.0817842072247494, 0.6171098132766349, 0.1735745281762149, 0.024114465083358447]"
episode_007,dominated,fast,price_first,,ep007_vendor_095,PrimeBite095,False,54.66,40,3.77,77.59,8.79,86.42,1.57,4.43,
episode_007,dominated,fast,eta_first,,ep007_vendor_070,NoshBite070,False,59.86,25,4.44,79.96,9.96,86.76,2.7,4.75,
episode_007,dominated,fast,rating_first,,ep007_vendor_001,CityFleet001,False,55.79,31,4.9,84.34,7.52,86.11,2.61,6.79,
episode_007,dominated,fast,reliability_first,,ep007_vendor_061,DashBite061,False,57.7,34,4.86,89.96,5.85,93.66,5.04,3.66,
episode_007,dominated,fast,balanced_equation,,ep007_vendor_039,PrimeNow039,False,56.07,30,4.51,85.32,6.52,89.61,1.67,8.76,
episode_007,dominated,fast,random_equation,0,ep007_vendor_039,PrimeNow039,False,56.07,30,4.51,85.32,6.52,89.61,1.67,8.76,"[0.16742006164045475, 0.23655627997270484, 0.37213663191287777, 0.06520585557923414, 0.15868117089472852]"
episode_007,dominated,fast,random_equation,1,ep007_vendor_070,NoshBite070,False,59.86,25,4.44,79.96,9.96,86.76,2.7,4.75,"[0.044893023596576216, 0.48567701878580094, 0.17772442988038048, 0.02778810721698613, 0.26391742052025624]"
episode_007,dominated,fast,random_equation,2,ep007_vendor_039,PrimeNow039,False,56.07,30,4.51,85.32,6.52,89.61,1.67,8.76,"[0.3679290366136781, 0.09714128928728748, 0.027417476219598984, 0.03922350368634168, 0.46828869419309377]"
episode_007,dominated,fast,random_equation,3,ep007_vendor_039,PrimeNow039,False,56.07,30,4.51,85.32,6.52,89.61,1.67,8.76,"[0.45950968955156374, 0.18152149167961013, 0.058479003798349784, 0.13921820882576813, 0.16127160614470823]"
episode_007,dominated,fast,random_equation,4,ep007_vendor_041,QuickRunner041,False,55.62,40,4.89,86.47,9.3,93.3,1.51,6.65,"[0.32529244015290343, 0.03917835355404861, 0.03263889706539109, 0.39331260435531257, 0.20957770487234426]"
episode_007,dominated,fast,random_equation,5,ep007_vendor_039,PrimeNow039,False,56.07,30,4.51,85.32,6.52,89.61,1.67,8.76,"[0.19626588231844863, 0.2715154815968109, 0.0261332302638939, 0.07560649538774093, 0.4304789104331057]"
episode_007,dominated,fast,random_equation,6,ep007_vendor_041,QuickRunner041,False,55.62,40,4.89,86.47,9.3,93.3,1.51,6.65,"[0.474348361866757, 0.03429588840087561, 0.22518815398308178, 0.14144857715937564, 0.12471901858990998]"
episode_007,dominated,fast,random_equation,7,ep007_vendor_074,GoCart074,False,59.72,27,4.69,88.81,7.72,96.5,3.7,10.99,"[0.11955888361006557, 0.2594254641371728, 0.2682001691312109, 0.21181829034801883, 0.14099719277353187]"
episode_007,dominated,fast,random_equation,8,ep007_vendor_001,CityFleet001,False,55.79,31,4.9,84.34,7.52,86.11,2.61,6.79,"[0.24599064343264665, 0.11084175071364426, 0.35901577316041977, 0.214056821613036, 0.07009501108025327]"
episode_007,dominated,fast,random_equation,9,ep007_vendor_074,GoCart074,False,59.72,27,4.69,88.81,7.72,96.5,3.7,10.99,"[0.19533699389021833, 0.2793761714396704, 0.26174767319701286, 0.21776382047354226, 0.045775340999556005]"
episode_007,dominated,fast,random_equation,10,ep007_vendor_041,QuickRunner041,False,55.62,40,4.89,86.47,9.3,93.3,1.51,6.65,"[0.3324304499652491, 0.000626892664626523, 0.1710423540011362, 0.34856413073702797, 0.1473361726319601]"
episode_007,dominated,fast,random_equation,11,ep007_vendor_074,GoCart074,False,59.72,27,4.69,88.81,7.72,96.5,3.7,10.99,"[0.217021358103271, 0.3084089347910535, 0.4173761141644922, 0.040524399563509714, 0.01666919337767341]"
episode_007,dominated,fast,random_equation,12,ep007_vendor_041,QuickRunner041,False,55.62,40,4.89,86.47,9.3,93.3,1.51,6.65,"[0.12336309304977798, 0.10013689250815677, 0.31732953853946916, 0.14892374126570207, 0.31024673463689406]"
episode_007,dominated,fast,random_equation,13,ep007_vendor_041,QuickRunner041,False,55.62,40,4.89,86.47,9.3,93.3,1.51,6.65,"[0.154351639874742, 0.11076888690092876, 0.2840845203137762, 0.24416154189263, 0.20663341101792312]"
episode_007,dominated,fast,random_equation,14,ep007_vendor_041,QuickRunner041,False,55.62,40,4.89,86.47,9.3,93.3,1.51,6.65,"[0.01727517553675413, 0.10557905683065798, 0.2280790650172873, 0.2672045076491677, 0.38186219496613294]"
episode_007,dominated,fast,random_equation,15,ep007_vendor_039,PrimeNow039,False,56.07,30,4.51,85.32,6.52,89.61,1.67,8.76,"[0.25044315746672935, 0.09969865298567122, 0.13860727536682843, 0.08588462733428444, 0.42536628684648653]"
episode_007,dominated,fast,random_equation,16,ep007_vendor_074,GoCart074,False,59.72,27,4.69,88.81,7.72,96.5,3.7,10.99,"[0.08447575478035363, 0.45738395060508963, 0.21986786403970843, 0.14607625465125623, 0.09219617592359236]"
episode_007,dominated,fast,random_equation,17,ep007_vendor_074,GoCart074,False,59.72,27,4.69,88.81,7.72,96.5,3.7,10.99,"[0.15073201595065802, 0.4140369404217831, 0.11247931768867198, 0.25802106138307174, 0.06473066455581525]"
episode_007,dominated,fast,random_equation,18,ep007_vendor_039,PrimeNow039,False,56.07,30,4.51,85.32,6.52,89.61,1.67,8.76,"[0.06599182556829318, 0.2859141050863591, 0.26175956011783563, 0.10055323635212017, 0.28578127287539185]"
episode_007,dominated,fast,random_equation,19,ep007_vendor_041,QuickRunner041,False,55.62,40,4.89,86.47,9.3,93.3,1.51,6.65,"[0.3879654619750498, 0.05177927352712672, 0.33225953347577375, 0.14271305319574776, 0.08528267782630217]"
episode_007,dominated,fast,random_equation,20,ep007_vendor_041,QuickRunner041,False,55.62,40,4.89,86.47,9.3,93.3,1.51,6.65,"[0.22974541380837055, 0.0886185073644863, 0.145127293871429, 0.1275459009154202, 0.40896288404029396]"
episode_007,dominated,fast,random_equation,21,ep007_vendor_041,QuickRunner041,False,55.62,40,4.89,86.47,9.3,93.3,1.51,6.65,"[0.23008206186013416, 0.003978645073783708, 0.020212639346072245, 0.22730498350516884, 0.518421670214841]"
episode_007,dominated,fast,random_equation,22,ep007_vendor_041,QuickRunner041,False,55.62,40,4.89,86.47,9.3,93.3,1.51,6.65,"[0.4841534606980222, 0.02471289428069815, 0.06139818639337639, 0.16282433642712754, 0.2669111222007759]"
episode_007,dominated,fast,random_equation,23,ep007_vendor_070,NoshBite070,False,59.86,25,4.44,79.96,9.96,86.76,2.7,4.75,"[0.16403601942357782, 0.6206841652899141, 0.032801947285214995, 0.04773640230375343, 0.13474146569753964]"
episode_007,dominated,fast,random_equation,24,ep007_vendor_074,GoCart074,False,59.72,27,4.69,88.81,7.72,96.5,3.7,10.99,"[0.22271546499202552, 0.13995050769641226, 0.466781682386133, 0.10321792943698282, 0.06733441548844638]"
episode_007,dominated,fast,random_equation,25,ep007_vendor_041,QuickRunner041,False,55.62,40,4.89,86.47,9.3,93.3,1.51,6.65,"[0.08158889210515773, 0.01234626748657464, 0.5152525059716337, 0.0022728765394384723, 0.38853945789719535]"
episode_007,dominated,fast,random_equation,26,ep007_vendor_074,GoCart074,False,59.72,27,4.69,88.81,7.72,96.5,3.7,10.99,"[0.05926582823924794, 0.40543228092238287, 0.520971874762349, 0.01235153553008429, 0.00197848054593605]"
episode_007,dominated,fast,random_equation,27,ep007_vendor_041,QuickRunner041,False,55.62,40,4.89,86.47,9.3,93.3,1.51,6.65,"[0.5665617493014361, 0.021843043589176804, 0.28095958714782704, 0.02563446844274993, 0.10500115151881009]"
episode_007,dominated,fast,random_equation,28,ep007_vendor_041,QuickRunner041,False,55.62,40,4.89,86.47,9.3,93.3,1.51,6.65,"[0.03933369758490676, 0.031879469605746995, 0.40507115248697484, 0.22695911230099974, 0.2967565680213716]"
episode_007,dominated,fast,random_equation,29,ep007_vendor_039,PrimeNow039,False,56.07,30,4.51,85.32,6.52,89.61,1.67,8.76,"[0.112089591752584, 0.301847119735438, 0.061069835432172564, 0.17128847282426726, 0.35370498025553815]"
episode_007,dominated,fast,random_equation,30,ep007_vendor_074,GoCart074,False,59.72,27,4.69,88.81,7.72,96.5,3.7,10.99,"[0.16814382520592433, 0.5304071662167007, 0.249726104963703, 0.009818412723857058, 0.04190449088981462]"
episode_007,dominated,fast,random_equation,31,ep007_vendor_070,NoshBite070,False,59.86,25,4.44,79.96,9.96,86.76,2.7,4.75,"[0.07587880211383459, 0.7990174102282779, 0.02020836414389469, 0.013180241024941666, 0.09171518248905133]"
episode_007,dominated,fast,random_equation,32,ep007_vendor_039,PrimeNow039,False,56.07,30,4.51,85.32,6.52,89.61,1.67,8.76,"[0.11186331351210023, 0.16304926058062277, 0.018131147087866995, 0.3099667237424492, 0.39698955507696065]"
episode_007,dominated,fast,random_equation,33,ep007_vendor_041,QuickRunner041,False,55.62,40,4.89,86.47,9.3,93.3,1.51,6.65,"[0.5425922434087188, 0.05079133385814663, 0.18853037694535296, 0.15215720929875579, 0.06592883648902585]"
episode_007,dominated,fast,random_equation,34,ep007_vendor_074,GoCart074,False,59.72,27,4.69,88.81,7.72,96.5,3.7,10.99,"[0.17059238333945487, 0.2644422096705322, 0.34215752168215746, 0.13163084236305606, 0.0911770429447994]"
episode_007,dominated,fast,random_equation,35,ep007_vendor_074,GoCart074,False,59.72,27,4.69,88.81,7.72,96.5,3.7,10.99,"[0.015773277681313803, 0.39689247514884773, 0.274904171547676, 0.14857277649879008, 0.16385729912337246]"
episode_007,dominated,fast,random_equation,36,ep007_vendor_041,QuickRunner041,False,55.62,40,4.89,86.47,9.3,93.3,1.51,6.65,"[0.2022036439452288, 0.03207292524156817, 0.4816849836299091, 0.0659098783592656, 0.21812856882402834]"
episode_007,dominated,fast,random_equation,37,ep007_vendor_041,QuickRunner041,False,55.62,40,4.89,86.47,9.3,93.3,1.51,6.65,"[0.0946809202376247, 0.04730541512567802, 0.5841693554647102, 0.13208387555832954, 0.14176043361365753]"
episode_007,dominated,fast,random_equation,38,ep007_vendor_074,GoCart074,False,59.72,27,4.69,88.81,7.72,96.5,3.7,10.99,"[0.044822149160821514, 0.5263423064548526, 0.2928400422633874, 0.044456575791105166, 0.09153892632983333]"
episode_007,dominated,fast,random_equation,39,ep007_vendor_061,DashBite061,False,57.7,34,4.86,89.96,5.85,93.66,5.04,3.66,"[0.0984031210287441, 0.0017881291309452523, 0.7237727290671452, 0.0796869919423935, 0.09634902883077207]"
episode_007,dominated,fast,random_equation,40,ep007_vendor_001,CityFleet001,False,55.79,31,4.9,84.34,7.52,86.11,2.61,6.79,"[0.16680818258011626, 0.04966101232498107, 0.055110888513652645, 0.6448226720399426, 0.08359724454130742]"
episode_007,dominated,fast,random_equation,41,ep007_vendor_095,PrimeBite095,False,54.66,40,3.77,77.59,8.79,86.42,1.57,4.43,"[0.31181388254700787, 0.029718959036771023, 0.0005618935599320346, 0.004159306596409461, 0.6537459582598796]"
episode_007,dominated,fast,random_equation,42,ep007_vendor_074,GoCart074,False,59.72,27,4.69,88.81,7.72,96.5,3.7,10.99,"[0.07913074052956506, 0.2264363076953143, 0.43145526098360987, 0.0949457071344794, 0.16803198365703143]"
episode_007,dominated,fast,random_equation,43,ep007_vendor_041,QuickRunner041,False,55.62,40,4.89,86.47,9.3,93.3,1.51,6.65,"[0.29365492720850916, 0.061325568595130976, 0.11937916479176722, 0.03317476405167403, 0.4924655753529186]"
episode_007,dominated,fast,random_equation,44,ep007_vendor_074,GoCart074,False,59.72,27,4.69,88.81,7.72,96.5,3.7,10.99,"[0.039795872146072706, 0.3619737619853982, 0.044557498484128336, 0.516708987108503, 0.03696388027589781]"
episode_007,dominated,fast,random_equation,45,ep007_vendor_039,PrimeNow039,False,56.07,30,4.51,85.32,6.52,89.61,1.67,8.76,"[0.1135371769573581, 0.26690051502218604, 0.020894022453052878, 0.08806273407891885, 0.5106055514884841]"
episode_007,dominated,fast,random_equation,46,ep007_vendor_039,PrimeNow039,False,56.07,30,4.51,85.32,6.52,89.61,1.67,8.76,"[0.009271137511024288, 0.06804832010695858, 0.009038775488429188, 0.008210993667414443, 0.9054307732261734]"
episode_007,dominated,fast,random_equation,47,ep007_vendor_049,CityDrop049,False,58.08,26,4.48,82.43,7.67,86.73,2.68,4.97,"[0.26082788729579715, 0.44500567065876406, 0.028717439122974472, 0.03967523490008396, 0.22577376802238033]"
episode_007,dominated,fast,random_equation,48,ep007_vendor_039,PrimeNow039,False,56.07,30,4.51,85.32,6.52,89.61,1.67,8.76,"[0.08546930779581956, 0.13218762088372185, 0.3304290152589474, 0.05495841656802056, 0.39695563949349055]"
episode_007,dominated,fast,random_equation,49,ep007_vendor_096,GoFleet096,False,60.56,28,4.77,89.83,5.63,93.83,4.63,11.72,"[0.04394093209191236, 0.09281096837184587, 0.8191028288460113, 0.010843896752019026, 0.033301373938211226]"
episode_007,dominated,fast,random_equation,50,ep007_vendor_039,PrimeNow039,False,56.07,30,4.51,85.32,6.52,89.61,1.67,8.76,"[0.12261651140542813, 0.09534381953254908, 0.5072973578262997, 0.01950747692938077, 0.2552348343063422]"
episode_007,dominated,fast,random_equation,51,ep007_vendor_039,PrimeNow039,False,56.07,30,4.51,85.32,6.52,89.61,1.67,8.76,"[0.4084014730929107, 0.12714003157944284, 0.10512071126596967, 0.000687789269541681, 0.35864999479213516]"
episode_007,dominated,fast,random_equation,52,ep007_vendor_001,CityFleet001,False,55.79,31,4.9,84.34,7.52,86.11,2.61,6.79,"[0.36531310294027186, 0.18546110343559424, 0.1543652513453003, 0.2659728197432024, 0.02888772253563125]"
episode_007,dominated,fast,random_equation,53,ep007_vendor_001,CityFleet001,False,55.79,31,4.9,84.34,7.52,86.11,2.61,6.79,"[0.35609347219816334, 0.1398003809749366, 0.045006968552875795, 0.3577740354694924, 0.10132514280453173]"
episode_007,dominated,fast,random_equation,54,ep007_vendor_041,QuickRunner041,False,55.62,40,4.89,86.47,9.3,93.3,1.51,6.65,"[0.08364920147310335, 0.040482911494941404, 0.35274924818692543, 0.38694998618394366, 0.13616865266108616]"
episode_007,dominated,fast,random_equation,55,ep007_vendor_070,NoshBite070,False,59.86,25,4.44,79.96,9.96,86.76,2.7,4.75,"[0.13117974063375262, 0.5071248906592585, 0.08006060829164209, 0.03757899665244176, 0.24405576376290505]"
episode_007,dominated,fast,random_equation,56,ep007_vendor_041,QuickRunner041,False,55.62,40,4.89,86.47,9.3,93.3,1.51,6.65,"[0.4012681001151214, 0.028007079556703604, 0.28414290824906374, 0.24932143945301088, 0.03726047262610032]"
episode_007,dominated,fast,random_equation,57,ep007_vendor_074,GoCart074,False,59.72,27,4.69,88.81,7.72,96.5,3.7,10.99,"[0.1102205496503462, 0.6360695585744571, 0.2044449192334128, 0.04831393909620669, 0.0009510334455772305]"
episode_007,dominated,fast,random_equation,58,ep007_vendor_041,QuickRunner041,False,55.62,40,4.89,86.47,9.3,93.3,1.51,6.65,"[0.23958866194766534, 0.07707953364581227, 0.27717159825339344, 0.10771422946795732, 0.2984459766851717]"
episode_007,dominated,fast,random_equation,59,ep007_vendor_041,QuickRunner041,False,55.62,40,4.89,86.47,9.3,93.3,1.51,6.65,"[0.6918931554737414, 0.021243093015782942, 0.1475313863622597, 0.12761086190828622, 0.011721503239929681]"
episode_007,dominated,fast,random_equation,60,ep007_vendor_061,DashBite061,False,57.7,34,4.86,89.96,5.85,93.66,5.04,3.66,"[0.038146457788500725, 0.059248879943177984, 0.21476660150438986, 0.6861349715758004, 0.001703089188130904]"
episode_007,dominated,fast,random_equation,61,ep007_vendor_001,CityFleet001,False,55.79,31,4.9,84.34,7.52,86.11,2.61,6.79,"[0.03571690464235295, 0.010865913795543518, 0.043046523663373235, 0.8873516001795766, 0.023019057719153715]"
episode_007,dominated,fast,random_equation,62,ep007_vendor_096,GoFleet096,False,60.56,28,4.77,89.83,5.63,93.83,4.63,11.72,"[0.02092854392935117, 0.1000387745116443, 0.5774082888598507, 0.28635922465599, 0.015265168043163805]"
episode_007,dominated,fast,random_equation,63,ep007_vendor_039,PrimeNow039,False,56.07,30,4.51,85.32,6.52,89.61,1.67,8.76,"[0.0018555246742026404, 0.2973588101185268, 0.3781455058080366, 0.04915669558981804, 0.2734834638094159]"
episode_007,dominated,fast,random_equation,64,ep007_vendor_074,GoCart074,False,59.72,27,4.69,88.81,7.72,96.5,3.7,10.99,"[0.0822735537211163, 0.35185649072962577, 0.34400402751663844, 0.1543707448941245, 0.06749518313849497]"
episode_007,dominated,fast,random_equation,65,ep007_vendor_001,CityFleet001,False,55.79,31,4.9,84.34,7.52,86.11,2.61,6.79,"[0.045304530183079686, 0.16307511068426914, 0.09293930195685339, 0.6181343580535651, 0.0805466991222327]"
episode_007,dominated,fast,random_equation,66,ep007_vendor_001,CityFleet001,False,55.79,31,4.9,84.34,7.52,86.11,2.61,6.79,"[0.35544784104564076, 0.26859071032694815, 0.0208005735073561, 0.3211311892458257, 0.03402968587422929]"
episode_007,dominated,fast,random_equation,67,ep007_vendor_074,GoCart074,False,59.72,27,4.69,88.81,7.72,96.5,3.7,10.99,"[0.04654935911223072, 0.665641155149531, 0.2285109650425696, 0.02931286034606709, 0.029985660349601744]"
episode_007,dominated,fast,random_equation,68,ep007_vendor_049,CityDrop049,False,58.08,26,4.48,82.43,7.67,86.73,2.68,4.97,"[0.19157521670214864, 0.6013030441324925, 0.14388474072479304, 0.013377508360207438, 0.04985949008035834]"
episode_007,dominated,fast,random_equation,69,ep007_vendor_041,QuickRunner041,False,55.62,40,4.89,86.47,9.3,93.3,1.51,6.65,"[0.021141168126966522, 0.019885569242814073, 0.302463043144319, 0.09870996203962311, 0.5578002574462774]"
episode_007,dominated,fast,random_equation,70,ep007_vendor_041,QuickRunner041,False,55.62,40,4.89,86.47,9.3,93.3,1.51,6.65,"[0.18428234312248995, 0.07744474468719728, 0.47993813366958604, 0.126974852644635, 0.13135992587609174]"
episode_007,dominated,fast,random_equation,71,ep007_vendor_039,PrimeNow039,False,56.07,30,4.51,85.32,6.52,89.61,1.67,8.76,"[0.08343078822014612, 0.09350268771704556, 0.24650563918918403, 0.0067872838499832356, 0.569773601023641]"
episode_007,dominated,fast,random_equation,72,ep007_vendor_001,CityFleet001,False,55.79,31,4.9,84.34,7.52,86.11,2.61,6.79,"[0.36660538922688807, 0.21704754535929166, 0.07172665266299978, 0.2198054996470595, 0.12481491310376083]"
episode_007,dominated,fast,random_equation,73,ep007_vendor_041,QuickRunner041,False,55.62,40,4.89,86.47,9.3,93.3,1.51,6.65,"[0.4417380859667154, 0.0010997777182133305, 0.5155940718324346, 0.023540046577166178, 0.018028017905470574]"
episode_007,dominated,fast,random_equation,74,ep007_vendor_041,QuickRunner041,False,55.62,40,4.89,86.47,9.3,93.3,1.51,6.65,"[0.10274098087450494, 0.032739950413343676, 0.19963745580538117, 0.1711712185564466, 0.49371039435032354]"
episode_007,dominated,fast,random_equation,75,ep007_vendor_074,GoCart074,False,59.72,27,4.69,88.81,7.72,96.5,3.7,10.99,"[0.07613142334745898, 0.23209543587374962, 0.230567965220467, 0.39663320543331265, 0.06457197012501169]"
episode_007,dominated,fast,random_equation,76,ep007_vendor_074,GoCart074,False,59.72,27,4.69,88.81,7.72,96.5,3.7,10.99,"[0.1742098067803535, 0.212382651155238, 0.4067230660778871, 0.18423776737582084, 0.022446708610700524]"
episode_007,dominated,fast,random_equation,77,ep007_vendor_096,GoFleet096,False,60.56,28,4.77,89.83,5.63,93.83,4.63,11.72,"[0.04767026962507231, 0.2955447760500175, 0.6457547988586774, 0.00352979801279757, 0.007500357453435183]"
episode_007,dominated,fast,random_equation,78,ep007_vendor_041,QuickRunner041,False,55.62,40,4.89,86.47,9.3,93.3,1.51,6.65,"[0.18319400874062097, 0.0064522767496993285, 0.26723838560289814, 0.3023369952090616, 0.24077833369771998]"
episode_007,dominated,fast,random_equation,79,ep007_vendor_041,QuickRunner041,False,55.62,40,4.89,86.47,9.3,93.3,1.51,6.65,"[0.15086552644242163, 0.030785134939168866, 0.1884229192446888, 0.5172039504325512, 0.11272246894116943]"
episode_007,dominated,fast,random_equation,80,ep007_vendor_051,QuickNow051,False,59.02,26,4.64,84.09,8.24,89.32,5.01,4.91,"[0.11269260888104408, 0.544069438158042, 0.022967701812368384, 0.31036642108971485, 0.009903830058830637]"
episode_007,dominated,fast,random_equation,81,ep007_vendor_039,PrimeNow039,False,56.07,30,4.51,85.32,6.52,89.61,1.67,8.76,"[0.20077281567761843, 0.11707162259795804, 0.021528417699636985, 0.17418729252302936, 0.4864398515017572]"
episode_007,dominated,fast,random_equation,82,ep007_vendor_041,QuickRunner041,False,55.62,40,4.89,86.47,9.3,93.3,1.51,6.65,"[0.1885198658833605, 0.07798939219473944, 0.22003783272464666, 0.3344909255595889, 0.17896198363766438]"
episode_007,dominated,fast,random_equation,83,ep007_vendor_041,QuickRunner041,False,55.62,40,4.89,86.47,9.3,93.3,1.51,6.65,"[0.11800019799355321, 0.004273819389356006, 0.22119135238141388, 0.35690211837294294, 0.2996325118627341]"
episode_007,dominated,fast,random_equation,84,ep007_vendor_001,CityFleet001,False,55.79,31,4.9,84.34,7.52,86.11,2.61,6.79,"[0.05169600512727932, 0.1632326679623154, 0.11496454616159371, 0.6498790999342985, 0.02022768081451307]"
episode_007,dominated,fast,random_equation,85,ep007_vendor_041,QuickRunner041,False,55.62,40,4.89,86.47,9.3,93.3,1.51,6.65,"[0.37907124537935655, 0.009714600035400226, 0.24979089634764295, 0.33664214889655664, 0.0247811093410437]"
episode_007,dominated,fast,random_equation,86,ep007_vendor_039,PrimeNow039,False,56.07,30,4.51,85.32,6.52,89.61,1.67,8.76,"[0.2702956559596034, 0.12297045773271834, 0.2721717517227507, 0.13206144507720144, 0.202500689507726]"
episode_007,dominated,fast,random_equation,87,ep007_vendor_074,GoCart074,False,59.72,27,4.69,88.81,7.72,96.5,3.7,10.99,"[0.044028079377153584, 0.4353982076124419, 0.34828941063023494, 0.1274329570606057, 0.044851345319563904]"
episode_007,dominated,fast,random_equation,88,ep007_vendor_074,GoCart074,False,59.72,27,4.69,88.81,7.72,96.5,3.7,10.99,"[0.01131064410617228, 0.2611857520099657, 0.587225096827162, 0.06287667734298236, 0.07740182971371785]"
episode_007,dominated,fast,random_equation,89,ep007_vendor_041,QuickRunner041,False,55.62,40,4.89,86.47,9.3,93.3,1.51,6.65,"[0.40895036353762193, 0.044242837817343277, 0.3342021710067384, 0.13311094232876738, 0.07949368530952898]"
episode_007,dominated,fast,random_equation,90,ep007_vendor_041,QuickRunner041,False,55.62,40,4.89,86.47,9.3,93.3,1.51,6.65,"[0.07305557840873377, 0.09043165016284548, 0.31393102079699126, 0.31065580736931075, 0.21192594326211864]"
episode_007,dominated,fast,random_equation,91,ep007_vendor_041,QuickRunner041,False,55.62,40,4.89,86.47,9.3,93.3,1.51,6.65,"[0.47600212068336745, 0.011444160567103427, 0.14859692260054774, 0.26768634803126873, 0.0962704481177128]"
episode_007,dominated,fast,random_equation,92,ep007_vendor_001,CityFleet001,False,55.79,31,4.9,84.34,7.52,86.11,2.61,6.79,"[0.17066225980067515, 0.27431735923041406, 0.11665746139092378, 0.36358844666405143, 0.0747744729139356]"
episode_007,dominated,fast,random_equation,93,ep007_vendor_039,PrimeNow039,False,56.07,30,4.51,85.32,6.52,89.61,1.67,8.76,"[0.16592343986218772, 0.3368535497916881, 0.02525831934264377, 0.21824287458595715, 0.25372181641752334]"
episode_007,dominated,fast,random_equation,94,ep007_vendor_041,QuickRunner041,False,55.62,40,4.89,86.47,9.3,93.3,1.51,6.65,"[0.28251566613229273, 0.037264863819898915, 0.12254711486431778, 0.4280716602175228, 0.12960069496596774]"
episode_007,dominated,fast,random_equation,95,ep007_vendor_074,GoCart074,False,59.72,27,4.69,88.81,7.72,96.5,3.7,10.99,"[0.0033274466189247153, 0.48374187960341053, 0.19558441237746638, 0.2296350850903052, 0.08771117630989325]"
episode_007,dominated,fast,random_equation,96,ep007_vendor_001,CityFleet001,False,55.79,31,4.9,84.34,7.52,86.11,2.61,6.79,"[0.41900314872802963, 0.05338176885800333, 0.07450340100832334, 0.41402491766024063, 0.039086763745403215]"
episode_007,dominated,fast,random_equation,97,ep007_vendor_039,PrimeNow039,False,56.07,30,4.51,85.32,6.52,89.61,1.67,8.76,"[0.09382077039871475, 0.14414819207025428, 0.33480788457185734, 0.1045280159018301, 0.32269513705734354]"
episode_007,dominated,fast,random_equation,98,ep007_vendor_041,QuickRunner041,False,55.62,40,4.89,86.47,9.3,93.3,1.51,6.65,"[0.32234586304224183, 0.042018720653222305, 0.45708713982634197, 0.07780700227441455, 0.10074127420377942]"
episode_007,dominated,fast,random_equation,99,ep007_vendor_074,GoCart074,False,59.72,27,4.69,88.81,7.72,96.5,3.7,10.99,"[0.23438620943861418, 0.2792039139817064, 0.2507206309817487, 0.19819256628296153, 0.03749667931496921]"
episode_008,dominated,fast,price_first,,ep008_vendor_001,DashDrop001,False,32.55,30,4.81,88.47,7.12,93.71,2.36,8.41,
episode_008,dominated,fast,eta_first,,ep008_vendor_076,BlinkExpress076,False,34.18,24,4.14,83.01,7.52,90.6,1.85,8.12,
episode_008,dominated,fast,rating_first,,ep008_vendor_080,NoshCart080,False,37.12,33,4.89,89.38,6.38,93.29,5.79,6.19,
episode_008,dominated,fast,reliability_first,,ep008_vendor_097,NoshCart097,False,38.89,35,4.67,90.85,4.77,95.04,5.25,13.73,
episode_008,dominated,fast,balanced_equation,,ep008_vendor_001,DashDrop001,False,32.55,30,4.81,88.47,7.12,93.71,2.36,8.41,
episode_008,dominated,fast,random_equation,0,ep008_vendor_001,DashDrop001,False,32.55,30,4.81,88.47,7.12,93.71,2.36,8.41,"[0.2975309367513911, 0.18794596672502809, 0.18388347746059813, 0.2661514227162604, 0.06448819634672258]"
episode_008,dominated,fast,random_equation,1,ep008_vendor_001,DashDrop001,False,32.55,30,4.81,88.47,7.12,93.71,2.36,8.41,"[0.03728047227424886, 0.3120437270383511, 0.12674319904636958, 0.36113909596028443, 0.16279350568074594]"
episode_008,dominated,fast,random_equation,2,ep008_vendor_001,DashDrop001,False,32.55,30,4.81,88.47,7.12,93.71,2.36,8.41,"[0.05197295575319806, 0.31401493392413515, 0.3605842011399196, 0.18542048199249134, 0.08800742719025569]"
episode_008,dominated,fast,random_equation,3,ep008_vendor_001,DashDrop001,False,32.55,30,4.81,88.47,7.12,93.71,2.36,8.41,"[0.3221992487876984, 0.015363098600983068, 0.13643489627420888, 0.4726024269706414, 0.053400329366468303]"
episode_008,dominated,fast,random_equation,4,ep008_vendor_001,DashDrop001,False,32.55,30,4.81,88.47,7.12,93.71,2.36,8.41,"[0.18533043551963704, 0.22285948697915306, 0.42494163627312037, 0.09294490222009923, 0.07392353900799033]"
episode_008,dominated,fast,random_equation,5,ep008_vendor_037,NoshCart037,False,32.94,35,4.53,85.45,8.05,92.46,1.65,7.78,"[0.3695295772089371, 0.00533292987300729, 0.02098923813525895, 0.10067017410014421, 0.5034780806826525]"
episode_008,dominated,fast,random_equation,6,ep008_vendor_037,NoshCart037,False,32.94,35,4.53,85.45,8.05,92.46,1.65,7.78,"[0.02549629979499353, 0.07655901552902411, 0.1022331553723641, 0.019651568472558507, 0.7760599608310598]"
episode_008,dominated,fast,random_equation,7,ep008_vendor_086,QuickLane086,False,35.22,37,4.84,90.72,5.28,94.19,1.9,8.29,"[0.013481545522239938, 0.07042449583563137, 0.15535849383134887, 0.5905389894178948, 0.17019647539288496]"
episode_008,dominated,fast,random_equation,8,ep008_vendor_086,QuickLane086,False,35.22,37,4.84,90.72,5.28,94.19,1.9,8.29,"[0.1161342006802892, 0.004514753618633163, 0.11288450606174276, 0.35320764497170803, 0.41325889466762694]"
episode_008,dominated,fast,random_equation,9,ep008_vendor_001,DashDrop001,False,32.55,30,4.81,88.47,7.12,93.71,2.36,8.41,"[0.2865226222106167, 0.039972798449438504, 0.3583506764804787, 0.01610303539899262, 0.29905086746047355]"
episode_008,dominated,fast,random_equation,10,ep008_vendor_086,QuickLane086,False,35.22,37,4.84,90.72,5.28,94.19,1.9,8.29,"[0.03085007146610655, 0.08259328808140519, 0.5788657157097585, 0.16756925956441077, 0.14012166517831884]"
episode_008,dominated,fast,random_equation,11,ep008_vendor_001,DashDrop001,False,32.55,30,4.81,88.47,7.12,93.71,2.36,8.41,"[0.4390114136878858, 0.06020164521167797, 0.2854185476485103, 0.10138766485507139, 0.11398072859685458]"
episode_008,dominated,fast,random_equation,12,ep008_vendor_001,DashDrop001,False,32.55,30,4.81,88.47,7.12,93.71,2.36,8.41,"[0.0798509955750859, 0.20703269679173572, 0.0776835846458527, 0.3105465693498235, 0.324886153637502]"
episode_008,dominated,fast,random_equation,13,ep008_vendor_001,DashDrop001,False,32.55,30,4.81,88.47,7.12,93.71,2.36,8.41,"[0.2922859745051823, 0.07283521179821799, 0.3376006149109905, 0.17534855912646632, 0.12192963965914297]"
episode_008,dominated,fast,random_equation,14,ep008_vendor_001,DashDrop001,False,32.55,30,4.81,88.47,7.12,93.71,2.36,8.41,"[0.06363783541870037, 0.33011890251599557, 0.06421527918008962, 0.48325275808627355, 0.058775224798940734]"
episode_008,dominated,fast,random_equation,15,ep008_vendor_001,DashDrop001,False,32.55,30,4.81,88.47,7.12,93.71,2.36,8.41,"[0.32749041531620504, 0.0839630199602012, 0.4976487049459662, 0.03853968566708005, 0.052358174110547495]"
episode_008,dominated,fast,random_equation,16,ep008_vendor_001,DashDrop001,False,32.55,30,4.81,88.47,7.12,93.71,2.36,8.41,"[0.4725075717735521, 0.356071860307731, 0.12022992092309667, 0.049292908923995446, 0.001897738071624892]"
episode_008,dominated,fast,random_equation,17,ep008_vendor_001,DashDrop001,False,32.55,30,4.81,88.47,7.12,93.71,2.36,8.41,"[0.09187748503293004, 0.31839025976183527, 0.1612512088904992, 0.30126909700172083, 0.12721194931301463]"
episode_008,dominated,fast,random_equation,18,ep008_vendor_076,BlinkExpress076,False,34.18,24,4.14,83.01,7.52,90.6,1.85,8.12,"[0.24355793734709016, 0.2500003263935252, 0.0069233492054906, 0.11574827350945863, 0.38377011354443546]"
episode_008,dominated,fast,random_equation,19,ep008_vendor_037,NoshCart037,False,32.94,35,4.53,85.45,8.05,92.46,1.65,7.78,"[0.03406963242558953, 0.01864186592436313, 0.036700643210838116, 0.10950385023151808, 0.8010840082076911]"
episode_008,dominated,fast,random_equation,20,ep008_vendor_001,DashDrop001,False,32.55,30,4.81,88.47,7.12,93.71,2.36,8.41,"[0.45940364358453517, 0.0755582229596068, 0.05968856814826152, 0.12707297621984265, 0.27827658908775393]"
episode_008,dominated,fast,random_equation,21,ep008_vendor_001,DashDrop001,False,32.55,30,4.81,88.47,7.12,93.71,2.36,8.41,"[0.06137426139741493, 0.14333957896768101, 0.09025400072361615, 0.5184017409932612, 0.1866304179180267]"
episode_008,dominated,fast,random_equation,22,ep008_vendor_001,DashDrop001,False,32.55,30,4.81,88.47,7.12,93.71,2.36,8.41,"[0.10387950488093173, 0.12032231890496131, 0.7313086733339581, 0.024208216418138917, 0.020281286462009954]"
episode_008,dominated,fast,random_equation,23,ep008_vendor_003,SwiftCart003,False,38.16,29,4.87,89.87,4.86,91.6,3.44,13.33,"[0.045058376842229145, 0.16179189734454003, 0.26424064494028754, 0.5134570240373173, 0.01545205683562601]"
episode_008,dominated,fast,random_equation,24,ep008_vendor_086,QuickLane086,False,35.22,37,4.84,90.72,5.28,94.19,1.9,8.29,"[0.03816750878570144, 0.05914052551563357, 0.3545141554666413, 0.40631101874154085, 0.14186679149048284]"
episode_008,dominated,fast,random_equation,25,ep008_vendor_001,DashDrop001,False,32.55,30,4.81,88.47,7.12,93.71,2.36,8.41,"[0.21420807760211152, 0.18783355503325513, 0.39963995094410754, 0.07565432940650796, 0.12266408701401797]"
episode_008,dominated,fast,random_equation,26,ep008_vendor_001,DashDrop001,False,32.55,30,4.81,88.47,7.12,93.71,2.36,8.41,"[0.1567618397328664, 0.24640932934342813, 0.24808229922482752, 0.12908056650776584, 0.21966596519111203]"
episode_008,dominated,fast,random_equation,27,ep008_vendor_001,DashDrop001,False,32.55,30,4.81,88.47,7.12,93.71,2.36,8.41,"[0.3052228192462612, 0.07464743089483909, 0.16141918595299024, 0.4097846714112629, 0.048925892494646545]"
episode_008,dominated,fast,random_equation,28,ep008_vendor_001,DashDrop001,False,32.55,30,4.81,88.47,7.12,93.71,2.36,8.41,"[0.01336347964216227, 0.20544598334292644, 0.3997260173015925, 0.017983998610469027, 0.36348052110284973]"
episode_008,dominated,fast,random_equation,29,ep008_vendor_001,DashDrop001,False,32.55,30,4.81,88.47,7.12,93.71,2.36,8.41,"[0.2171672320846938, 0.047465116833784196, 0.1128438637303147, 0.4458858471004889, 0.17663794025071838]"
episode_008,dominated,fast,random_equation,30,ep008_vendor_001,DashDrop001,False,32.55,30,4.81,88.47,7.12,93.71,2.36,8.41,"[0.0633767628682655, 0.19715454085569162, 0.00303866460321318, 0.29774775774034085, 0.4386822739324889]"
episode_008,dominated,fast,random_equation,31,ep008_vendor_086,QuickLane086,False,35.22,37,4.84,90.72,5.28,94.19,1.9,8.29,"[0.08367649158741979, 0.009376120650081058, 0.35796159767832353, 0.31347732803556305, 0.2355084620486125]"
episode_008,dominated,fast,random_equation,32,ep008_vendor_001,DashDrop001,False,32.55,30,4.81,88.47,7.12,93.71,2.36,8.41,"[0.13395968806784372, 0.05560778919836256, 0.1869620583272371, 0.37679345984432017, 0.24667700456223646]"
episode_008,dominated,fast,random_equation,33,ep008_vendor_076,BlinkExpress076,False,34.18,24,4.14,83.01,7.52,90.6,1.85,8.12,"[0.029609687055289918, 0.41870148748041996, 0.06051732263492171, 0.168485066994672, 0.32268643583469636]"
episode_008,dominated,fast,random_equation,34,ep008_vendor_076,BlinkExpress076,False,34.18,24,4.14,83.01,7.52,90.6,1.85,8.12,"[0.29770216966902596, 0.49866948546229944, 0.13063765806903496, 0.010317966829441378, 0.06267271997019828]"
episode_008,dominated,fast,random_equation,35,ep008_vendor_001,DashDrop001,False,32.55,30,4.81,88.47,7.12,93.71,2.36,8.41,"[0.24924966486656164, 0.12597987358954615, 0.19304285043410682, 0.30420405853506755, 0.12752355257471787]"
episode_008,dominated,fast,random_equation,36,ep008_vendor_001,DashDrop001,False,32.55,30,4.81,88.47,7.12,93.71,2.36,8.41,"[0.21159764441483656, 0.09052689223823099, 0.060388004474517074, 0.30287649454695165, 0.3346109643254636]"
episode_008,dominated,fast,random_equation,37,ep008_vendor_086,QuickLane086,False,35.22,37,4.84,90.72,5.28,94.19,1.9,8.29,"[0.1315518969004258, 0.030870694027521288, 0.6187043230727534, 0.10405206797579775, 0.1148210180235018]"
episode_008,dominated,fast,random_equation,38,ep008_vendor_086,QuickLane086,False,35.22,37,4.84,90.72,5.28,94.19,1.9,8.29,"[0.09322622906591795, 0.03621361879018712, 0.18762505455379766, 0.3760928073581993, 0.306842290231898]"
episode_008,dominated,fast,random_equation,39,ep008_vendor_001,DashDrop001,False,32.55,30,4.81,88.47,7.12,93.71,2.36,8.41,"[0.22900573487969764, 0.06231166408018292, 0.22000034473074964, 0.3294668418982024, 0.15921541441116724]"
episode_008,dominated,fast,random_equation,40,ep008_vendor_076,BlinkExpress076,False,34.18,24,4.14,83.01,7.52,90.6,1.85,8.12,"[0.10283941462279712, 0.5178251680425273, 0.01357741114154894, 0.047127372413065055, 0.31863063378006157]"
episode_008,dominated,fast,random_equation,41,ep008_vendor_001,DashDrop001,False,32.55,30,4.81,88.47,7.12,93.71,2.36,8.41,"[0.22105618529286428, 0.13609493025685446, 0.20787782861271198, 0.3655608137380289, 0.0694102420995403]"
episode_008,dominated,fast,random_equation,42,ep008_vendor_001,DashDrop001,False,32.55,30,4.81,88.47,7.12,93.71,2.36,8.41,"[0.14319277529888863, 0.046061429827310686, 0.26850430609670106, 0.19242323163223465, 0.349818257144865]"
episode_008,dominated,fast,random_equation,43,ep008_vendor_076,BlinkExpress076,False,34.18,24,4.14,83.01,7.52,90.6,1.85,8.12,"[0.002060045097584506, 0.5305379665691161, 0.26006195730988135, 0.0740446939418729, 0.1332953370815451]"
episode_008,dominated,fast,random_equation,44,ep008_vendor_076,BlinkExpress076,False,34.18,24,4.14,83.01,7.52,90.6,1.85,8.12,"[0.029144496116205364, 0.47664216972973356, 0.17413587162455732, 0.0443241513363935, 0.27575331119311025]"
episode_008,dominated,fast,random_equation,45,ep008_vendor_001,DashDrop001,False,32.55,30,4.81,88.47,7.12,93.71,2.36,8.41,"[0.06639890105025748, 0.1818949878149847, 0.024666555477299415, 0.6035609017358378, 0.12347865392162059]"
episode_008,dominated,fast,random_equation,46,ep008_vendor_076,BlinkExpress076,False,34.18,24,4.14,83.01,7.52,90.6,1.85,8.12,"[0.12942988605247296, 0.33614885569936387, 0.04467683967707094, 0.20161307878560075, 0.2881313397854915]"
episode_008,dominated,fast,random_equation,47,ep008_vendor_076,BlinkExpress076,False,34.18,24,4.14,83.01,7.52,90.6,1.85,8.12,"[0.10504787748534283, 0.2756568956928404, 0.06624313881529247, 0.07558593989115862, 0.47746614811536564]"
episode_008,dominated,fast,random_equation,48,ep008_vendor_001,DashDrop001,False,32.55,30,4.81,88.47,7.12,93.71,2.36,8.41,"[0.15358337053379448, 0.052338609577343743, 0.05528244354691991, 0.6406973099524492, 0.09809826638949264]"
episode_008,dominated,fast,random_equation,49,ep008_vendor_001,DashDrop001,False,32.55,30,4.81,88.47,7.12,93.71,2.36,8.41,"[0.33054528980822623, 0.1816239584968528, 0.2680345333624959, 0.14204789621785366, 0.07774832211457146]"
episode_008,dominated,fast,random_equation,50,ep008_vendor_001,DashDrop001,False,32.55,30,4.81,88.47,7.12,93.71,2.36,8.41,"[0.44397823699983674, 0.029771467480381356, 0.30272984439521045, 0.21444477136896478, 0.009075679755606776]"
episode_008,dominated,fast,random_equation,51,ep008_vendor_001,DashDrop001,False,32.55,30,4.81,88.47,7.12,93.71,2.36,8.41,"[0.06087661305060766, 0.31875464431395995, 0.4031365582367835, 0.057620578189427875, 0.15961160620922094]"
episode_008,dominated,fast,random_equation,52,ep008_vendor_076,BlinkExpress076,False,34.18,24,4.14,83.01,7.52,90.6,1.85,8.12,"[0.07844445010317617, 0.7945788603725834, 0.0055642219521673765, 0.11859915912158252, 0.0028133084504904948]"
episode_008,dominated,fast,random_equation,53,ep008_vendor_076,BlinkExpress076,False,34.18,24,4.14,83.01,7.52,90.6,1.85,8.12,"[0.08057821675393105, 0.45815476707777436, 0.38423939267094187, 0.04663213163633026, 0.030395491861022524]"
episode_008,dominated,fast,random_equation,54,ep008_vendor_001,DashDrop001,False,32.55,30,4.81,88.47,7.12,93.71,2.36,8.41,"[0.32301982540307256, 0.09540018509413516, 0.43164190514932116, 0.14303074551706182, 0.00690733883640929]"
episode_008,dominated,fast,random_equation,55,ep008_vendor_001,DashDrop001,False,32.55,30,4.81,88.47,7.12,93.71,2.36,8.41,"[0.19788068502102507, 0.0690354336586067, 0.5605249985924148, 0.12836413207876227, 0.044194750649191074]"
episode_008,dominated,fast,random_equation,56,ep008_vendor_001,DashDrop001,False,32.55,30,4.81,88.47,7.12,93.71,2.36,8.41,"[0.49751784213302747, 0.11518326972480454, 0.3039871046235284, 0.08006307010763507, 0.0032487134110045]"
episode_008,dominated,fast,random_equation,57,ep008_vendor_001,DashDrop001,False,32.55,30,4.81,88.47,7.12,93.71,2.36,8.41,"[0.21638336626039167, 0.05705621393493896, 0.2035047598671456, 0.4696207133516603, 0.053434946585863514]"
episode_008,dominated,fast,random_equation,58,ep008_vendor_076,BlinkExpress076,False,34.18,24,4.14,83.01,7.52,90.6,1.85,8.12,"[0.17888738398432596, 0.6349007475853844, 0.04530699284867593, 0.12405141575624937, 0.0168534598253643]"
episode_008,dominated,fast,random_equation,59,ep008_vendor_001,DashDrop001,False,32.55,30,4.81,88.47,7.12,93.71,2.36,8.41,"[0.23525153502598137, 0.22748047993873208, 0.2943048707335326, 0.22062587616108115, 0.02233723814067293]"
episode_008,dominated,fast,random_equation,60,ep008_vendor_001,DashDrop001,False,32.55,30,4.81,88.47,7.12,93.71,2.36,8.41,"[0.25933800804421997, 0.1670146210714588, 0.15144002540480547, 0.0791373239115524, 0.3430700215679633]"
episode_008,dominated,fast,random_equation,61,ep008_vendor_001,DashDrop001,False,32.55,30,4.81,88.47,7.12,93.71,2.36,8.41,"[0.052580199912818607, 0.1602216992281649, 0.6481853607025546, 0.0003685135837445363, 0.13864422657271744]"
episode_008,dominated,fast,random_equation,62,ep008_vendor_001,DashDrop001,False,32.55,30,4.81,88.47,7.12,93.71,2.36,8.41,"[0.38479717032362043, 0.01708952495945116, 0.018047651638918024, 0.19379739663370077, 0.3862682564443096]"
episode_008,dominated,fast,random_equation,63,ep008_vendor_086,QuickLane086,False,35.22,37,4.84,90.72,5.28,94.19,1.9,8.29,"[0.05494320064556933, 0.0790864771459106, 0.27987335797540397, 0.14998391530096875, 0.4361130489321475]"
episode_008,dominated,fast,random_equation,64,ep008_vendor_076,BlinkExpress076,False,34.18,24,4.14,83.01,7.52,90.6,1.85,8.12,"[0.09937159955624122, 0.3714344688526017, 0.42649941741249736, 0.02004524141970799, 0.0826492727589517]"
episode_008,dominated,fast,random_equation,65,ep008_vendor_001,DashDrop001,False,32.55,30,4.81,88.47,7.12,93.71,2.36,8.41,"[0.6031155385879989, 0.03621225186343731, 0.039877029631468934, 0.07711329478349682, 0.2436818851335981]"
episode_008,dominated,fast,random_equation,66,ep008_vendor_001,DashDrop001,False,32.55,30,4.81,88.47,7.12,93.71,2.36,8.41,"[0.15331114142395305, 0.227560357802395, 0.035188495741082404, 0.5541674385395698, 0.029772566492999652]"
episode_008,dominated,fast,random_equation,67,ep008_vendor_001,DashDrop001,False,32.55,30,4.81,88.47,7.12,93.71,2.36,8.41,"[0.02772301427915222, 0.19296651748141785, 0.3180397696603208, 0.2046482640376448, 0.25662243454146433]"
episode_008,dominated,fast,random_equation,68,ep008_vendor_076,BlinkExpress076,False,34.18,24,4.14,83.01,7.52,90.6,1.85,8.12,"[0.051507034024911955, 0.3596375323689951, 0.2420241541858249, 0.0150414736009801, 0.33178980581928785]"
episode_008,dominated,fast,random_equation,69,ep008_vendor_001,DashDrop001,False,32.55,30,4.81,88.47,7.12,93.71,2.36,8.41,"[0.11968038150940324, 0.2918264865312207, 0.23362972376664468, 0.1065674516984846, 0.24829595649424682]"
episode_008,dominated,fast,random_equation,70,ep008_vendor_086,QuickLane086,False,35.22,37,4.84,90.72,5.28,94.19,1.9,8.29,"[0.07940426318119727, 0.0006642781922490782, 0.19876228115654293, 0.37149265101127643, 0.3496765264587342]"
episode_008,dominated,fast,random_equation,71,ep008_vendor_086,QuickLane086,False,35.22,37,4.84,90.72,5.28,94.19,1.9,8.29,"[0.010406968682458835, 0.012126381031824738, 0.44757503594489695, 0.10755126092812635, 0.4223403534126931]"
episode_008,dominated,fast,random_equation,72,ep008_vendor_001,DashDrop001,False,32.55,30,4.81,88.47,7.12,93.71,2.36,8.41,"[0.39058615440212585, 0.2055829310658039, 0.3034911820613936, 0.028720031290671272, 0.07161970118000545]"
episode_008,dominated,fast,random_equation,73,ep008_vendor_001,DashDrop001,False,32.55,30,4.81,88.47,7.12,93.71,2.36,8.41,"[0.11193419328593128, 0.2469660036567608, 0.0713636462717696, 0.26585302014202794, 0.30388313664351035]"
episode_008,dominated,fast,random_equation,74,ep008_vendor_001,DashDrop001,False,32.55,30,4.81,88.47,7.12,93.71,2.36,8.41,"[0.11923838050150107, 0.3405880688083095, 0.48184656009211474, 0.005054982063666703, 0.05327200853440791]"
episode_008,dominated,fast,random_equation,75,ep008_vendor_001,DashDrop001,False,32.55,30,4.81,88.47,7.12,93.71,2.36,8.41,"[0.25033425080093713, 0.19596995099804287, 0.39121180834893954, 0.07805990864793252, 0.08442408120414786]"
episode_008,dominated,fast,random_equation,76,ep008_vendor_076,BlinkExpress076,False,34.18,24,4.14,83.01,7.52,90.6,1.85,8.12,"[0.10978748140902468, 0.3788786885352184, 0.09578071447707831, 0.0110503863220472, 0.4045027292566314]"
episode_008,dominated,fast,random_equation,77,ep008_vendor_001,DashDrop001,False,32.55,30,4.81,88.47,7.12,93.71,2.36,8.41,"[0.11859349414047227, 0.13842364049685132, 0.35725602545023727, 0.012460355362018739, 0.37326648455042044]"
episode_008,dominated,fast,random_equation,78,ep008_vendor_001,DashDrop001,False,32.55,30,4.81,88.47,7.12,93.71,2.36,8.41,"[0.24828464357512284, 0.06720400808117274, 0.18732205120241407, 0.27119241641451125, 0.22599688072677906]"
episode_008,dominated,fast,random_equation,79,ep008_vendor_001,DashDrop001,False,32.55,30,4.81,88.47,7.12,93.71,2.36,8.41,"[0.39494910271264155, 0.09076814795933696, 0.04233795663608005, 0.4608494767900709, 0.011095315901870484]"
episode_008,dominated,fast,random_equation,80,ep008_vendor_003,SwiftCart003,False,38.16,29,4.87,89.87,4.86,91.6,3.44,13.33,"[0.029480070666326647, 0.04779301430909749, 0.13403396154318523, 0.7336810782435781, 0.055011875237812584]"
episode_008,dominated,fast,random_equation,81,ep008_vendor_076,BlinkExpress076,False,34.18,24,4.14,83.01,7.52,90.6,1.85,8.12,"[0.038617219446373495, 0.547578334083969, 0.11966477054005444, 0.13391430379180566, 0.16022537213779736]"
episode_008,dominated,fast,random_equation,82,ep008_vendor_001,DashDrop001,False,32.55,30,4.81,88.47,7.12,93.71,2.36,8.41,"[0.13623264144064318, 0.2155841707271419, 0.0018591829963513886, 0.41373629840711873, 0.23258770642874485]"
episode_008,dominated,fast,random_equation,83,ep008_vendor_076,BlinkExpress076,False,34.18,24,4.14,83.01,7.52,90.6,1.85,8.12,"[0.021685602241578734, 0.5584226833926061, 0.09259802462574031, 0.10916310417996891, 0.2181305855601059]"
episode_008,dominated,fast,random_equation,84,ep008_vendor_001,DashDrop001,False,32.55,30,4.81,88.47,7.12,93.71,2.36,8.41,"[0.06704704698380058, 0.05771650828229652, 0.20343550356252332, 0.6480842335695706, 0.023716707601808967]"
episode_008,dominated,fast,random_equation,85,ep008_vendor_086,QuickLane086,False,35.22,37,4.84,90.72,5.28,94.19,1.9,8.29,"[0.07952785605941293, 0.05008337590295003, 0.31354121350189595, 0.46719993690463607, 0.08964761763110501]"
episode_008,dominated,fast,random_equation,86,ep008_vendor_076,BlinkExpress076,False,34.18,24,4.14,83.01,7.52,90.6,1.85,8.12,"[0.09157091389455731, 0.3840802803373828, 0.15144856186177325, 0.09814746722939312, 0.2747527766768935]"
episode_008,dominated,fast,random_equation,87,ep008_vendor_001,DashDrop001,False,32.55,30,4.81,88.47,7.12,93.71,2.36,8.41,"[0.2512679005444904, 0.2154885610163162, 0.06818901181058687, 0.41642214511405407, 0.04863238151455247]"
episode_008,dominated,fast,random_equation,88,ep008_vendor_001,DashDrop001,False,32.55,30,4.81,88.47,7.12,93.71,2.36,8.41,"[0.24295312111081627, 0.014753213361554123, 0.3556296597576076, 0.1481233688372136, 0.2385406369328085]"
episode_008,dominated,fast,random_equation,89,ep008_vendor_076,BlinkExpress076,False,34.18,24,4.14,83.01,7.52,90.6,1.85,8.12,"[0.16312812751024083, 0.5012967857557642, 0.12491284115695361, 0.20874205183680192, 0.0019201937402394756]"
episode_008,dominated,fast,random_equation,90,ep008_vendor_076,BlinkExpress076,False,34.18,24,4.14,83.01,7.52,90.6,1.85,8.12,"[0.09716070094112103, 0.21922803731525903, 0.09496596655052762, 0.022470701200036056, 0.5661745939930564]"
episode_008,dominated,fast,random_equation,91,ep008_vendor_001,DashDrop001,False,32.55,30,4.81,88.47,7.12,93.71,2.36,8.41,"[0.13941156631304336, 0.38893208153220366, 0.3247176122812996, 0.09365184788645227, 0.05328689198700109]"
episode_008,dominated,fast,random_equation,92,ep008_vendor_037,NoshCart037,False,32.94,35,4.53,85.45,8.05,92.46,1.65,7.78,"[0.044885899189978436, 0.045639593267191345, 0.09649700927826016, 0.04725305956448886, 0.7657244387000812]"
episode_008,dominated,fast,random_equation,93,ep008_vendor_001,DashDrop001,False,32.55,30,4.81,88.47,7.12,93.71,2.36,8.41,"[0.09568124235273624, 0.24380540369243875, 0.5007007234264796, 0.009495926019479682, 0.1503167045088657]"
episode_008,dominated,fast,random_equation,94,ep008_vendor_001,DashDrop001,False,32.55,30,4.81,88.47,7.12,93.71,2.36,8.41,"[0.33492379207557205, 0.1287957928633388, 0.22793273406451164, 0.2762345116640377, 0.032113169332539895]"
episode_008,dominated,fast,random_equation,95,ep008_vendor_076,BlinkExpress076,False,34.18,24,4.14,83.01,7.52,90.6,1.85,8.12,"[0.06402747576033065, 0.3433083142863096, 0.3094059858901945, 0.016424037461747493, 0.2668341866014177]"
episode_008,dominated,fast,random_equation,96,ep008_vendor_076,BlinkExpress076,False,34.18,24,4.14,83.01,7.52,90.6,1.85,8.12,"[0.008061293087972727, 0.3140944216913971, 0.36276974716460797, 0.03797544890413207, 0.2770990891518902]"
episode_008,dominated,fast,random_equation,97,ep008_vendor_001,DashDrop001,False,32.55,30,4.81,88.47,7.12,93.71,2.36,8.41,"[0.21769078343433362, 0.035945732210145735, 0.4659928984016989, 0.15560009577876624, 0.12477049017505557]"
episode_008,dominated,fast,random_equation,98,ep008_vendor_076,BlinkExpress076,False,34.18,24,4.14,83.01,7.52,90.6,1.85,8.12,"[0.02650745511024269, 0.48147810855107814, 0.170601643653882, 0.042562082175676225, 0.27885071050912086]"
episode_008,dominated,fast,random_equation,99,ep008_vendor_001,DashDrop001,False,32.55,30,4.81,88.47,7.12,93.71,2.36,8.41,"[0.08039849830656425, 0.14307845138757355, 0.07946558626100779, 0.5445660673691263, 0.1524913966757281]"
episode_009,dominated,value,price_first,,ep009_vendor_087,QuickMeals087,False,39.6,41,4.06,81.31,7.86,88.85,1.87,4.67,
episode_009,dominated,value,eta_first,,ep009_vendor_071,FeastExpress071,False,41.24,24,3.34,73.4,9.37,83.76,2.38,4.32,
episode_009,dominated,value,rating_first,,ep009_vendor_034,RocketDrop034,False,44.2,27,4.89,86.2,6.14,87.08,4.03,6.6,
episode_009,dominated,value,reliability_first,,ep009_vendor_090,NoshMeals090,False,40.52,27,4.88,90.8,4.6,92.73,2.0,6.15,
episode_009,dominated,value,balanced_equation,,ep009_vendor_090,NoshMeals090,False,40.52,27,4.88,90.8,4.6,92.73,2.0,6.15,
episode_009,dominated,value,random_equation,0,ep009_vendor_090,NoshMeals090,False,40.52,27,4.88,90.8,4.6,92.73,2.0,6.15,"[0.23354733536657235, 0.04574411281144908, 0.43212705753196234, 0.2869476205914541, 0.0016338736985621735]"
episode_009,dominated,value,random_equation,1,ep009_vendor_090,NoshMeals090,False,40.52,27,4.88,90.8,4.6,92.73,2.0,6.15,"[0.4607472638304737, 0.18837195865407233, 0.009108945440765164, 0.05398606586635338, 0.2877857662083354]"
episode_009,dominated,value,random_equation,2,ep009_vendor_090,NoshMeals090,False,40.52,27,4.88,90.8,4.6,92.73,2.0,6.15,"[0.03547684523599647, 0.00391451127906424, 0.1135902871512294, 0.6246833656155066, 0.22233499071820334]"
episode_009,dominated,value,random_equation,3,ep009_vendor_090,NoshMeals090,False,40.52,27,4.88,90.8,4.6,92.73,2.0,6.15,"[0.5201615646984558, 0.07647637632607877, 0.025404010146205976, 0.031002701301715663, 0.3469553475275439]"
episode_009,dominated,value,random_equation,4,ep009_vendor_090,NoshMeals090,False,40.52,27,4.88,90.8,4.6,92.73,2.0,6.15,"[0.3009347238251069, 0.41508098782109976, 0.03195074991829976, 0.14869802111894329, 0.10333551731655038]"
episode_009,dominated,value,random_equation,5,ep009_vendor_090,NoshMeals090,False,40.52,27,4.88,90.8,4.6,92.73,2.0,6.15,"[0.043078912413185275, 0.049804357476700055, 0.09415497107443634, 0.6397815444650482, 0.1731802145706302]"
episode_009,dominated,value,random_equation,6,ep009_vendor_090,NoshMeals090,False,40.52,27,4.88,90.8,4.6,92.73,2.0,6.15,"[0.12204955499249444, 0.07759474423932801, 0.022017580685569832, 0.6627276973709887, 0.11561042271161898]"
episode_009,dominated,value,random_equation,7,ep009_vendor_090,NoshMeals090,False,40.52,27,4.88,90.8,4.6,92.73,2.0,6.15,"[0.024914191976383695, 0.1446403563344323, 0.39134201823255216, 0.39611104370752415, 0.0429923897491078]"
episode_009,dominated,value,random_equation,8,ep009_vendor_090,NoshMeals090,False,40.52,27,4.88,90.8,4.6,92.73,2.0,6.15,"[0.0033789981282651093, 0.5385732037548214, 0.35656098845653217, 0.04957637019949721, 0.05191043946088409]"
episode_009,dominated,value,random_equation,9,ep009_vendor_090,NoshMeals090,False,40.52,27,4.88,90.8,4.6,92.73,2.0,6.15,"[0.010364403009466169, 0.040107989069659226, 0.3844530348876731, 0.5084158029763294, 0.056658770056871956]"
episode_009,dominated,value,random_equation,10,ep009_vendor_090,NoshMeals090,False,40.52,27,4.88,90.8,4.6,92.73,2.0,6.15,"[0.5118472205731792, 0.005059243594973145, 0.22261068570745096, 0.1882452496287847, 0.07223760049561204]"
episode_009,dominated,value,random_equation,11,ep009_vendor_090,NoshMeals090,False,40.52,27,4.88,90.8,4.6,92.73,2.0,6.15,"[0.2660891217392894, 0.09964186959127877, 0.3185087608052147, 0.09834183738944269, 0.21741841047477442]"
episode_009,dominated,value,random_equation,12,ep009_vendor_090,NoshMeals090,False,40.52,27,4.88,90.8,4.6,92.73,2.0,6.15,"[0.2220470664596724, 0.21000664522282322, 0.2673354816433596, 0.207705924307506, 0.09290488236663891]"
episode_009,dominated,value,random_equation,13,ep009_vendor_090,NoshMeals090,False,40.52,27,4.88,90.8,4.6,92.73,2.0,6.15,"[0.0009134615140488742, 0.010196852585288244, 0.21881601397048275, 0.4347049707570276, 0.3353687011731526]"
episode_009,dominated,value,random_equation,14,ep009_vendor_090,NoshMeals090,False,40.52,27,4.88,90.8,4.6,92.73,2.0,6.15,"[0.07874644120681698, 0.48549087739828856, 0.018495284648781033, 0.1042970129960428, 0.31297038375007064]"
episode_009,dominated,value,random_equation,15,ep009_vendor_090,NoshMeals090,False,40.52,27,4.88,90.8,4.6,92.73,2.0,6.15,"[0.004891685773583927, 0.3215055238175587, 0.10438206060637792, 0.320360887982652, 0.24885984181982737]"
episode_009,dominated,value,random_equation,16,ep009_vendor_090,NoshMeals090,False,40.52,27,4.88,90.8,4.6,92.73,2.0,6.15,"[0.13132494985411008, 0.29524752642790525, 0.3308487887231306, 0.2177082481258673, 0.024870486868986814]"
episode_009,dominated,value,random_equation,17,ep009_vendor_090,NoshMeals090,False,40.52,27,4.88,90.8,4.6,92.73,2.0,6.15,"[0.3583048648638687, 0.003529790373547056, 0.20637830398873538, 0.32523158404711505, 0.10655545672673378]"
episode_009,dominated,value,random_equation,18,ep009_vendor_090,NoshMeals090,False,40.52,27,4.88,90.8,4.6,92.73,2.0,6.15,"[0.15066399503858066, 0.31992362146608583, 0.0026511451375716656, 0.4115306550338489, 0.11523058332391287]"
episode_009,dominated,value,random_equation,19,ep009_vendor_090,NoshMeals090,False,40.52,27,4.88,90.8,4.6,92.73,2.0,6.15,"[0.5468141084111314, 0.11335158596934335, 0.05910597664856649, 0.017965606584706764, 0.262762722386252]"
episode_009,dominated,value,random_equation,20,ep009_vendor_090,NoshMeals090,False,40.52,27,4.88,90.8,4.6,92.73,2.0,6.15,"[0.027342972291280215, 0.29840154489378456, 0.1952097188687615, 0.36755472139182943, 0.11149104255434435]"
episode_009,dominated,value,random_equation,21,ep009_vendor_090,NoshMeals090,False,40.52,27,4.88,90.8,4.6,92.73,2.0,6.15,"[0.26486993458462105, 0.11812538579704311, 0.06344909716906176, 0.09458214134494215, 0.4589734411043319]"
episode_009,dominated,value,random_equation,22,ep009_vendor_090,NoshMeals090,False,40.52,27,4.88,90.8,4.6,92.73,2.0,6.15,"[0.32348568565300145, 0.45527585992157504, 0.01372142946585021, 0.1920764613418704, 0.015440563617702895]"
episode_009,dominated,value,random_equation,23,ep009_vendor_012,PrimeFleet012,False,46.41,25,4.89,88.46,5.54,90.09,5.83,10.41,"[0.07511114192822371, 0.5193832824580422, 0.12594201767128552, 0.2679606607785768, 0.011602897163871827]"
episode_009,dominated,value,random_equation,24,ep009_vendor_090,NoshMeals090,False,40.52,27,4.88,90.8,4.6,92.73,2.0,6.15,"[0.11309572183413254, 0.0818369909611823, 0.7342854221540471, 0.05437976070291715, 0.016402104347720887]"
episode_009,dominated,value,random_equation,25,ep009_vendor_090,NoshMeals090,False,40.52,27,4.88,90.8,4.6,92.73,2.0,6.15,"[0.021790513940053543, 0.3830180786196936, 0.1508893517041129, 0.11211517088469253, 0.3321868848514474]"
episode_009,dominated,value,random_equation,26,ep009_vendor_090,NoshMeals090,False,40.52,27,4.88,90.8,4.6,92.73,2.0,6.15,"[0.03396464703343529, 0.04928390124143674, 0.3844904079655838, 0.48288900040425214, 0.04937204335529198]"
episode_009,dominated,value,random_equation,27,ep009_vendor_090,NoshMeals090,False,40.52,27,4.88,90.8,4.6,92.73,2.0,6.15,"[0.2175364716935251, 0.08240957612827293, 0.41494502903151814, 0.19291313368203702, 0.09219578946464681]"
episode_009,dominated,value,random_equation,28,ep009_vendor_090,NoshMeals090,False,40.52,27,4.88,90.8,4.6,92.73,2.0,6.15,"[0.19988634028965574, 0.11621801297917572, 0.30962384438267904, 0.1210341374000587, 0.25323766494843086]"
episode_009,dominated,value,random_equation,29,ep009_vendor_069,GoFleet069,False,43.13,25,4.73,87.3,8.31,94.48,3.3,9.12,"[0.04644001815521356, 0.7007310028984686, 0.11545867382805171, 0.10027105675704834, 0.03709924836121768]"
episode_009,dominated,value,random_equation,30,ep009_vendor_017,GoCart017,False,43.99,25,4.85,85.62,7.85,89.5,3.8,6.22,"[0.011771975075698398, 0.5441931234779231, 0.05941264286486732, 0.3270613436688357, 0.057560914912675426]"
episode_009,dominated,value,random_equation,31,ep009_vendor_071,FeastExpress071,False,41.24,24,3.34,73.4,9.37,83.76,2.38,4.32,"[0.14951735543232242, 0.5876878388286885, 0.05556739157660164, 0.025331627523496537, 0.18189578663889105]"
episode_009,dominated,value,random_equation,32,ep009_vendor_090,NoshMeals090,False,40.52,27,4.88,90.8,4.6,92.73,2.0,6.15,"[0.095301077113036, 0.5530663518023188, 0.08870758160372051, 0.18311725419164385, 0.07980773528928081]"
episode_009,dominated,value,random_equation,33,ep009_vendor_090,NoshMeals090,False,40.52,27,4.88,90.8,4.6,92.73,2.0,6.15,"[0.09911462272195437, 0.5069151927094278, 0.10862947029938443, 0.1299218068475073, 0.15541890742172618]"
episode_009,dominated,value,random_equation,34,ep009_vendor_090,NoshMeals090,False,40.52,27,4.88,90.8,4.6,92.73,2.0,6.15,"[0.5149714050681184, 0.0635662162282292, 0.13282519099760715, 0.18594183761404345, 0.10269535009200172]"
episode_009,dominated,value,random_equation,35,ep009_vendor_090,NoshMeals090,False,40.52,27,4.88,90.8,4.6,92.73,2.0,6.15,"[0.5603684447176902, 0.16733403697452948, 0.10098598893590774, 0.08452880847329908, 0.08678272089857335]"
episode_009,dominated,value,random_equation,36,ep009_vendor_090,NoshMeals090,False,40.52,27,4.88,90.8,4.6,92.73,2.0,6.15,"[0.25859323838647597, 0.01728928746975523, 0.31064511284981283, 0.038035387326849995, 0.37543697396710585]"
episode_009,dominated,value,random_equation,37,ep009_vendor_090,NoshMeals090,False,40.52,27,4.88,90.8,4.6,92.73,2.0,6.15,"[0.4354838064505061, 0.41425407739713427, 0.05116598242705341, 0.04080339000095883, 0.05829274372434739]"
episode_009,dominated,value,random_equation,38,ep009_vendor_090,NoshMeals090,False,40.52,27,4.88,90.8,4.6,92.73,2.0,6.15,"[0.2733221678856596, 0.11412549768991902, 0.3041524268404425, 0.20535896508375667, 0.10304094250022224]"
episode_009,dominated,value,random_equation,39,ep009_vendor_090,NoshMeals090,False,40.52,27,4.88,90.8,4.6,92.73,2.0,6.15,"[0.3273321740805274, 0.2961544230452381, 0.04375000150863441, 0.32376808852960187, 0.008995312835998148]"
episode_009,dominated,value,random_equation,40,ep009_vendor_090,NoshMeals090,False,40.52,27,4.88,90.8,4.6,92.73,2.0,6.15,"[0.3285990128129514, 0.16434221226436369, 0.36574838811545923, 0.013757187452453218, 0.12755319935477255]"
episode_009,dominated,value,random_equation,41,ep009_vendor_071,FeastExpress071,False,41.24,24,3.34,73.4,9.37,83.76,2.38,4.32,"[0.0019201700925136488, 0.8116321787733817, 0.010429748974544887, 0.004533012010361024, 0.17148489014919865]"
episode_009,dominated,value,random_equation,42,ep009_vendor_090,NoshMeals090,False,40.52,27,4.88,90.8,4.6,92.73,2.0,6.15,"[0.4287937547206048, 0.3338488399294604, 0.08519401253760407, 0.016221273198509363, 0.13594211961382127]"
episode_009,dominated,value,random_equation,43,ep009_vendor_090,NoshMeals090,False,40.52,27,4.88,90.8,4.6,92.73,2.0,6.15,"[0.06070598856912951, 0.40845867905403, 0.2746580581597985, 0.13530359837464825, 0.12087367584239375]"
episode_009,dominated,value,random_equation,44,ep009_vendor_090,NoshMeals090,False,40.52,27,4.88,90.8,4.6,92.73,2.0,6.15,"[0.2699688522621912, 0.1453893293883579, 0.06939352534444643, 0.4664478585415321, 0.04880043446347233]"
episode_009,dominated,value,random_equation,45,ep009_vendor_090,NoshMeals090,False,40.52,27,4.88,90.8,4.6,92.73,2.0,6.15,"[0.4979307429369833, 0.20323467197711337, 0.04679824410751027, 0.21197633921278622, 0.04006000176560688]"
episode_009,dominated,value,random_equation,46,ep009_vendor_090,NoshMeals090,False,40.52,27,4.88,90.8,4.6,92.73,2.0,6.15,"[0.08304378173254288, 0.11837060888427843, 0.13687119550175267, 0.5279624566097592, 0.13375195727166678]"
episode_009,dominated,value,random_equation,47,ep009_vendor_090,NoshMeals090,False,40.52,27,4.88,90.8,4.6,92.73,2.0,6.15,"[0.17405136768977128, 0.36481102119474224, 0.33259345729303663, 0.02859741764477316, 0.09994673617767673]"
episode_009,dominated,value,random_equation,48,ep009_vendor_090,NoshMeals090,False,40.52,27,4.88,90.8,4.6,92.73,2.0,6.15,"[0.18531704401396848, 0.05294921499809209, 0.5310894881982082, 0.2280989849360802, 0.002545267853651098]"
episode_009,dominated,value,random_equation,49,ep009_vendor_090,NoshMeals090,False,40.52,27,4.88,90.8,4.6,92.73,2.0,6.15,"[0.4237278733837758, 0.0802683989012681, 0.16181555923336072, 0.32066852436466775, 0.013519644116927484]"
episode_009,dominated,value,random_equation,50,ep009_vendor_090,NoshMeals090,False,40.52,27,4.88,90.8,4.6,92.73,2.0,6.15,"[0.11491008900546104, 0.0006377698270991119, 0.36048803362450993, 0.13127437374630804, 0.3926897337966219]"
episode_009,dominated,value,random_equation,51,ep009_vendor_090,NoshMeals090,False,40.52,27,4.88,90.8,4.6,92.73,2.0,6.15,"[0.004963690483622075, 0.019638212098357262, 0.028577615375119624, 0.9279345421947504, 0.018885939848150693]"
episode_009,dominated,value,random_equation,52,ep009_vendor_090,NoshMeals090,False,40.52,27,4.88,90.8,4.6,92.73,2.0,6.15,"[0.2439622551004842, 0.26340559625767, 0.1918431884288418, 0.22096959365951077, 0.0798193665534934]"
episode_009,dominated,value,random_equation,53,ep009_vendor_090,NoshMeals090,False,40.52,27,4.88,90.8,4.6,92.73,2.0,6.15,"[0.1420257405802939, 0.05835004276110372, 0.6312847305106487, 0.0725905646267758, 0.09574892152117798]"
episode_009,dominated,value,random_equation,54,ep009_vendor_090,NoshMeals090,False,40.52,27,4.88,90.8,4.6,92.73,2.0,6.15,"[0.34646590365301916, 0.3817047831881003, 0.22895324728783384, 0.013062539745826267, 0.029813526125220306]"
episode_009,dominated,value,random_equation,55,ep009_vendor_090,NoshMeals090,False,40.52,27,4.88,90.8,4.6,92.73,2.0,6.15,"[0.2631151862171381, 0.5345031535129507, 0.0195251815256732, 0.05800416000806094, 0.12485231873617701]"
episode_009,dominated,value,random_equation,56,ep009_vendor_090,NoshMeals090,False,40.52,27,4.88,90.8,4.6,92.73,2.0,6.15,"[0.07308037968603451, 0.20826675450504759, 0.318652137540068, 0.0893159422814203, 0.31068478598742966]"
episode_009,dominated,value,random_equation,57,ep009_vendor_071,FeastExpress071,False,41.24,24,3.34,73.4,9.37,83.76,2.38,4.32,"[0.20254448800821465, 0.6869839562954274, 0.015591734476006865, 0.043271317621350565, 0.05160850359900057]"
episode_009,dominated,value,random_equation,58,ep009_vendor_090,NoshMeals090,False,40.52,27,4.88,90.8,4.6,92.73,2.0,6.15,"[0.028569546177812138, 0.23340165144024894, 0.1889404112457105, 0.0003549520548168481, 0.5487334390814116]"
episode_009,dominated,value,random_equation,59,ep009_vendor_090,NoshMeals090,False,40.52,27,4.88,90.8,4.6,92.73,2.0,6.15,"[0.10708791324894848, 0.16205605425648875, 0.14703663648614684, 0.11306642615550254, 0.4707529698529134]"
episode_009,dominated,value,random_equation,60,ep009_vendor_090,NoshMeals090,False,40.52,27,4.88,90.8,4.6,92.73,2.0,6.15,"[0.006018384211932193, 0.11911250675073512, 0.18861803184348472, 0.16289573221096884, 0.5233553449828792]"
episode_009,dominated,value,random_equation,61,ep009_vendor_090,NoshMeals090,False,40.52,27,4.88,90.8,4.6,92.73,2.0,6.15,"[0.027324616711753347, 0.08353108548811419, 0.3816771852155067, 0.25267741827403756, 0.2547896943105881]"
episode_009,dominated,value,random_equation,62,ep009_vendor_090,NoshMeals090,False,40.52,27,4.88,90.8,4.6,92.73,2.0,6.15,"[0.27858425141529036, 0.11846729032936704, 0.19153202921765217, 0.19194448560764113, 0.21947194343004928]"
episode_009,dominated,value,random_equation,63,ep009_vendor_090,NoshMeals090,False,40.52,27,4.88,90.8,4.6,92.73,2.0,6.15,"[0.004702446801363255, 0.11001368831469395, 0.13145017200551465, 0.1156486432272378, 0.6381850496511903]"
episode_009,dominated,value,random_equation,64,ep009_vendor_090,NoshMeals090,False,40.52,27,4.88,90.8,4.6,92.73,2.0,6.15,"[0.11153833721497267, 0.23154565742981695, 0.09459806759150331, 0.3910507714630195, 0.1712671663006876]"
episode_009,dominated,value,random_equation,65,ep009_vendor_090,NoshMeals090,False,40.52,27,4.88,90.8,4.6,92.73,2.0,6.15,"[0.39850480634117313, 0.162130670048211, 0.19317818780397278, 0.07579655466009409, 0.1703897811465489]"
episode_009,dominated,value,random_equation,66,ep009_vendor_090,NoshMeals090,False,40.52,27,4.88,90.8,4.6,92.73,2.0,6.15,"[0.07308488837738827, 0.17825691238720656, 0.1862095376080089, 0.5223532540382114, 0.04009540758918488]"
episode_009,dominated,value,random_equation,67,ep009_vendor_090,NoshMeals090,False,40.52,27,4.88,90.8,4.6,92.73,2.0,6.15,"[0.022852670245399175, 0.08082583342273897, 0.7149486860682388, 0.02553556614847227, 0.1558372441151509]"
episode_009,dominated,value,random_equation,68,ep009_vendor_090,NoshMeals090,False,40.52,27,4.88,90.8,4.6,92.73,2.0,6.15,"[0.4277547775479065, 0.245961968398322, 0.004903225089105656, 0.17055715388042889, 0.15082287508423706]"
episode_009,dominated,value,random_equation,69,ep009_vendor_090,NoshMeals090,False,40.52,27,4.88,90.8,4.6,92.73,2.0,6.15,"[0.5244836272796214, 0.23288732724213332, 0.08545460882263023, 0.1273449549786883, 0.029829481676926804]"
episode_009,dominated,value,random_equation,70,ep009_vendor_090,NoshMeals090,False,40.52,27,4.88,90.8,4.6,92.73,2.0,6.15,"[0.19701155769137288, 0.14523381820695733, 0.08023410845009885, 0.2850196623747349, 0.29250085327683606]"
episode_009,dominated,value,random_equation,71,ep009_vendor_090,NoshMeals090,False,40.52,27,4.88,90.8,4.6,92.73,2.0,6.15,"[0.26822872264891134, 0.16345468690368053, 0.06175032326873107, 0.24814558967158237, 0.2584206775070946]"
episode_009,dominated,value,random_equation,72,ep009_vendor_090,NoshMeals090,False,40.52,27,4.88,90.8,4.6,92.73,2.0,6.15,"[0.20269642178695782, 0.015846859780698466, 0.304712884322949, 0.12544978426945194, 0.35129404983994267]"
episode_009,dominated,value,random_equation,73,ep009_vendor_090,NoshMeals090,False,40.52,27,4.88,90.8,4.6,92.73,2.0,6.15,"[0.08184213057240322, 0.4974952039849131, 0.28999385171554987, 0.1294888419505809, 0.0011799717765528306]"
episode_009,dominated,value,random_equation,74,ep009_vendor_090,NoshMeals090,False,40.52,27,4.88,90.8,4.6,92.73,2.0,6.15,"[0.006108227244443616, 0.2637280997235557, 0.2912170371131279, 0.3869719907140535, 0.05197464520481928]"
episode_009,dominated,value,random_equation,75,ep009_vendor_090,NoshMeals090,False,40.52,27,4.88,90.8,4.6,92.73,2.0,6.15,"[0.15834809679123707, 0.08552672897896615, 0.3968513794838197, 0.1271397741460651, 0.232134020599912]"
episode_009,dominated,value,random_equation,76,ep009_vendor_090,NoshMeals090,False,40.52,27,4.88,90.8,4.6,92.73,2.0,6.15,"[0.1353116123362964, 0.24328643639052872, 0.1853792056980517, 0.412577230576061, 0.023445514999062066]"
episode_009,dominated,value,random_equation,77,ep009_vendor_090,NoshMeals090,False,40.52,27,4.88,90.8,4.6,92.73,2.0,6.15,"[0.09916062873628836, 0.10730032070932391, 0.06482223827310625, 0.6612501292167186, 0.06746668306456288]"
episode_009,dominated,value,random_equation,78,ep009_vendor_090,NoshMeals090,False,40.52,27,4.88,90.8,4.6,92.73,2.0,6.15,"[0.03177676393420942, 0.031216555251809212, 0.12668248622719502, 0.10471107973205813, 0.7056131148547282]"
episode_009,dominated,value,random_equation,79,ep009_vendor_090,NoshMeals090,False,40.52,27,4.88,90.8,4.6,92.73,2.0,6.15,"[0.27900939698319305, 0.014308972998451396, 0.10016786128171382, 0.5300604742613316, 0.07645329447531009]"
episode_009,dominated,value,random_equation,80,ep009_vendor_090,NoshMeals090,False,40.52,27,4.88,90.8,4.6,92.73,2.0,6.15,"[0.48693435084249354, 0.07116305199140971, 0.037444504267787844, 0.3664776974174784, 0.03798039548083054]"
episode_009,dominated,value,random_equation,81,ep009_vendor_090,NoshMeals090,False,40.52,27,4.88,90.8,4.6,92.73,2.0,6.15,"[0.5864516131624726, 0.015811896483232318, 0.05624667945698652, 0.10232034243369797, 0.23916946846361067]"
episode_009,dominated,value,random_equation,82,ep009_vendor_090,NoshMeals090,False,40.52,27,4.88,90.8,4.6,92.73,2.0,6.15,"[0.45322112227542327, 0.26061122754296917, 0.014066270765801634, 0.06789032574510062, 0.20421105367070527]"
episode_009,dominated,value,random_equation,83,ep009_vendor_090,NoshMeals090,False,40.52,27,4.88,90.8,4.6,92.73,2.0,6.15,"[0.6279580163142637, 0.0028270678203603165, 0.12523337124186798, 0.0652044471394063, 0.17877709748410175]"
episode_009,dominated,value,random_equation,84,ep009_vendor_090,NoshMeals090,False,40.52,27,4.88,90.8,4.6,92.73,2.0,6.15,"[0.1033147772718252, 0.18084579939676187, 0.3805758302329936, 0.3220656334006623, 0.013197959697757198]"
episode_009,dominated,value,random_equation,85,ep009_vendor_090,NoshMeals090,False,40.52,27,4.88,90.8,4.6,92.73,2.0,6.15,"[0.21725056618520033, 0.3973140072831473, 0.1089570825530819, 0.2756599821977227, 0.0008183617808478391]"
episode_009,dominated,value,random_equation,86,ep009_vendor_090,NoshMeals090,False,40.52,27,4.88,90.8,4.6,92.73,2.0,6.15,"[0.10448774463506347, 0.13163507931791302, 0.01346606089689446, 0.22014607832546976, 0.5302650368246593]"
episode_009,dominated,value,random_equation,87,ep009_vendor_090,NoshMeals090,False,40.52,27,4.88,90.8,4.6,92.73,2.0,6.15,"[0.009668371359416351, 0.24643604221356122, 0.06992821166293599, 0.48340409290978265, 0.1905632818543039]"
episode_009,dominated,value,random_equation,88,ep009_vendor_090,NoshMeals090,False,40.52,27,4.88,90.8,4.6,92.73,2.0,6.15,"[0.5928096911035485, 0.11949589494474597, 0.03255203280633478, 0.08103355376940968, 0.174108827375961]"
episode_009,dominated,value,random_equation,89,ep009_vendor_090,NoshMeals090,False,40.52,27,4.88,90.8,4.6,92.73,2.0,6.15,"[0.10240343027988248, 0.0064094317220621515, 0.5635551221912203, 0.19290708317250263, 0.13472493263433255]"
episode_009,dominated,value,random_equation,90,ep009_vendor_090,NoshMeals090,False,40.52,27,4.88,90.8,4.6,92.73,2.0,6.15,"[0.20151679880606313, 0.39439568314434553, 0.08452544361153974, 0.3087716695830032, 0.010790404855048374]"
episode_009,dominated,value,random_equation,91,ep009_vendor_090,NoshMeals090,False,40.52,27,4.88,90.8,4.6,92.73,2.0,6.15,"[0.19848393417275179, 0.5093675701523513, 0.07442679524224874, 0.13691710513836064, 0.08080459529428749]"
episode_009,dominated,value,random_equation,92,ep009_vendor_090,NoshMeals090,False,40.52,27,4.88,90.8,4.6,92.73,2.0,6.15,"[0.036150376733477575, 0.1076727337501019, 0.3065660091956789, 0.24005673806591796, 0.30955414225482364]"
episode_009,dominated,value,random_equation,93,ep009_vendor_090,NoshMeals090,False,40.52,27,4.88,90.8,4.6,92.73,2.0,6.15,"[0.09122267725400574, 0.19391017072313682, 0.18863924443413171, 0.015979620600148063, 0.5102482869885777]"
episode_009,dominated,value,random_equation,94,ep009_vendor_090,NoshMeals090,False,40.52,27,4.88,90.8,4.6,92.73,2.0,6.15,"[0.1795116347375341, 0.02047136304561242, 0.3502680067254379, 0.2754299963770747, 0.17431899911434082]"
episode_009,dominated,value,random_equation,95,ep009_vendor_090,NoshMeals090,False,40.52,27,4.88,90.8,4.6,92.73,2.0,6.15,"[0.14444081096765157, 0.010895701626858151, 0.022084888732449886, 0.7236107776918516, 0.09896782098118898]"
episode_009,dominated,value,random_equation,96,ep009_vendor_090,NoshMeals090,False,40.52,27,4.88,90.8,4.6,92.73,2.0,6.15,"[0.21446525390606858, 0.25756723767708917, 0.10389179807968406, 0.31490837561593565, 0.10916733472122246]"
episode_009,dominated,value,random_equation,97,ep009_vendor_090,NoshMeals090,False,40.52,27,4.88,90.8,4.6,92.73,2.0,6.15,"[0.4309781977693441, 0.22474726450861177, 0.27273408211565714, 0.05861105539495528, 0.012929400211431666]"
episode_009,dominated,value,random_equation,98,ep009_vendor_090,NoshMeals090,False,40.52,27,4.88,90.8,4.6,92.73,2.0,6.15,"[0.1497686355268664, 0.2104247007975055, 0.3729072495508138, 0.06453040436219183, 0.20236900976262248]"
episode_009,dominated,value,random_equation,99,ep009_vendor_090,NoshMeals090,False,40.52,27,4.88,90.8,4.6,92.73,2.0,6.15,"[0.6452748770686435, 0.1258471020119762, 0.13583052534730333, 0.003390756926735155, 0.08965673864534189]"
episode_010,dominated,balanced,price_first,,ep010_vendor_060,SwiftHub060,False,22.19,34,4.89,86.31,7.0,88.84,1.49,4.97,
episode_010,dominated,balanced,eta_first,,ep010_vendor_026,FeastBite026,False,22.6,24,4.28,81.68,5.22,82.73,1.78,5.54,
episode_010,dominated,balanced,rating_first,,ep010_vendor_060,SwiftHub060,False,22.19,34,4.89,86.31,7.0,88.84,1.49,4.97,
episode_010,dominated,balanced,reliability_first,,ep010_vendor_052,FeastCart052,False,27.37,29,4.88,91.79,4.9,95.07,6.39,5.67,
episode_010,dominated,balanced,balanced_equation,,ep010_vendor_020,DashExpress020,False,24.45,29,4.89,89.37,5.98,92.55,1.91,12.34,
episode_010,dominated,balanced,random_equation,0,ep010_vendor_020,DashExpress020,False,24.45,29,4.89,89.37,5.98,92.55,1.91,12.34,"[0.08486731125372758, 0.26010890701162803, 0.08101826590693878, 0.29051936145534474, 0.28348615437236074]"
episode_010,dominated,balanced,random_equation,1,ep010_vendor_060,SwiftHub060,False,22.19,34,4.89,86.31,7.0,88.84,1.49,4.97,"[0.38292075806882114, 0.12367697352059398, 0.14272105048128586, 0.02052731953004984, 0.33015389839924925]"
episode_010,dominated,balanced,random_equation,2,ep010_vendor_020,DashExpress020,False,24.45,29,4.89,89.37,5.98,92.55,1.91,12.34,"[0.08782926533158453, 0.38743223993305925, 0.038941169600336674, 0.4509431363261751, 0.034854188808844506]"
episode_010,dominated,balanced,random_equation,3,ep010_vendor_060,SwiftHub060,False,22.19,34,4.89,86.31,7.0,88.84,1.49,4.97,"[0.06886183085068716, 0.021741884985075732, 0.1431097790163589, 0.3131756985061321, 0.45311080664174613]"
episode_010,dominated,balanced,random_equation,4,ep010_vendor_020,DashExpress020,False,24.45,29,4.89,89.37,5.98,92.55,1.91,12.34,"[0.03270575059266793, 0.20895008666490347, 0.09650215799251625, 0.25772886596094363, 0.40411313878896876]"
episode_010,dominated,balanced,random_equation,5,ep010_vendor_020,DashExpress020,False,24.45,29,4.89,89.37,5.98,92.55,1.91,12.34,"[0.14707200453873273, 0.14572697359899714, 0.2590070598299812, 0.3781204446228428, 0.07007351740944615]"
episode_010,dominated,balanced,random_equation,6,ep010_vendor_060,SwiftHub060,False,22.19,34,4.89,86.31,7.0,88.84,1.49,4.97,"[0.17635764512010335, 0.15668706675520921, 0.1176589194259567, 0.2661791636125525, 0.28311720508617816]"
episode_010,dominated,balanced,random_equation,7,ep010_vendor_060,SwiftHub060,False,22.19,34,4.89,86.31,7.0,88.84,1.49,4.97,"[0.02758282667130923, 0.013225493797263484, 0.26278501561180884, 0.24919508862782352, 0.4472115752917948]"
episode_010,dominated,balanced,random_equation,8,ep010_vendor_026,FeastBite026,False,22.6,24,4.28,81.68,5.22,82.73,1.78,5.54,"[0.23307600994648428, 0.23013658984369728, 0.08132848840108269, 0.027546659274183982, 0.42791225253455184]"
episode_010,dominated,balanced,random_equation,9,ep010_vendor_020,DashExpress020,False,24.45,29,4.89,89.37,5.98,92.55,1.91,12.34,"[0.15927681932108975, 0.2631114865168406, 0.45978509867273704, 0.05053163189751293, 0.06729496359181969]"
episode_010,dominated,balanced,random_equation,10,ep010_vendor_026,FeastBite026,False,22.6,24,4.28,81.68,5.22,82.73,1.78,5.54,"[0.2713258137343186, 0.3535742008155487, 0.007015689749775669, 0.14959542386451471, 0.21848887183584217]"
episode_010,dominated,balanced,random_equation,11,ep010_vendor_026,FeastBite026,False,22.6,24,4.28,81.68,5.22,82.73,1.78,5.54,"[0.24787386448823143, 0.2587410457346706, 0.17303609864451439, 0.025412509222488486, 0.294936481910095]"
episode_010,dominated,balanced,random_equation,12,ep010_vendor_026,FeastBite026,False,22.6,24,4.28,81.68,5.22,82.73,1.78,5.54,"[0.32118426581471354, 0.30404814795243346, 0.07830321940619962, 0.24941823513449612, 0.04704613169215732]"
episode_010,dominated,balanced,random_equation,13,ep010_vendor_026,FeastBite026,False,22.6,24,4.28,81.68,5.22,82.73,1.78,5.54,"[0.017466484257148317, 0.4501053721369909, 0.30174080545937876, 0.04900059108098731, 0.18168674706549456]"
episode_010,dominated,balanced,random_equation,14,ep010_vendor_020,DashExpress020,False,24.45,29,4.89,89.37,5.98,92.55,1.91,12.34,"[0.03999537144186884, 0.18960783362632866, 0.46169033297423173, 0.15255655821770928, 0.15614990373986137]"
episode_010,dominated,balanced,random_equation,15,ep010_vendor_060,SwiftHub060,False,22.19,34,4.89,86.31,7.0,88.84,1.49,4.97,"[0.1526328530734269, 0.1164849729643874, 0.19202289702310915, 0.05277218416545242, 0.4860870927736242]"
episode_010,dominated,balanced,random_equation,16,ep010_vendor_026,FeastBite026,False,22.6,24,4.28,81.68,5.22,82.73,1.78,5.54,"[0.12135895407111166, 0.37335523615047184, 0.10654083569087262, 0.021477862446348833, 0.3772671116411952]"
episode_010,dominated,balanced,random_equation,17,ep010_vendor_026,FeastBite026,False,22.6,24,4.28,81.68,5.22,82.73,1.78,5.54,"[0.4005369080059084, 0.38412312819503747, 0.08200222121091731, 0.058370327792858966, 0.0749674147952779]"
episode_010,dominated,balanced,random_equation,18,ep010_vendor_020,DashExpress020,False,24.45,29,4.89,89.37,5.98,92.55,1.91,12.34,"[0.06648091390600537, 0.03512264241859734, 0.4655276629562438, 0.3374772160527819, 0.09539156466637154]"
episode_010,dominated,balanced,random_equation,19,ep010_vendor_020,DashExpress020,False,24.45,29,4.89,89.37,5.98,92.55,1.91,12.34,"[0.10258290899030818, 0.08548454437745037, 0.5787315959745643, 0.1153123200613097, 0.1178886305963674]"
episode_010,dominated,balanced,random_equation,20,ep010_vendor_052,FeastCart052,False,27.37,29,4.88,91.79,4.9,95.07,6.39,5.67,"[0.105253737059501, 0.1585801147895523, 0.588449460238029, 0.12963873700550907, 0.018077950907408474]"
episode_010,dominated,balanced,random_equation,21,ep010_vendor_020,DashExpress020,False,24.45,29,4.89,89.37,5.98,92.55,1.91,12.34,"[0.05001581311509666, 0.33287938020236524, 0.14006042985947342, 0.3169279569041031, 0.1601164199189616]"
episode_010,dominated,balanced,random_equation,22,ep010_vendor_026,FeastBite026,False,22.6,24,4.28,81.68,5.22,82.73,1.78,5.54,"[0.06489820495549373, 0.5272691799051321, 0.1406268553381068, 0.024411609456402805, 0.2427941503448646]"
episode_010,dominated,balanced,random_equation,23,ep010_vendor_060,SwiftHub060,False,22.19,34,4.89,86.31,7.0,88.84,1.49,4.97,"[0.17048107860755898, 0.02678404215453362, 0.2183466887098736, 0.3634190786481681, 0.2209691118798659]"
episode_010,dominated,balanced,random_equation,24,ep010_vendor_026,FeastBite026,False,22.6,24,4.28,81.68,5.22,82.73,1.78,5.54,"[0.5207772970670681, 0.18500487552914952, 0.045624225814346844, 0.08105714102444746, 0.16753646056498805]"
episode_010,dominated,balanced,random_equation,25,ep010_vendor_020,DashExpress020,False,24.45,29,4.89,89.37,5.98,92.55,1.91,12.34,"[0.0038613504324075147, 0.051793547608052735, 0.30414789661343006, 0.21967677932242324, 0.4205204260236864]"
episode_010,dominated,balanced,random_equation,26,ep010_vendor_060,SwiftHub060,False,22.19,34,4.89,86.31,7.0,88.84,1.49,4.97,"[0.30241482015575943, 0.1296348183845287, 0.2810031879093663, 0.09587557582237283, 0.19107159772797272]"
episode_010,dominated,balanced,random_equation,27,ep010_vendor_020,DashExpress020,False,24.45,29,4.89,89.37,5.98,92.55,1.91,12.34,"[0.15584127392218833, 0.07650522251852443, 0.21869277406007165, 0.4790635796676103, 0.06989714983160526]"
episode_010,dominated,balanced,random_equation,28,ep010_vendor_060,SwiftHub060,False,22.19,34,4.89,86.31,7.0,88.84,1.49,4.97,"[0.08207337948387769, 0.10462998122127261, 0.014085384439797111, 0.2973384757088751, 0.5018727791461776]"
episode_010,dominated,balanced,random_equation,29,ep010_vendor_020,DashExpress020,False,24.45,29,4.89,89.37,5.98,92.55,1.91,12.34,"[0.011225261067165712, 0.15419697040567307, 0.2920552292886456, 0.04173693202106706, 0.5007856072174486]"
episode_010,dominated,balanced,random_equation,30,ep010_vendor_020,DashExpress020,False,24.45,29,4.89,89.37,5.98,92.55,1.91,12.34,"[0.03143914086366506, 0.2944700192577315, 0.12347392188342723, 0.3368085695759445, 0.21380834841923174]"
episode_010,dominated,balanced,random_equation,31,ep010_vendor_026,FeastBite026,False,22.6,24,4.28,81.68,5.22,82.73,1.78,5.54,"[0.15262386194346925, 0.47411070580692055, 0.13974968719640715, 0.13481745504257064, 0.09869829001063236]"
episode_010,dominated,balanced,random_equation,32,ep010_vendor_060,SwiftHub060,False,22.19,34,4.89,86.31,7.0,88.84,1.49,4.97,"[0.4379690402900426, 0.056470830271091836, 0.07624163831517676, 0.06830018165662265, 0.3610183094670663]"
episode_010,dominated,balanced,random_equation,33,ep010_vendor_020,DashExpress020,False,24.45,29,4.89,89.37,5.98,92.55,1.91,12.34,"[0.2135731357994075, 0.08318451968473772, 0.37220093405152666, 0.2047806372058784, 0.12626077325844967]"
episode_010,dominated,balanced,random_equation,34,ep010_vendor_060,SwiftHub060,False,22.19,34,4.89,86.31,7.0,88.84,1.49,4.97,"[0.6754655829368699, 0.030898868095128193, 0.12821110132699423, 0.044080548801619254, 0.12134389883938834]"
episode_010,dominated,balanced,random_equation,35,ep010_vendor_060,SwiftHub060,False,22.19,34,4.89,86.31,7.0,88.84,1.49,4.97,"[0.09667664365974303, 0.0360201874186213, 0.2963072905076254, 0.06765613070439278, 0.5033397477096175]"
episode_010,dominated,balanced,random_equation,36,ep010_vendor_026,FeastBite026,False,22.6,24,4.28,81.68,5.22,82.73,1.78,5.54,"[0.05810610526684633, 0.6767010895725476, 0.01311756588414285, 0.04042303553413838, 0.211652203742325]"
episode_010,dominated,balanced,random_equation,37,ep010_vendor_020,DashExpress020,False,24.45,29,4.89,89.37,5.98,92.55,1.91,12.34,"[0.1621894842234364, 0.09277065258253467, 0.27146551913534367, 0.45251780327560165, 0.02105654078308366]"
episode_010,dominated,balanced,random_equation,38,ep010_vendor_060,SwiftHub060,False,22.19,34,4.89,86.31,7.0,88.84,1.49,4.97,"[0.2990633307504823, 0.1205749212159004, 0.06770571146720217, 0.08174133448688822, 0.43091470207952687]"
episode_010,dominated,balanced,random_equation,39,ep010_vendor_020,DashExpress020,False,24.45,29,4.89,89.37,5.98,92.55,1.91,12.34,"[0.013680444564277944, 0.11045369535532797, 0.3030692007416568, 0.36953333240832253, 0.20326332693041477]"
episode_010,dominated,balanced,random_equation,40,ep010_vendor_020,DashExpress020,False,24.45,29,4.89,89.37,5.98,92.55,1.91,12.34,"[0.0227167678996419, 0.28305731468170925, 0.04552329135189003, 0.49102723510083657, 0.15767539096592223]"
episode_010,dominated,balanced,random_equation,41,ep010_vendor_020,DashExpress020,False,24.45,29,4.89,89.37,5.98,92.55,1.91,12.34,"[0.007213189159206557, 0.07417526188462635, 0.5299247301191682, 0.3118507809495581, 0.0768360378874408]"
episode_010,dominated,balanced,random_equation,42,ep010_vendor_026,FeastBite026,False,22.6,24,4.28,81.68,5.22,82.73,1.78,5.54,"[0.2305615732408193, 0.3529854196103362, 0.06748184415907527, 0.172593388869177, 0.17637777412059227]"
episode_010,dominated,balanced,random_equation,43,ep010_vendor_026,FeastBite026,False,22.6,24,4.28,81.68,5.22,82.73,1.78,5.54,"[0.08518051395034708, 0.5368145340016984, 0.015173161313244171, 0.16689709700539884, 0.19593469372931152]"
episode_010,dominated,balanced,random_equation,44,ep010_vendor_020,DashExpress020,False,24.45,29,4.89,89.37,5.98,92.55,1.91,12.34,"[0.010638477428458984, 0.21643363392006523, 0.04502138066913217, 0.605552152500521, 0.12235435548182272]"
episode_010,dominated,balanced,random_equation,45,ep010_vendor_026,FeastBite026,False,22.6,24,4.28,81.68,5.22,82.73,1.78,5.54,"[0.38864220007479616, 0.252425921812674, 0.1389369371693902, 0.07895673597589467, 0.1410382049672449]"
episode_010,dominated,balanced,random_equation,46,ep010_vendor_020,DashExpress020,False,24.45,29,4.89,89.37,5.98,92.55,1.91,12.34,"[0.022809560298064392, 0.29926610067137915, 0.24311382395483278, 0.0707721469806693, 0.36403836809505435]"
episode_010,dominated,balanced,random_equation,47,ep010_vendor_026,FeastBite026,False,22.6,24,4.28,81.68,5.22,82.73,1.78,5.54,"[0.21469668423152524, 0.38081652852007575, 0.3935363850575422, 0.010379072835109863, 0.0005713293557470196]"
episode_010,dominated,balanced,random_equation,48,ep010_vendor_020,DashExpress020,False,24.45,29,4.89,89.37,5.98,92.55,1.91,12.34,"[0.1263017751634262, 0.2036144046743429, 0.1223852054493205, 0.14670085086226087, 0.40099776385064956]"
episode_010,dominated,balanced,random_equation,49,ep010_vendor_020,DashExpress020,False,24.45,29,4.89,89.37,5.98,92.55,1.91,12.34,"[0.026597418928329238, 0.21211334771714982, 0.36928075171287733, 0.13661245812045958, 0.25539602352118407]"
episode_010,dominated,balanced,random_equation,50,ep010_vendor_069,PrimeRunner069,False,25.48,28,4.83,89.77,5.6,93.13,2.39,11.06,"[0.02316607242130292, 0.41677377741278937, 0.30115264978636686, 0.21338292072848977, 0.04552457965105118]"
episode_010,dominated,balanced,random_equation,51,ep010_vendor_060,SwiftHub060,False,22.19,34,4.89,86.31,7.0,88.84,1.49,4.97,"[0.4934719768103593, 0.06910881839060261, 0.07382096912006081, 0.14513972809094935, 0.21845850758802782]"
episode_010,dominated,balanced,random_equation,52,ep010_vendor_020,DashExpress020,False,24.45,29,4.89,89.37,5.98,92.55,1.91,12.34,"[0.10904161822318174, 0.1535819815641018, 0.5359211044298621, 0.12205252117207471, 0.07940277461077959]"
episode_010,dominated,balanced,random_equation,53,ep010_vendor_020,DashExpress020,False,24.45,29,4.89,89.37,5.98,92.55,1.91,12.34,"[0.03333089226106221, 0.0963448489995667, 0.3168167522628779, 0.23658809972436542, 0.31691940675212776]"
episode_010,dominated,balanced,random_equation,54,ep010_vendor_052,FeastCart052,False,27.37,29,4.88,91.79,4.9,95.07,6.39,5.67,"[0.01781832639111341, 0.12128519300666517, 0.5912315859648266, 0.21044384851139925, 0.05922104612599566]"
episode_010,dominated,balanced,random_equation,55,ep010_vendor_020,DashExpress020,False,24.45,29,4.89,89.37,5.98,92.55,1.91,12.34,"[0.064756014736698, 0.18978797338456063, 0.24195071130400625, 0.18058973942206424, 0.32291556115267084]"
episode_010,dominated,balanced,random_equation,56,ep010_vendor_026,FeastBite026,False,22.6,24,4.28,81.68,5.22,82.73,1.78,5.54,"[0.019052361566123947, 0.3961890672439155, 0.2534267487606919, 0.005653883429057448, 0.3256779390002112]"
episode_010,dominated,balanced,random_equation,57,ep010_vendor_020,DashExpress020,False,24.45,29,4.89,89.37,5.98,92.55,1.91,12.34,"[0.2926966989136028, 0.18319893861855482, 0.341202859307784, 0.11534974160049358, 0.06755176155956483]"
episode_010,dominated,balanced,random_equation,58,ep010_vendor_020,DashExpress020,False,24.45,29,4.89,89.37,5.98,92.55,1.91,12.34,"[0.19418224341454038, 0.10501608203376549, 0.31093540805757386, 0.3817866522653848, 0.008079614228735358]"
episode_010,dominated,balanced,random_equation,59,ep010_vendor_060,SwiftHub060,False,22.19,34,4.89,86.31,7.0,88.84,1.49,4.97,"[0.5616009403715508, 0.008517216759909107, 0.28742261809755876, 0.033026360698270286, 0.10943286407271091]"
episode_010,dominated,balanced,random_equation,60,ep010_vendor_026,FeastBite026,False,22.6,24,4.28,81.68,5.22,82.73,1.78,5.54,"[0.17471998542838282, 0.5413623333690044, 0.04309864354943889, 0.034211585560954924, 0.2066074520922189]"
episode_010,dominated,balanced,random_equation,61,ep010_vendor_060,SwiftHub060,False,22.19,34,4.89,86.31,7.0,88.84,1.49,4.97,"[0.544472115958021, 0.003230835654385506, 0.2609341955344304, 0.1599830159678533, 0.031379836885309785]"
episode_010,dominated,balanced,random_equation,62,ep010_vendor_060,SwiftHub060,False,22.19,34,4.89,86.31,7.0,88.84,1.49,4.97,"[0.5371659746742502, 0.016097386500138502, 0.072099298767652, 0.012001604887174097, 0.3626357351707852]"
episode_010,dominated,balanced,random_equation,63,ep010_vendor_020,DashExpress020,False,24.45,29,4.89,89.37,5.98,92.55,1.91,12.34,"[0.1440170059386129, 0.07052150811498736, 0.6789498013734031, 0.06387193684156744, 0.04263974773142912]"
episode_010,dominated,balanced,random_equation,64,ep010_vendor_026,FeastBite026,False,22.6,24,4.28,81.68,5.22,82.73,1.78,5.54,"[0.377376158946714, 0.2670155575328814, 0.15286070772750077, 0.16921989726913197, 0.033527678523771885]"
episode_010,dominated,balanced,random_equation,65,ep010_vendor_060,SwiftHub060,False,22.19,34,4.89,86.31,7.0,88.84,1.49,4.97,"[0.18641464878947367, 0.04091775326427612, 0.1414584883336638, 0.13949124014913974, 0.4917178694634467]"
episode_010,dominated,balanced,random_equation,66,ep010_vendor_020,DashExpress020,False,24.45,29,4.89,89.37,5.98,92.55,1.91,12.34,"[0.024305955944777045, 0.022394088942315628, 0.29194441363824625, 0.5006632869285712, 0.16069225454608987]"
episode_010,dominated,balanced,random_equation,67,ep010_vendor_020,DashExpress020,False,24.45,29,4.89,89.37,5.98,92.55,1.91,12.34,"[0.022063719920767253, 0.13869992488465993, 0.2570264432940965, 0.3111236156332829, 0.27108629626719344]"
episode_010,dominated,balanced,random_equation,68,ep010_vendor_020,DashExpress020,False,24.45,29,4.89,89.37,5.98,92.55,1.91,12.34,"[0.08094432597041798, 0.06937803278258065, 0.1244148933722104, 0.5368777442812661, 0.18838500359352475]"
episode_010,dominated,balanced,random_equation,69,ep010_vendor_060,SwiftHub060,False,22.19,34,4.89,86.31,7.0,88.84,1.49,4.97,"[0.11399669337641502, 0.040083917273464206, 0.10548431678089651, 0.19309032477185162, 0.5473447477973727]"
episode_010,dominated,balanced,random_equation,70,ep010_vendor_060,SwiftHub060,False,22.19,34,4.89,86.31,7.0,88.84,1.49,4.97,"[0.1982137804222133, 0.08840304675159807, 0.036832436133941784, 0.6727225597273194, 0.0038281769649274235]"
episode_010,dominated,balanced,random_equation,71,ep010_vendor_026,FeastBite026,False,22.6,24,4.28,81.68,5.22,82.73,1.78,5.54,"[0.139296368303412, 0.4642992189892923, 0.06790570291540866, 0.02387795498660477, 0.3046207548052824]"
episode_010,dominated,balanced,random_equation,72,ep010_vendor_020,DashExpress020,False,24.45,29,4.89,89.37,5.98,92.55,1.91,12.34,"[0.024991404541058335, 0.019586129552384077, 0.6152759083703712, 0.1627916350039853, 0.17735492253220128]"
episode_010,dominated,balanced,random_equation,73,ep010_vendor_020,DashExpress020,False,24.45,29,4.89,89.37,5.98,92.55,1.91,12.34,"[0.0928810788327216, 0.0925857213548503, 0.5197563631500237, 0.02979418517102639, 0.264982651491378]"
episode_010,dominated,balanced,random_equation,74,ep010_vendor_020,DashExpress020,False,24.45,29,4.89,89.37,5.98,92.55,1.91,12.34,"[0.11247959685938604, 0.21063701889419006, 0.24396458182429104, 0.10627919951496241, 0.32663960290717037]"
episode_010,dominated,balanced,random_equation,75,ep010_vendor_060,SwiftHub060,False,22.19,34,4.89,86.31,7.0,88.84,1.49,4.97,"[0.2507173488178551, 0.038503404477461686, 0.0073797476629839185, 0.22175594837488294, 0.48164355066681636]"
episode_010,dominated,balanced,random_equation,76,ep010_vendor_020,DashExpress020,False,24.45,29,4.89,89.37,5.98,92.55,1.91,12.34,"[0.0828646391417219, 0.33969366887495284, 0.19840310745772233, 0.15934731320904572, 0.21969127131655733]"
episode_010,dominated,balanced,random_equation,77,ep010_vendor_060,SwiftHub060,False,22.19,34,4.89,86.31,7.0,88.84,1.49,4.97,"[0.23566746259712223, 0.01113051864179221, 0.08821777248159257, 0.22258096456547663, 0.4424032817140163]"
episode_010,dominated,balanced,random_equation,78,ep010_vendor_020,DashExpress020,False,24.45,29,4.89,89.37,5.98,92.55,1.91,12.34,"[0.034429537023350276, 0.07299321734509985, 0.39848013127896376, 0.047010862950460204, 0.4470862514021259]"
episode_010,dominated,balanced,random_equation,79,ep010_vendor_026,FeastBite026,False,22.6,24,4.28,81.68,5.22,82.73,1.78,5.54,"[0.47633586744281753, 0.20890841298296045, 0.1429865795716848, 0.10259910327128607, 0.0691700367312512]"
episode_010,dominated,balanced,random_equation,80,ep010_vendor_026,FeastBite026,False,22.6,24,4.28,81.68,5.22,82.73,1.78,5.54,"[0.2202494486149613, 0.3970478883460234, 0.14176148113616033, 0.1184861942944217, 0.12245498760843321]"
episode_010,dominated,balanced,random_equation,81,ep010_vendor_020,DashExpress020,False,24.45,29,4.89,89.37,5.98,92.55,1.91,12.34,"[0.043472864128850874, 0.0505634803126736, 0.23350441455129883, 0.29878345410548257, 0.3736757869016941]"
episode_010,dominated,balanced,random_equation,82,ep010_vendor_060,SwiftHub060,False,22.19,34,4.89,86.31,7.0,88.84,1.49,4.97,"[0.0553805750265547, 0.02237155421593723, 0.2775138468027964, 0.14267925199102668, 0.502054771963685]"
episode_010,dominated,balanced,random_equation,83,ep010_vendor_060,SwiftHub060,False,22.19,34,4.89,86.31,7.0,88.84,1.49,4.97,"[0.39061885403260455, 0.06519433004691245, 0.044735899956212466, 0.4392441078010839, 0.06020680816318665]"
episode_010,dominated,balanced,random_equation,84,ep010_vendor_060,SwiftHub060,False,22.19,34,4.89,86.31,7.0,88.84,1.49,4.97,"[0.47938283051019076, 0.12682378565239172, 0.008737042193699923, 0.24412603945313688, 0.14093030219058075]"
episode_010,dominated,balanced,random_equation,85,ep010_vendor_039,BlinkExpress039,False,23.98,25,4.45,80.85,7.13,83.14,1.53,13.29,"[0.13943136659997382, 0.2030063879664247, 0.017117115510534065, 0.2576613702030989, 0.38278375971996864]"
episode_010,dominated,balanced,random_equation,86,ep010_vendor_020,DashExpress020,False,24.45,29,4.89,89.37,5.98,92.55,1.91,12.34,"[0.006923567209446042, 0.3683422857262618, 0.0807712892097193, 0.34560163244573516, 0.1983612254088377]"
episode_010,dominated,balanced,random_equation,87,ep010_vendor_020,DashExpress020,False,24.45,29,4.89,89.37,5.98,92.55,1.91,12.34,"[0.09599768185240425, 0.19937335155309663, 0.2298586952619844, 0.22864049891801508, 0.24612977241449963]"
episode_010,dominated,balanced,random_equation,88,ep010_vendor_060,SwiftHub060,False,22.19,34,4.89,86.31,7.0,88.84,1.49,4.97,"[0.07769436997038086, 0.021647150321070594, 0.15136299993800437, 0.6179785326320525, 0.13131694713849154]"
episode_010,dominated,balanced,random_equation,89,ep010_vendor_020,DashExpress020,False,24.45,29,4.89,89.37,5.98,92.55,1.91,12.34,"[0.12947406829155675, 0.2710659998584755, 0.04749331096436065, 0.5298953850412823, 0.02207123584432471]"
episode_010,dominated,balanced,random_equation,90,ep010_vendor_026,FeastBite026,False,22.6,24,4.28,81.68,5.22,82.73,1.78,5.54,"[0.1773505766368191, 0.23452205926346886, 0.18707159555811326, 0.06548199861819301, 0.3355737699234059]"
episode_010,dominated,balanced,random_equation,91,ep010_vendor_020,DashExpress020,False,24.45,29,4.89,89.37,5.98,92.55,1.91,12.34,"[0.013346755202086134, 0.2214835731149965, 0.2449532614378431, 0.2200565498124878, 0.30015986043258647]"
episode_010,dominated,balanced,random_equation,92,ep010_vendor_020,DashExpress020,False,24.45,29,4.89,89.37,5.98,92.55,1.91,12.34,"[0.013899252590704313, 0.10071223337029675, 0.1428246822937287, 0.23027432790858404, 0.5122895038366863]"
episode_010,dominated,balanced,random_equation,93,ep010_vendor_026,FeastBite026,False,22.6,24,4.28,81.68,5.22,82.73,1.78,5.54,"[0.11798260093657295, 0.4574030073633168, 0.13301727384016543, 0.219515508560757, 0.0720816092991878]"
episode_010,dominated,balanced,random_equation,94,ep010_vendor_069,PrimeRunner069,False,25.48,28,4.83,89.77,5.6,93.13,2.39,11.06,"[0.017973186557369913, 0.2751418130832901, 0.5401022350783139, 0.10774687755625253, 0.05903588772477352]"
episode_010,dominated,balanced,random_equation,95,ep010_vendor_026,FeastBite026,False,22.6,24,4.28,81.68,5.22,82.73,1.78,5.54,"[0.4358878269390676, 0.2558289434537563, 0.2174946308336171, 0.08497456569406987, 0.005814033079489174]"
episode_010,dominated,balanced,random_equation,96,ep010_vendor_026,FeastBite026,False,22.6,24,4.28,81.68,5.22,82.73,1.78,5.54,"[0.16039134461686108, 0.3578980391028179, 0.37781052271684434, 0.009707014912366313, 0.09419307865111043]"
episode_010,dominated,balanced,random_equation,97,ep010_vendor_026,FeastBite026,False,22.6,24,4.28,81.68,5.22,82.73,1.78,5.54,"[0.08212913578542004, 0.48495483223906544, 0.0031691494966427816, 0.22528158156811715, 0.20446530091075454]"
episode_010,dominated,balanced,random_equation,98,ep010_vendor_060,SwiftHub060,False,22.19,34,4.89,86.31,7.0,88.84,1.49,4.97,"[0.21268684671823648, 0.06759393568568371, 0.19215516806949753, 0.2387827053141949, 0.2887813442123874]"
episode_010,dominated,balanced,random_equation,99,ep010_vendor_060,SwiftHub060,False,22.19,34,4.89,86.31,7.0,88.84,1.49,4.97,"[0.37988124502374443, 0.10603788702242219, 0.33338893096034655, 0.12151905075645397, 0.05917288623703288]"
episode_011,near_tie,rating,price_first,,ep011_vendor_054,PrimeDrop054,False,67.73,38,3.64,73.61,9.62,81.88,2.01,3.51,
episode_011,near_tie,rating,eta_first,,ep011_vendor_013,RocketNow013,False,72.62,24,3.59,76.7,9.34,87.44,3.26,8.41,
episode_011,near_tie,rating,rating_first,,ep011_vendor_072,NoshDrop072,False,70.68,39,4.86,84.27,7.54,86.39,2.67,6.16,
episode_011,near_tie,rating,reliability_first,,ep011_vendor_050,CityMeals050,False,75.89,32,4.77,89.5,7.41,96.48,4.41,8.82,
episode_011,near_tie,rating,balanced_equation,,ep011_vendor_040,RocketCart040,False,70.36,26,4.83,89.31,4.71,90.68,3.15,3.55,
episode_011,near_tie,rating,random_equation,0,ep011_vendor_044,BlinkBite044,False,68.44,33,4.79,85.75,7.27,89.21,1.82,5.72,"[0.017387367965175194, 0.005931541580161528, 0.45994675424101195, 0.2334738967167298, 0.2832604394969215]"
episode_011,near_tie,rating,random_equation,1,ep011_vendor_040,RocketCart040,False,70.36,26,4.83,89.31,4.71,90.68,3.15,3.55,"[0.07800681491546943, 0.2738240706004442, 0.4214892248206287, 0.0248086223950453, 0.20187126726841226]"
episode_011,near_tie,rating,random_equation,2,ep011_vendor_040,RocketCart040,False,70.36,26,4.83,89.31,4.71,90.68,3.15,3.55,"[0.15631312248766296, 0.2861469973167703, 0.1020278582547463, 0.16596188415172752, 0.2895501377890929]"
episode_011,near_tie,rating,random_equation,3,ep011_vendor_044,BlinkBite044,False,68.44,33,4.79,85.75,7.27,89.21,1.82,5.72,"[0.1537298002095753, 0.05289407870398141, 0.141170960320823, 0.24495180678339434, 0.4072533539822259]"
episode_011,near_tie,rating,random_equation,4,ep011_vendor_044,BlinkBite044,False,68.44,33,4.79,85.75,7.27,89.21,1.82,5.72,"[0.17783380862493348, 0.08846143908397769, 0.31948846455543983, 0.06647438864008763, 0.34774189909556147]"
episode_011,near_tie,rating,random_equation,5,ep011_vendor_044,BlinkBite044,False,68.44,33,4.79,85.75,7.27,89.21,1.82,5.72,"[0.612587378133676, 0.02893111847439671, 0.06531864688664023, 0.09749365131682029, 0.1956692051884668]"
episode_011,near_tie,rating,random_equation,6,ep011_vendor_044,BlinkBite044,False,68.44,33,4.79,85.75,7.27,89.21,1.82,5.72,"[0.1937147021990385, 0.02377166592439571, 0.2095509641078251, 0.2168836883232251, 0.35607897944551553]"
episode_011,near_tie,rating,random_equation,7,ep011_vendor_044,BlinkBite044,False,68.44,33,4.79,85.75,7.27,89.21,1.82,5.72,"[0.08107762481800172, 0.048225807672065905, 0.1695196325421714, 0.22370946235800895, 0.47746747260975203]"
episode_011,near_tie,rating,random_equation,8,ep011_vendor_040,RocketCart040,False,70.36,26,4.83,89.31,4.71,90.68,3.15,3.55,"[0.13717916430256674, 0.38962003342527085, 0.11101103311618493, 0.3031664362302859, 0.059023332925691625]"
episode_011,near_tie,rating,random_equation,9,ep011_vendor_040,RocketCart040,False,70.36,26,4.83,89.31,4.71,90.68,3.15,3.55,"[0.25898218110537874, 0.041658833615658857, 0.5419600920416873, 0.09787480801706745, 0.05952408522020763]"
episode_011,near_tie,rating,random_equation,10,ep011_vendor_044,BlinkBite044,False,68.44,33,4.79,85.75,7.27,89.21,1.82,5.72,"[0.049173102936967424, 0.06559838716888637, 0.19077717374507555, 0.1252227443826808, 0.5692285917663898]"
episode_011,near_tie,rating,random_equation,11,ep011_vendor_040,RocketCart040,False,70.36,26,4.83,89.31,4.71,90.68,3.15,3.55,"[0.14874969747066738, 0.031618925829508336, 0.6471238512456373, 0.16444686243704146, 0.008060663017145529]"
episode_011,near_tie,rating,random_equation,12,ep011_vendor_044,BlinkBite044,False,68.44,33,4.79,85.75,7.27,89.21,1.82,5.72,"[0.18709524122640683, 0.2623202466318555, 0.012716959178929902, 0.14382007950790926, 0.39404747345489843]"
episode_011,near_tie,rating,random_equation,13,ep011_vendor_040,RocketCart040,False,70.36,26,4.83,89.31,4.71,90.68,3.15,3.55,"[0.08260759603096178, 0.0016012767613694237, 0.5667681187050856, 0.26920312874852254, 0.07981987975406057]"
episode_011,near_tie,rating,random_equation,14,ep011_vendor_040,RocketCart040,False,70.36,26,4.83,89.31,4.71,90.68,3.15,3.55,"[0.0826762712629207, 0.29886575807731847, 0.17289703534477838, 0.14612682637289687, 0.2994341089420856]"
episode_011,near_tie,rating,random_equation,15,ep011_vendor_040,RocketCart040,False,70.36,26,4.83,89.31,4.71,90.68,3.15,3.55,"[0.4545091008146809, 0.11819798039755049, 0.24937083759723994, 0.14634404934774528, 0.03157803184278338]"
episode_011,near_tie,rating,random_equation,16,ep011_vendor_044,BlinkBite044,False,68.44,33,4.79,85.75,7.27,89.21,1.82,5.72,"[0.02238109368437851, 0.15942965066768458, 0.12158382931139296, 0.0600166275869103, 0.6365887987496337]"
episode_011,near_tie,rating,random_equation,17,ep011_vendor_044,BlinkBite044,False,68.44,33,4.79,85.75,7.27,89.21,1.82,5.72,"[0.09462520955051684, 0.011759278121494736, 0.10058087594106557, 0.5537451224712227, 0.23928951391570025]"
episode_011,near_tie,rating,random_equation,18,ep011_vendor_040,RocketCart040,False,70.36,26,4.83,89.31,4.71,90.68,3.15,3.55,"[0.07527983274917215, 0.12514491970075098, 0.421790986532022, 0.3405195971127469, 0.03726466390530785]"
episode_011,near_tie,rating,random_equation,19,ep011_vendor_044,BlinkBite044,False,68.44,33,4.79,85.75,7.27,89.21,1.82,5.72,"[0.21164118064996534, 0.00537131639964699, 0.43645478492444095, 0.03282923805792839, 0.31370347996801834]"
episode_011,near_tie,rating,random_equation,20,ep011_vendor_044,BlinkBite044,False,68.44,33,4.79,85.75,7.27,89.21,1.82,5.72,"[0.24340393102997362, 0.0775107051999281, 0.06155016798052921, 0.054915532470624216, 0.5626196633189448]"
episode_011,near_tie,rating,random_equation,21,ep011_vendor_040,RocketCart040,False,70.36,26,4.83,89.31,4.71,90.68,3.15,3.55,"[0.13815524993231917, 0.16503647182661985, 0.05845471093459296, 0.4619128766535777, 0.1764406906528903]"
episode_011,near_tie,rating,random_equation,22,ep011_vendor_040,RocketCart040,False,70.36,26,4.83,89.31,4.71,90.68,3.15,3.55,"[0.2542128367835511, 0.3096829462790621, 0.27729756389831783, 0.12021399163709454, 0.038592661401974294]"
episode_011,near_tie,rating,random_equation,23,ep011_vendor_040,RocketCart040,False,70.36,26,4.83,89.31,4.71,90.68,3.15,3.55,"[0.39042413045849544, 0.2121548486306343, 0.044265152520504704, 0.3176290255600045, 0.03552684283036111]"
episode_011,near_tie,rating,random_equation,24,ep011_vendor_040,RocketCart040,False,70.36,26,4.83,89.31,4.71,90.68,3.15,3.55,"[0.08751519354869089, 0.2781625502208559, 0.016836474200596703, 0.5599583080663592, 0.057527473963497326]"
episode_011,near_tie,rating,random_equation,25,ep011_vendor_044,BlinkBite044,False,68.44,33,4.79,85.75,7.27,89.21,1.82,5.72,"[0.1892193405161433, 0.04978592623050097, 0.08762009974675528, 0.1330229734539724, 0.540351660052628]"
episode_011,near_tie,rating,random_equation,26,ep011_vendor_040,RocketCart040,False,70.36,26,4.83,89.31,4.71,90.68,3.15,3.55,"[0.08235592087796843, 0.13386258653907973, 0.4019430855825546, 0.12053863923485195, 0.26129976776554525]"
episode_011,near_tie,rating,random_equation,27,ep011_vendor_040,RocketCart040,False,70.36,26,4.83,89.31,4.71,90.68,3.15,3.55,"[0.1506858236350826, 0.4769238462723864, 0.01393223312915406, 0.23971979738526708, 0.11873829957810986]"
episode_011,near_tie,rating,random_equation,28,ep011_vendor_040,RocketCart040,False,70.36,26,4.83,89.31,4.71,90.68,3.15,3.55,"[0.04608036845620942, 0.41793433109818856, 0.2966029168859457, 0.14819254090528305, 0.0911898426543732]"
episode_011,near_tie,rating,random_equation,29,ep011_vendor_040,RocketCart040,False,70.36,26,4.83,89.31,4.71,90.68,3.15,3.55,"[0.3299774041110233, 0.1262883693920349, 0.3018682758894093, 0.14816213423100474, 0.09370381637652779]"
episode_011,near_tie,rating,random_equation,30,ep011_vendor_044,BlinkBite044,False,68.44,33,4.79,85.75,7.27,89.21,1.82,5.72,"[0.7205270292032567, 0.06439228285329862, 0.03241367901981584, 0.011224419973395702, 0.1714425889502332]"
episode_011,near_tie,rating,random_equation,31,ep011_vendor_044,BlinkBite044,False,68.44,33,4.79,85.75,7.27,89.21,1.82,5.72,"[0.2058645926932706, 0.08829425873131247, 0.32251832653623785, 0.11148387072302068, 0.2718389513161584]"
episode_011,near_tie,rating,random_equation,32,ep011_vendor_040,RocketCart040,False,70.36,26,4.83,89.31,4.71,90.68,3.15,3.55,"[0.010568202402776216, 0.24194400824519874, 0.4878660534140293, 0.015632771731485022, 0.24398896420651064]"
episode_011,near_tie,rating,random_equation,33,ep011_vendor_040,RocketCart040,False,70.36,26,4.83,89.31,4.71,90.68,3.15,3.55,"[0.26598482999949574, 0.4042943988892323, 0.03925891670436634, 0.15984550300508343, 0.1306163514018222]"
episode_011,near_tie,rating,random_equation,34,ep011_vendor_044,BlinkBite044,False,68.44,33,4.79,85.75,7.27,89.21,1.82,5.72,"[0.37127302173215626, 0.13782434289434153, 0.21896011885049532, 0.07616751261747141, 0.1957750039055354]"
episode_011,near_tie,rating,random_equation,35,ep011_vendor_040,RocketCart040,False,70.36,26,4.83,89.31,4.71,90.68,3.15,3.55,"[0.06805125936960396, 0.18616482239388332, 0.43004052735338316, 0.09212134209843281, 0.22362204878469677]"
episode_011,near_tie,rating,random_equation,36,ep011_vendor_044,BlinkBite044,False,68.44,33,4.79,85.75,7.27,89.21,1.82,5.72,"[0.08343540449862434, 0.06928007934968189, 0.06595138062382849, 0.5375408970564716, 0.24379223847139378]"
episode_011,near_tie,rating,random_equation,37,ep011_vendor_040,RocketCart040,False,70.36,26,4.83,89.31,4.71,90.68,3.15,3.55,"[0.27846282671562717, 0.3152771232903067, 0.3061138031534708, 0.00036087266450228, 0.09978537417609304]"
episode_011,near_tie,rating,random_equation,38,ep011_vendor_040,RocketCart040,False,70.36,26,4.83,89.31,4.71,90.68,3.15,3.55,"[0.17081136604917138, 0.5391314256858505, 0.024724610937715025, 0.10601847180097802, 0.15931412552628504]"
episode_011,near_tie,rating,random_equation,39,ep011_vendor_044,BlinkBite044,False,68.44,33,4.79,85.75,7.27,89.21,1.82,5.72,"[0.24152715909581662, 0.030305060280504986, 0.23476935204676025, 0.04343038174973531, 0.44996804682718294]"
episode_011,near_tie,rating,random_equation,40,ep011_vendor_040,RocketCart040,False,70.36,26,4.83,89.31,4.71,90.68,3.15,3.55,"[0.23513595494920575, 0.3916331490054265, 0.35582647347241964, 0.011622212579867954, 0.005782209993079999]"
episode_011,near_tie,rating,random_equation,41,ep011_vendor_040,RocketCart040,False,70.36,26,4.83,89.31,4.71,90.68,3.15,3.55,"[0.012688285366103356, 0.00600217965636545, 0.7483117462848402, 0.09495368777421681, 0.13804410091847413]"
episode_011,near_tie,rating,random_equation,42,ep011_vendor_044,BlinkBite044,False,68.44,33,4.79,85.75,7.27,89.21,1.82,5.72,"[0.11630174818405986, 0.09283815368542764, 0.2574866637586668, 0.03998635425432061, 0.493387080117525]"
episode_011,near_tie,rating,random_equation,43,ep011_vendor_040,RocketCart040,False,70.36,26,4.83,89.31,4.71,90.68,3.15,3.55,"[0.047793937193899336, 0.11791473548685298, 0.5880914307496513, 0.10446250141647474, 0.14173739515312175]"
episode_011,near_tie,rating,random_equation,44,ep011_vendor_040,RocketCart040,False,70.36,26,4.83,89.31,4.71,90.68,3.15,3.55,"[0.08493907658276516, 0.14188970731656353, 0.4794039826887464, 0.1806464798639531, 0.11312075354797173]"
episode_011,near_tie,rating,random_equation,45,ep011_vendor_044,BlinkBite044,False,68.44,33,4.79,85.75,7.27,89.21,1.82,5.72,"[0.14584102457864345, 0.0026008392299490886, 0.2889626480721697, 0.3088211364337803, 0.2537743516854575]"
episode_011,near_tie,rating,random_equation,46,ep011_vendor_040,RocketCart040,False,70.36,26,4.83,89.31,4.71,90.68,3.15,3.55,"[0.0896098487522923, 0.0729866247386577, 0.5246503381529813, 0.1931525980470241, 0.11960059030904467]"
episode_011,near_tie,rating,random_equation,47,ep011_vendor_044,BlinkBite044,False,68.44,33,4.79,85.75,7.27,89.21,1.82,5.72,"[0.5172307660269874, 0.1589958394458033, 0.0926958072185781, 0.056489529856784564, 0.17458805745184677]"
episode_011,near_tie,rating,random_equation,48,ep011_vendor_040,RocketCart040,False,70.36,26,4.83,89.31,4.71,90.68,3.15,3.55,"[0.19017600266822554, 0.07902964315520761, 0.090013688024295, 0.64006658018328, 0.0007140859689918738]"
episode_011,near_tie,rating,random_equation,49,ep011_vendor_044,BlinkBite044,False,68.44,33,4.79,85.75,7.27,89.21,1.82,5.72,"[0.22875077795888707, 0.1511034131276979, 0.13657432830805488, 0.12780809545834187, 0.3557633851470182]"
episode_011,near_tie,rating,random_equation,50,ep011_vendor_040,RocketCart040,False,70.36,26,4.83,89.31,4.71,90.68,3.15,3.55,"[0.04902665048862546, 0.38077740785150777, 0.17559784175307905, 0.11494535673983867, 0.27965274316694905]"
episode_011,near_tie,rating,random_equation,51,ep011_vendor_044,BlinkBite044,False,68.44,33,4.79,85.75,7.27,89.21,1.82,5.72,"[0.03686934956747014, 0.18075322000444952, 0.20475879054443946, 0.015543507045207324, 0.5620751328384336]"
episode_011,near_tie,rating,random_equation,52,ep011_vendor_044,BlinkBite044,False,68.44,33,4.79,85.75,7.27,89.21,1.82,5.72,"[0.04091556258067804, 0.05796012383760085, 0.0734651810558853, 0.041696335342695304, 0.7859627971831405]"
episode_011,near_tie,rating,random_equation,53,ep011_vendor_044,BlinkBite044,False,68.44,33,4.79,85.75,7.27,89.21,1.82,5.72,"[0.09227813268199372, 0.17464002964510394, 0.017356345641472995, 0.0024925192090311265, 0.7132329728223982]"
episode_011,near_tie,rating,random_equation,54,ep011_vendor_044,BlinkBite044,False,68.44,33,4.79,85.75,7.27,89.21,1.82,5.72,"[0.06054749744070053, 0.11102485876609128, 0.2165252709669351, 0.024774078097822602, 0.5871282947284505]"
episode_011,near_tie,rating,random_equation,55,ep011_vendor_044,BlinkBite044,False,68.44,33,4.79,85.75,7.27,89.21,1.82,5.72,"[0.17158792003179965, 0.14492877582959737, 0.30442264894639137, 0.06315165509201595, 0.3159090001001957]"
episode_011,near_tie,rating,random_equation,56,ep011_vendor_044,BlinkBite044,False,68.44,33,4.79,85.75,7.27,89.21,1.82,5.72,"[0.3736014383387385, 0.013879239223904794, 0.06639989596076001, 0.49026138621259063, 0.05585804026400613]"
episode_011,near_tie,rating,random_equation,57,ep011_vendor_044,BlinkBite044,False,68.44,33,4.79,85.75,7.27,89.21,1.82,5.72,"[0.37442344040287123, 0.028225936074802362, 0.18973677503596378, 0.2757448525615592, 0.13186899592480356]"
episode_011,near_tie,rating,random_equation,58,ep011_vendor_080,BlinkLane080,False,67.79,35,4.6,86.79,7.4,93.07,2.61,4.18,"[0.5051990701385445, 0.06759205006023662, 0.3061152310828935, 0.009770583559174872, 0.11132306515915039]"
episode_011,near_tie,rating,random_equation,59,ep011_vendor_040,RocketCart040,False,70.36,26,4.83,89.31,4.71,90.68,3.15,3.55,"[0.056581603571696844, 0.30317563415112214, 0.34017241365448664, 0.04597416521392837, 0.25409618340876594]"
episode_011,near_tie,rating,random_equation,60,ep011_vendor_044,BlinkBite044,False,68.44,33,4.79,85.75,7.27,89.21,1.82,5.72,"[0.08856110095140061, 0.003126698724658577, 0.3466361660862803, 0.2633207705840059, 0.29835526365365456]"
episode_011,near_tie,rating,random_equation,61,ep011_vendor_044,BlinkBite044,False,68.44,33,4.79,85.75,7.27,89.21,1.82,5.72,"[0.053318310504615475, 0.11440725353390699, 0.2846700367260848, 0.08199154334517851, 0.4656128558902143]"
episode_011,near_tie,rating,random_equation,62,ep011_vendor_044,BlinkBite044,False,68.44,33,4.79,85.75,7.27,89.21,1.82,5.72,"[0.15899021370875094, 0.09423694238743412, 0.2299848483164052, 0.10847427464603232, 0.40831372094137747]"
episode_011,near_tie,rating,random_equation,63,ep011_vendor_040,RocketCart040,False,70.36,26,4.83,89.31,4.71,90.68,3.15,3.55,"[0.18687752793378393, 0.08189836034164565, 0.5968062284004773, 0.03038133365948262, 0.1040365496646106]"
episode_011,near_tie,rating,random_equation,64,ep011_vendor_040,RocketCart040,False,70.36,26,4.83,89.31,4.71,90.68,3.15,3.55,"[0.2102171750361522, 0.24481308412039132, 0.45754009347273156, 0.034206284568262454, 0.05322336280246263]"
episode_011,near_tie,rating,random_equation,65,ep011_vendor_040,RocketCart040,False,70.36,26,4.83,89.31,4.71,90.68,3.15,3.55,"[0.18072963089983654, 0.41486389182648553, 0.1828912040736865, 0.0992705431459334, 0.12224473005405798]"
episode_011,near_tie,rating,random_equation,66,ep011_vendor_044,BlinkBite044,False,68.44,33,4.79,85.75,7.27,89.21,1.82,5.72,"[0.23417646145454865, 0.0003743399636256754, 0.28570993732960165, 0.4008018859067963, 0.07893737534542784]"
episode_011,near_tie,rating,random_equation,67,ep011_vendor_044,BlinkBite044,False,68.44,33,4.79,85.75,7.27,89.21,1.82,5.72,"[0.547353966110087, 0.013451487558061904, 0.1338289626126186, 0.11607064617673038, 0.1892949375425022]"
episode_011,near_tie,rating,random_equation,68,ep011_vendor_044,BlinkBite044,False,68.44,33,4.79,85.75,7.27,89.21,1.82,5.72,"[0.17400700725479196, 0.03659984677941695, 0.35478903701390374, 0.2050332582847531, 0.22957085066713423]"
episode_011,near_tie,rating,random_equation,69,ep011_vendor_040,RocketCart040,False,70.36,26,4.83,89.31,4.71,90.68,3.15,3.55,"[0.1083936370402663, 0.017516321702730597, 0.4416350716915732, 0.22184432689538686, 0.21061064267004295]"
episode_011,near_tie,rating,random_equation,70,ep011_vendor_040,RocketCart040,False,70.36,26,4.83,89.31,4.71,90.68,3.15,3.55,"[0.05997389315435428, 0.3268004822062438, 0.14785753068124444, 0.44116363174813084, 0.024204462210026617]"
episode_011,near_tie,rating,random_equation,71,ep011_vendor_044,BlinkBite044,False,68.44,33,4.79,85.75,7.27,89.21,1.82,5.72,"[0.21510342745257732, 0.09274535034654469, 0.06842135305383297, 0.3301794034602664, 0.29355046568677856]"
episode_011,near_tie,rating,random_equation,72,ep011_vendor_040,RocketCart040,False,70.36,26,4.83,89.31,4.71,90.68,3.15,3.55,"[0.04886276142575327, 0.12832453148458806, 0.3701403605849474, 0.4027971629958195, 0.04987518350889178]"
episode_011,near_tie,rating,random_equation,73,ep011_vendor_044,BlinkBite044,False,68.44,33,4.79,85.75,7.27,89.21,1.82,5.72,"[0.2439529749986197, 0.05763887689657415, 0.08676831394457486, 0.09445082103215968, 0.5171890131280715]"
episode_011,near_tie,rating,random_equation,74,ep011_vendor_044,BlinkBite044,False,68.44,33,4.79,85.75,7.27,89.21,1.82,5.72,"[0.024075406791603002, 0.21698106482063872, 0.02723411885825799, 0.11698701523405271, 0.6147223942954475]"
episode_011,near_tie,rating,random_equation,75,ep011_vendor_040,RocketCart040,False,70.36,26,4.83,89.31,4.71,90.68,3.15,3.55,"[0.2977806539582026, 0.17443353289802954, 0.15929973961260224, 0.2845510114679008, 0.08393506206326472]"
episode_011,near_tie,rating,random_equation,76,ep011_vendor_044,BlinkBite044,False,68.44,33,4.79,85.75,7.27,89.21,1.82,5.72,"[0.1632631438186839, 0.16135531921762547, 0.012136253096784136, 0.40269559572060815, 0.2605496881462983]"
episode_011,near_tie,rating,random_equation,77,ep011_vendor_044,BlinkBite044,False,68.44,33,4.79,85.75,7.27,89.21,1.82,5.72,"[0.3276744634722568, 0.04536774910753757, 0.18922478614477767, 0.3590331927405265, 0.07869980853490152]"
episode_011,near_tie,rating,random_equation,78,ep011_vendor_044,BlinkBite044,False,68.44,33,4.79,85.75,7.27,89.21,1.82,5.72,"[0.06090479784375891, 0.21453554075679995, 0.19484890976927002, 0.040873198729513185, 0.48883755290065783]"
episode_011,near_tie,rating,random_equation,79,ep011_vendor_044,BlinkBite044,False,68.44,33,4.79,85.75,7.27,89.21,1.82,5.72,"[0.17552745298450045, 0.022144354422654406, 0.3965099493060916, 0.07989744411874344, 0.32592079916801003]"
episode_011,near_tie,rating,random_equation,80,ep011_vendor_040,RocketCart040,False,70.36,26,4.83,89.31,4.71,90.68,3.15,3.55,"[0.13717135112967155, 0.1657489669511526, 0.06900953620454087, 0.43222643712994907, 0.19584370858468594]"
episode_011,near_tie,rating,random_equation,81,ep011_vendor_080,BlinkLane080,False,67.79,35,4.6,86.79,7.4,93.07,2.61,4.18,"[0.8091093156669518, 0.06456509000674988, 0.08304224706980273, 0.008803404137287784, 0.034479943119207844]"
episode_011,near_tie,rating,random_equation,82,ep011_vendor_044,BlinkBite044,False,68.44,33,4.79,85.75,7.27,89.21,1.82,5.72,"[0.5655611436702874, 0.1526191922539707, 0.11600339468477419, 0.043804208451732836, 0.1220120609392349]"
episode_011,near_tie,rating,random_equation,83,ep011_vendor_040,RocketCart040,False,70.36,26,4.83,89.31,4.71,90.68,3.15,3.55,"[0.198035499729091, 0.3979780814916688, 0.03953325504788111, 0.3408146477349441, 0.023638515996414994]"
episode_011,near_tie,rating,random_equation,84,ep011_vendor_040,RocketCart040,False,70.36,26,4.83,89.31,4.71,90.68,3.15,3.55,"[0.21765232088933817, 0.17318000581690662, 0.1445267797665892, 0.2958038240881129, 0.16883706943905308]"
episode_011,near_tie,rating,random_equation,85,ep011_vendor_040,RocketCart040,False,70.36,26,4.83,89.31,4.71,90.68,3.15,3.55,"[0.06699009426326291, 0.04992237430555138, 0.2960723653614203, 0.4670371467876652, 0.11997801928210004]"
episode_011,near_tie,rating,random_equation,86,ep011_vendor_044,BlinkBite044,False,68.44,33,4.79,85.75,7.27,89.21,1.82,5.72,"[0.1728644939154337, 0.0360104057373469, 0.3942404422778194, 0.12089306878306044, 0.2759915892863395]"
episode_011,near_tie,rating,random_equation,87,ep011_vendor_044,BlinkBite044,False,68.44,33,4.79,85.75,7.27,89.21,1.82,5.72,"[0.32012772542665396, 0.06426375634800609, 0.1690282687159669, 0.3122305313398693, 0.13434971816950372]"
episode_011,near_tie,rating,random_equation,88,ep011_vendor_044,BlinkBite044,False,68.44,33,4.79,85.75,7.27,89.21,1.82,5.72,"[0.0032773500037733424, 0.28916197352949286, 0.06984087127913875, 0.1619024461252496, 0.47581735906234546]"
episode_011,near_tie,rating,random_equation,89,ep011_vendor_040,RocketCart040,False,70.36,26,4.83,89.31,4.71,90.68,3.15,3.55,"[0.016178504512622125, 0.47007675118090203, 0.04031488388533366, 0.45207758234755985, 0.0213522780735824]"
episode_011,near_tie,rating,random_equation,90,ep011_vendor_044,BlinkBite044,False,68.44,33,4.79,85.75,7.27,89.21,1.82,5.72,"[0.021048497401810116, 0.2306793489143343, 0.13380819365123195, 0.02314865718792447, 0.5913153028446991]"
episode_011,near_tie,rating,random_equation,91,ep011_vendor_040,RocketCart040,False,70.36,26,4.83,89.31,4.71,90.68,3.15,3.55,"[0.2215717710574392, 0.08845577494132476, 0.32292265986143615, 0.35816011151770455, 0.0088896826220952]"
episode_011,near_tie,rating,random_equation,92,ep011_vendor_040,RocketCart040,False,70.36,26,4.83,89.31,4.71,90.68,3.15,3.55,"[0.1447012698776781, 0.25841158120596275, 0.25489320771364454, 0.2647591986245877, 0.07723474257812693]"
episode_011,near_tie,rating,random_equation,93,ep011_vendor_040,RocketCart040,False,70.36,26,4.83,89.31,4.71,90.68,3.15,3.55,"[0.1620288362907086, 0.36321548689080047, 0.1366883991097014, 0.24513182800877834, 0.09293544970001104]"
episode_011,near_tie,rating,random_equation,94,ep011_vendor_040,RocketCart040,False,70.36,26,4.83,89.31,4.71,90.68,3.15,3.55,"[0.04670383814215772, 0.33964281128909735, 0.036335735354251254, 0.272353005499798, 0.30496460971469574]"
episode_011,near_tie,rating,random_equation,95,ep011_vendor_044,BlinkBite044,False,68.44,33,4.79,85.75,7.27,89.21,1.82,5.72,"[0.6088526297572643, 0.1692369099738447, 0.10091351756616138, 0.03607070538918642, 0.08492623731354325]"
episode_011,near_tie,rating,random_equation,96,ep011_vendor_044,BlinkBite044,False,68.44,33,4.79,85.75,7.27,89.21,1.82,5.72,"[0.3362847235489072, 0.05837134382080302, 0.11424364750147681, 0.38936377984606385, 0.10173650528274909]"
episode_011,near_tie,rating,random_equation,97,ep011_vendor_040,RocketCart040,False,70.36,26,4.83,89.31,4.71,90.68,3.15,3.55,"[0.007248816747338509, 0.3084039561853577, 0.29175475603274287, 0.18419393934457587, 0.20839853168998515]"
episode_011,near_tie,rating,random_equation,98,ep011_vendor_040,RocketCart040,False,70.36,26,4.83,89.31,4.71,90.68,3.15,3.55,"[0.09893544227496921, 0.37267814030901397, 0.07903603443916234, 0.3090143830248763, 0.14033599995197818]"
episode_011,near_tie,rating,random_equation,99,ep011_vendor_040,RocketCart040,False,70.36,26,4.83,89.31,4.71,90.68,3.15,3.55,"[0.2878601926254342, 0.33994106926710255, 0.0881269942247002, 0.15518663157564008, 0.12888511230712282]"
episode_012,near_tie,balanced,price_first,,ep012_vendor_046,PrimeHub046,False,42.62,41,4.86,84.91,8.46,89.22,1.52,7.62,
episode_012,near_tie,balanced,eta_first,,ep012_vendor_026,FeastCart026,False,44.36,24,3.84,75.78,8.53,82.01,3.23,4.66,
episode_012,near_tie,balanced,rating_first,,ep012_vendor_005,SwiftMeals005,False,44.75,42,4.9,89.33,8.06,96.16,2.5,6.69,
episode_012,near_tie,balanced,reliability_first,,ep012_vendor_021,BlinkFleet021,False,49.35,28,4.88,90.52,4.87,92.71,3.89,13.67,
episode_012,near_tie,balanced,balanced_equation,,ep012_vendor_043,RocketHub043,False,44.71,26,4.88,88.27,5.81,90.32,1.8,8.64,
episode_012,near_tie,balanced,random_equation,0,ep012_vendor_043,RocketHub043,False,44.71,26,4.88,88.27,5.81,90.32,1.8,8.64,"[0.37877692809407054, 0.4082421772653273, 0.08795194941790366, 0.11272298600402825, 0.012305959218670302]"
episode_012,near_tie,balanced,random_equation,1,ep012_vendor_046,PrimeHub046,False,42.62,41,4.86,84.91,8.46,89.22,1.52,7.62,"[0.24286193944849166, 0.0007462083202187516, 0.3856063492557675, 0.2433187777541161, 0.12746672522140598]"
episode_012,near_tie,balanced,random_equation,2,ep012_vendor_043,RocketHub043,False,44.71,26,4.88,88.27,5.81,90.32,1.8,8.64,"[0.18316370622815512, 0.41216074789560664, 0.1342905235644793, 0.199154663413607, 0.07123035889815194]"
episode_012,near_tie,balanced,random_equation,3,ep012_vendor_043,RocketHub043,False,44.71,26,4.88,88.27,5.81,90.32,1.8,8.64,"[0.0790384795109958, 0.23016516506121762, 0.23446614501554552, 0.02622741709264572, 0.43010279331959533]"
episode_012,near_tie,balanced,random_equation,4,ep012_vendor_043,RocketHub043,False,44.71,26,4.88,88.27,5.81,90.32,1.8,8.64,"[0.29068954993024126, 0.19474202833489265, 0.0707675994401915, 0.1824374892874525, 0.26136333300722203]"
episode_012,near_tie,balanced,random_equation,5,ep012_vendor_046,PrimeHub046,False,42.62,41,4.86,84.91,8.46,89.22,1.52,7.62,"[0.41120215395971554, 0.01413383728425682, 0.44583133439157, 0.09527498030959915, 0.03355769405485858]"
episode_012,near_tie,balanced,random_equation,6,ep012_vendor_094,PrimeFleet094,False,47.85,24,4.86,90.25,6.5,95.37,2.44,11.02,"[0.053607099513946245, 0.40963006981820943, 0.1119247457358316, 0.30959938261554626, 0.11523870231646643]"
episode_012,near_tie,balanced,random_equation,7,ep012_vendor_043,RocketHub043,False,44.71,26,4.88,88.27,5.81,90.32,1.8,8.64,"[0.12018802590737263, 0.3577522574675157, 0.11703761244691316, 0.15783053136893094, 0.24719157280926762]"
episode_012,near_tie,balanced,random_equation,8,ep012_vendor_043,RocketHub043,False,44.71,26,4.88,88.27,5.81,90.32,1.8,8.64,"[0.10141901678927723, 0.3861079018338302, 0.09297736799600123, 0.22192559659692573, 0.19757011678396572]"
episode_012,near_tie,balanced,random_equation,9,ep012_vendor_043,RocketHub043,False,44.71,26,4.88,88.27,5.81,90.32,1.8,8.64,"[0.20061531093719123, 0.40938635951332625, 0.054574533544868194, 0.13105085874807154, 0.20437293725654296]"
episode_012,near_tie,balanced,random_equation,10,ep012_vendor_043,RocketHub043,False,44.71,26,4.88,88.27,5.81,90.32,1.8,8.64,"[0.022843059795146302, 0.05442090587345452, 0.17773385622585697, 0.49248625221499953, 0.25251592589054267]"
episode_012,near_tie,balanced,random_equation,11,ep012_vendor_094,PrimeFleet094,False,47.85,24,4.86,90.25,6.5,95.37,2.44,11.02,"[0.12668779958559243, 0.2930269292104825, 0.32724726561751455, 0.1683434921889815, 0.08469451339742903]"
episode_012,near_tie,balanced,random_equation,12,ep012_vendor_043,RocketHub043,False,44.71,26,4.88,88.27,5.81,90.32,1.8,8.64,"[0.3275717371239195, 0.08490246831031702, 0.06402433996324751, 0.4697812941662267, 0.05372016043628926]"
episode_012,near_tie,balanced,random_equation,13,ep012_vendor_043,RocketHub043,False,44.71,26,4.88,88.27,5.81,90.32,1.8,8.64,"[0.1059434307223498, 0.06413056937754988, 0.3011770724194943, 0.2773540349003928, 0.25139489258021325]"
episode_012,near_tie,balanced,random_equation,14,ep012_vendor_043,RocketHub043,False,44.71,26,4.88,88.27,5.81,90.32,1.8,8.64,"[0.03255222203911396, 0.05193889911938853, 0.14652280572753762, 0.03915498048788341, 0.7298310926260765]"
episode_012,near_tie,balanced,random_equation,15,ep012_vendor_046,PrimeHub046,False,42.62,41,4.86,84.91,8.46,89.22,1.52,7.62,"[0.294744347451314, 0.014323284076343723, 0.3809352135865866, 0.0749902293788978, 0.23500692550685784]"
episode_012,near_tie,balanced,random_equation,16,ep012_vendor_043,RocketHub043,False,44.71,26,4.88,88.27,5.81,90.32,1.8,8.64,"[0.3402501663112114, 0.4596518917814963, 0.06348034047022157, 0.03796427768840503, 0.0986533237486659]"
episode_012,near_tie,balanced,random_equation,17,ep012_vendor_094,PrimeFleet094,False,47.85,24,4.86,90.25,6.5,95.37,2.44,11.02,"[0.0018124136809671535, 0.6409969183576686, 0.12449955220731251, 0.09715306547713058, 0.13553805027692117]"
episode_012,near_tie,balanced,random_equation,18,ep012_vendor_043,RocketHub043,False,44.71,26,4.88,88.27,5.81,90.32,1.8,8.64,"[0.03210807017356877, 0.24348549345092543, 0.30382366613653605, 0.09764262076198509, 0.32294014947698474]"
episode_012,near_tie,balanced,random_equation,19,ep012_vendor_094,PrimeFleet094,False,47.85,24,4.86,90.25,6.5,95.37,2.44,11.02,"[0.21289073852693435, 0.35924841135438, 0.3569174355852743, 0.047639130169445716, 0.023304284363965696]"
episode_012,near_tie,balanced,random_equation,20,ep012_vendor_094,PrimeFleet094,False,47.85,24,4.86,90.25,6.5,95.37,2.44,11.02,"[0.02317268971361686, 0.31066558180221415, 0.27439609956733196, 0.15457396460426584, 0.2371916643125712]"
episode_012,near_tie,balanced,random_equation,21,ep012_vendor_043,RocketHub043,False,44.71,26,4.88,88.27,5.81,90.32,1.8,8.64,"[0.11013934751666389, 0.3673157601007685, 0.032038522872110495, 0.3173098840402808, 0.17319648547017633]"
episode_012,near_tie,balanced,random_equation,22,ep012_vendor_043,RocketHub043,False,44.71,26,4.88,88.27,5.81,90.32,1.8,8.64,"[0.14202678330609775, 0.11082227905559147, 0.3323458861117115, 0.19320578552805204, 0.22159926599854723]"
episode_012,near_tie,balanced,random_equation,23,ep012_vendor_094,PrimeFleet094,False,47.85,24,4.86,90.25,6.5,95.37,2.44,11.02,"[0.07064036872213189, 0.2105195344244183, 0.26383391021148506, 0.41398635437385284, 0.04101983226811192]"
episode_012,near_tie,balanced,random_equation,24,ep012_vendor_043,RocketHub043,False,44.71,26,4.88,88.27,5.81,90.32,1.8,8.64,"[0.009393681281721168, 0.22666747273758864, 0.007448249756144129, 0.41434122808676827, 0.34214936813777774]"
episode_012,near_tie,balanced,random_equation,25,ep012_vendor_046,PrimeHub046,False,42.62,41,4.86,84.91,8.46,89.22,1.52,7.62,"[0.5060589562444561, 0.009098295687946014, 0.016890772064850203, 0.17543669169750772, 0.29251528430523993]"
episode_012,near_tie,balanced,random_equation,26,ep012_vendor_094,PrimeFleet094,False,47.85,24,4.86,90.25,6.5,95.37,2.44,11.02,"[0.03802028193820672, 0.644176471935609, 0.17570415402111864, 0.08393327520521929, 0.05816581689984631]"
episode_012,near_tie,balanced,random_equation,27,ep012_vendor_043,RocketHub043,False,44.71,26,4.88,88.27,5.81,90.32,1.8,8.64,"[0.5021942717169584, 0.19702168258812663, 0.12868110300339264, 0.023718067394658343, 0.14838487529686398]"
episode_012,near_tie,balanced,random_equation,28,ep012_vendor_043,RocketHub043,False,44.71,26,4.88,88.27,5.81,90.32,1.8,8.64,"[0.39583239826470035, 0.09471361522476028, 0.1494410030987723, 0.20588909593063273, 0.15412388748113434]"
episode_012,near_tie,balanced,random_equation,29,ep012_vendor_046,PrimeHub046,False,42.62,41,4.86,84.91,8.46,89.22,1.52,7.62,"[0.3648895721493676, 0.003206177980874569, 0.3779425648518451, 0.16194925056734905, 0.0920124344505637]"
episode_012,near_tie,balanced,random_equation,30,ep012_vendor_043,RocketHub043,False,44.71,26,4.88,88.27,5.81,90.32,1.8,8.64,"[0.3392817108450161, 0.15012683049523343, 0.10723306310590677, 0.22084309184219672, 0.1825153037116469]"
episode_012,near_tie,balanced,random_equation,31,ep012_vendor_043,RocketHub043,False,44.71,26,4.88,88.27,5.81,90.32,1.8,8.64,"[0.20879929756857799, 0.27379179403116527, 0.11620068586824178, 0.0748930127286864, 0.3263152098033287]"
episode_012,near_tie,balanced,random_equation,32,ep012_vendor_043,RocketHub043,False,44.71,26,4.88,88.27,5.81,90.32,1.8,8.64,"[0.16767197272866097, 0.12019217955522205, 0.1449193346314842, 0.4408811152644942, 0.12633539782013864]"
episode_012,near_tie,balanced,random_equation,33,ep012_vendor_043,RocketHub043,False,44.71,26,4.88,88.27,5.81,90.32,1.8,8.64,"[0.020855553468301202, 0.060941994191071984, 0.2848263913003969, 0.464600362449271, 0.16877569859095895]"
episode_012,near_tie,balanced,random_equation,34,ep012_vendor_094,PrimeFleet094,False,47.85,24,4.86,90.25,6.5,95.37,2.44,11.02,"[0.10326363582201904, 0.5238383346439628, 0.19246000687915463, 0.1673473116436278, 0.013090711011235706]"
episode_012,near_tie,balanced,random_equation,35,ep012_vendor_043,RocketHub043,False,44.71,26,4.88,88.27,5.81,90.32,1.8,8.64,"[0.30565842340741245, 0.049663110373786394, 0.3430987063546925, 0.2108900437264655, 0.09068971613764329]"
episode_012,near_tie,balanced,random_equation,36,ep012_vendor_094,PrimeFleet094,False,47.85,24,4.86,90.25,6.5,95.37,2.44,11.02,"[0.04477671648893824, 0.351291173267592, 0.4617568788955896, 0.0956223823517001, 0.04655284899618001]"
episode_012,near_tie,balanced,random_equation,37,ep012_vendor_043,RocketHub043,False,44.71,26,4.88,88.27,5.81,90.32,1.8,8.64,"[0.3074431610051785, 0.06888469977946898, 0.40190387304831376, 0.16785101335615837, 0.05391725281088034]"
episode_012,near_tie,balanced,random_equation,38,ep012_vendor_046,PrimeHub046,False,42.62,41,4.86,84.91,8.46,89.22,1.52,7.62,"[0.2661376385711941, 0.01687962302061566, 0.013916255178516647, 0.1088079139135643, 0.5942585693161094]"
episode_012,near_tie,balanced,random_equation,39,ep012_vendor_043,RocketHub043,False,44.71,26,4.88,88.27,5.81,90.32,1.8,8.64,"[0.1271902923296028, 0.07002466652513621, 0.37461951729254495, 0.27373697963217775, 0.15442854422053834]"
episode_012,near_tie,balanced,random_equation,40,ep012_vendor_043,RocketHub043,False,44.71,26,4.88,88.27,5.81,90.32,1.8,8.64,"[0.03282229715673826, 0.3046211635973595, 0.046692929787256865, 0.3911326941117186, 0.2247309153469268]"
episode_012,near_tie,balanced,random_equation,41,ep012_vendor_094,PrimeFleet094,False,47.85,24,4.86,90.25,6.5,95.37,2.44,11.02,"[0.04144396580263178, 0.10264227558418947, 0.6140789700774297, 0.2066456587004805, 0.035189129835268555]"
episode_012,near_tie,balanced,random_equation,42,ep012_vendor_043,RocketHub043,False,44.71,26,4.88,88.27,5.81,90.32,1.8,8.64,"[0.2082861471207706, 0.19501699707169118, 0.2554910069563296, 0.023422813960284207, 0.31778303489092447]"
episode_012,near_tie,balanced,random_equation,43,ep012_vendor_043,RocketHub043,False,44.71,26,4.88,88.27,5.81,90.32,1.8,8.64,"[0.26660302087114784, 0.35950463283115563, 0.16513153812804626, 0.12210999466230617, 0.08665081350734408]"
episode_012,near_tie,balanced,random_equation,44,ep012_vendor_043,RocketHub043,False,44.71,26,4.88,88.27,5.81,90.32,1.8,8.64,"[0.006611503755495744, 0.14808389609177108, 0.0009402057502209754, 0.2628521008217066, 0.5815122935808057]"
episode_012,near_tie,balanced,random_equation,45,ep012_vendor_043,RocketHub043,False,44.71,26,4.88,88.27,5.81,90.32,1.8,8.64,"[0.44840925147663385, 0.24168084756084177, 0.20590027202569042, 0.0019094738514672184, 0.10210015508536675]"
episode_012,near_tie,balanced,random_equation,46,ep012_vendor_043,RocketHub043,False,44.71,26,4.88,88.27,5.81,90.32,1.8,8.64,"[0.23215499961822317, 0.5017901646960028, 0.037631584969860486, 0.004927681289304492, 0.22349556942660898]"
episode_012,near_tie,balanced,random_equation,47,ep012_vendor_043,RocketHub043,False,44.71,26,4.88,88.27,5.81,90.32,1.8,8.64,"[0.03766765564105353, 0.1765712522764426, 0.05002200517018433, 0.3660611042661736, 0.3696779826461459]"
episode_012,near_tie,balanced,random_equation,48,ep012_vendor_046,PrimeHub046,False,42.62,41,4.86,84.91,8.46,89.22,1.52,7.62,"[0.255397075529562, 0.009380182522986131, 0.0008153973406096642, 0.2513404299777943, 0.48306691462904794]"
episode_012,near_tie,balanced,random_equation,49,ep012_vendor_094,PrimeFleet094,False,47.85,24,4.86,90.25,6.5,95.37,2.44,11.02,"[0.04025032824775238, 0.45142655886465677, 0.20838013549329817, 0.04773275429625891, 0.25221022309803376]"
episode_012,near_tie,balanced,random_equation,50,ep012_vendor_043,RocketHub043,False,44.71,26,4.88,88.27,5.81,90.32,1.8,8.64,"[0.21031925828567327, 0.16020577010055218, 0.0013709940228582539, 0.18652136187506796, 0.44158261571584834]"
episode_012,near_tie,balanced,random_equation,51,ep012_vendor_043,RocketHub043,False,44.71,26,4.88,88.27,5.81,90.32,1.8,8.64,"[0.29065196839472396, 0.5165912771439203, 0.047131158852973774, 0.10674187015518566, 0.03888372545319633]"
episode_012,near_tie,balanced,random_equation,52,ep012_vendor_046,PrimeHub046,False,42.62,41,4.86,84.91,8.46,89.22,1.52,7.62,"[0.3309761843261967, 0.03781589655831966, 0.09195885039930916, 0.43098433088419796, 0.10826473783197646]"
episode_012,near_tie,balanced,random_equation,53,ep012_vendor_043,RocketHub043,False,44.71,26,4.88,88.27,5.81,90.32,1.8,8.64,"[0.3046221321827829, 0.3565810262820238, 0.3046830508903335, 0.0019589373217444007, 0.032154853323115545]"
episode_012,near_tie,balanced,random_equation,54,ep012_vendor_043,RocketHub043,False,44.71,26,4.88,88.27,5.81,90.32,1.8,8.64,"[0.18484111063871156, 0.09684342112463414, 0.44330280710051106, 0.20549702897800246, 0.06951563215814077]"
episode_012,near_tie,balanced,random_equation,55,ep012_vendor_094,PrimeFleet094,False,47.85,24,4.86,90.25,6.5,95.37,2.44,11.02,"[0.19950006221913041, 0.5312450890309645, 0.21307415975599636, 0.003376546109615967, 0.05280414288429281]"
episode_012,near_tie,balanced,random_equation,56,ep012_vendor_043,RocketHub043,False,44.71,26,4.88,88.27,5.81,90.32,1.8,8.64,"[0.10486804397070539, 0.10546768362717553, 0.06683595392748228, 0.3029793832017088, 0.419848935272928]"
episode_012,near_tie,balanced,random_equation,57,ep012_vendor_043,RocketHub043,False,44.71,26,4.88,88.27,5.81,90.32,1.8,8.64,"[0.05534906947990915, 0.12331707270074979, 0.013011688972770838, 0.6534748510617557, 0.15484731778481445]"
episode_012,near_tie,balanced,random_equation,58,ep012_vendor_043,RocketHub043,False,44.71,26,4.88,88.27,5.81,90.32,1.8,8.64,"[0.194648794541345, 0.2531659920782463, 0.20345103347430124, 0.259085278704553, 0.08964890120155442]"
episode_012,near_tie,balanced,random_equation,59,ep012_vendor_043,RocketHub043,False,44.71,26,4.88,88.27,5.81,90.32,1.8,8.64,"[0.3156890402114664, 0.2680895250937767, 0.21978705863939707, 0.09787282657587429, 0.09856154947948555]"
episode_012,near_tie,balanced,random_equation,60,ep012_vendor_043,RocketHub043,False,44.71,26,4.88,88.27,5.81,90.32,1.8,8.64,"[0.39074742155872577, 0.22512289749248843, 0.23035941630646042, 0.13814632564240123, 0.015623938999924258]"
episode_012,near_tie,balanced,random_equation,61,ep012_vendor_043,RocketHub043,False,44.71,26,4.88,88.27,5.81,90.32,1.8,8.64,"[0.020427149815065427, 0.0805290361894635, 0.3624256004977103, 0.13744160738650524, 0.39917660611125555]"
episode_012,near_tie,balanced,random_equation,62,ep012_vendor_094,PrimeFleet094,False,47.85,24,4.86,90.25,6.5,95.37,2.44,11.02,"[0.07062198200167424, 0.34393622597924284, 0.19720151806467365, 0.36953949128401903, 0.01870078267039028]"
episode_012,near_tie,balanced,random_equation,63,ep012_vendor_043,RocketHub043,False,44.71,26,4.88,88.27,5.81,90.32,1.8,8.64,"[0.302664983753471, 0.326059695915454, 0.07568482676198633, 0.04891436167273134, 0.24667613189635723]"
episode_012,near_tie,balanced,random_equation,64,ep012_vendor_046,PrimeHub046,False,42.62,41,4.86,84.91,8.46,89.22,1.52,7.62,"[0.613675874555835, 0.06059382395847748, 0.024014266013462984, 0.1860079900274014, 0.11570804544482308]"
episode_012,near_tie,balanced,random_equation,65,ep012_vendor_043,RocketHub043,False,44.71,26,4.88,88.27,5.81,90.32,1.8,8.64,"[0.011772942959853795, 0.05050517410231426, 0.05789022411442106, 0.5869581234020855, 0.2928735354213254]"
episode_012,near_tie,balanced,random_equation,66,ep012_vendor_043,RocketHub043,False,44.71,26,4.88,88.27,5.81,90.32,1.8,8.64,"[0.142954139681691, 0.03319527714321522, 0.6473824713740866, 0.07617677656526858, 0.10029133523573865]"
episode_012,near_tie,balanced,random_equation,67,ep012_vendor_094,PrimeFleet094,False,47.85,24,4.86,90.25,6.5,95.37,2.44,11.02,"[0.06238233957241621, 0.4763398814996269, 0.01715735246118712, 0.2264507110245871, 0.2176697154421826]"
episode_012,near_tie,balanced,random_equation,68,ep012_vendor_043,RocketHub043,False,44.71,26,4.88,88.27,5.81,90.32,1.8,8.64,"[0.052559065655441224, 0.26514473674382344, 0.20119465636049969, 0.14160676666611036, 0.33949477457412536]"
episode_012,near_tie,balanced,random_equation,69,ep012_vendor_046,PrimeHub046,False,42.62,41,4.86,84.91,8.46,89.22,1.52,7.62,"[0.5071284786140898, 0.01532276947746861, 0.18122767295344727, 0.2683566864219004, 0.027964392533093713]"
episode_012,near_tie,balanced,random_equation,70,ep012_vendor_094,PrimeFleet094,False,47.85,24,4.86,90.25,6.5,95.37,2.44,11.02,"[0.024281480965739462, 0.2581588060708298, 0.4618680873834874, 0.2356890737962593, 0.020002551783684038]"
episode_012,near_tie,balanced,random_equation,71,ep012_vendor_043,RocketHub043,False,44.71,26,4.88,88.27,5.81,90.32,1.8,8.64,"[0.2539623424527829, 0.4594060736367833, 0.0753793519424232, 0.08053174126447206, 0.13072049070353847]"
episode_012,near_tie,balanced,random_equation,72,ep012_vendor_046,PrimeHub046,False,42.62,41,4.86,84.91,8.46,89.22,1.52,7.62,"[0.4810254669687389, 0.030859700963822498, 0.3477203315838989, 0.12933470636116032, 0.011059794122379337]"
episode_012,near_tie,balanced,random_equation,73,ep012_vendor_043,RocketHub043,False,44.71,26,4.88,88.27,5.81,90.32,1.8,8.64,"[0.5516920069290098, 0.24243598769924565, 0.004067332689174576, 0.007570511733632298, 0.19423416094893764]"
episode_012,near_tie,balanced,random_equation,74,ep012_vendor_043,RocketHub043,False,44.71,26,4.88,88.27,5.81,90.32,1.8,8.64,"[0.4030005421202862, 0.36620685227884575, 0.10470756063843975, 0.05558960458066018, 0.07049544038176828]"
episode_012,near_tie,balanced,random_equation,75,ep012_vendor_046,PrimeHub046,False,42.62,41,4.86,84.91,8.46,89.22,1.52,7.62,"[0.20435446399886972, 0.020649455319976723, 0.017329105961159993, 0.03954200600135672, 0.7181249687186368]"
episode_012,near_tie,balanced,random_equation,76,ep012_vendor_043,RocketHub043,False,44.71,26,4.88,88.27,5.81,90.32,1.8,8.64,"[0.037472587293867245, 0.2546273773180789, 0.0287806215585283, 0.12114488623365877, 0.5579745275958667]"
episode_012,near_tie,balanced,random_equation,77,ep012_vendor_046,PrimeHub046,False,42.62,41,4.86,84.91,8.46,89.22,1.52,7.62,"[0.11653896577702015, 0.02334709314784323, 0.04878610902701739, 0.20078203439646536, 0.6105457976516538]"
episode_012,near_tie,balanced,random_equation,78,ep012_vendor_043,RocketHub043,False,44.71,26,4.88,88.27,5.81,90.32,1.8,8.64,"[0.08799159002743817, 0.29364403728112926, 0.1040271996169077, 0.22519418781400027, 0.28914298526052445]"
episode_012,near_tie,balanced,random_equation,79,ep012_vendor_043,RocketHub043,False,44.71,26,4.88,88.27,5.81,90.32,1.8,8.64,"[0.12415018358759569, 0.15869231890781207, 0.17337832766751513, 0.2645857232051745, 0.27919344663190254]"
episode_012,near_tie,balanced,random_equation,80,ep012_vendor_046,PrimeHub046,False,42.62,41,4.86,84.91,8.46,89.22,1.52,7.62,"[0.07100569461662679, 0.0020780215085786924, 0.22437959604967964, 0.10204213247676076, 0.6004945553483542]"
episode_012,near_tie,balanced,random_equation,81,ep012_vendor_043,RocketHub043,False,44.71,26,4.88,88.27,5.81,90.32,1.8,8.64,"[0.06493243317022367, 0.039193075222432316, 0.057088781136725185, 0.4606990443156439, 0.37808666615497494]"
episode_012,near_tie,balanced,random_equation,82,ep012_vendor_043,RocketHub043,False,44.71,26,4.88,88.27,5.81,90.32,1.8,8.64,"[0.018233339213661163, 0.0003136954423152054, 0.08319063978481075, 0.6505269007481919, 0.24773542481102104]"
episode_012,near_tie,balanced,random_equation,83,ep012_vendor_043,RocketHub043,False,44.71,26,4.88,88.27,5.81,90.32,1.8,8.64,"[0.3458341716249012, 0.13553695522596407, 0.01261493503674547, 0.05431220150474323, 0.4517017366076459]"
episode_012,near_tie,balanced,random_equation,84,ep012_vendor_043,RocketHub043,False,44.71,26,4.88,88.27,5.81,90.32,1.8,8.64,"[0.000441610436160312, 0.06560807873542324, 0.2899998632527836, 0.021959599893583922, 0.6219908476820489]"
episode_012,near_tie,balanced,random_equation,85,ep012_vendor_043,RocketHub043,False,44.71,26,4.88,88.27,5.81,90.32,1.8,8.64,"[0.04335137773041527, 0.09750518891396019, 0.07596742105535363, 0.06360687939704202, 0.7195691329032289]"
episode_012,near_tie,balanced,random_equation,86,ep012_vendor_094,PrimeFleet094,False,47.85,24,4.86,90.25,6.5,95.37,2.44,11.02,"[0.015392599839468552, 0.16149037239111913, 0.5413515740349295, 0.09660164688517953, 0.18516380684930325]"
episode_012,near_tie,balanced,random_equation,87,ep012_vendor_043,RocketHub043,False,44.71,26,4.88,88.27,5.81,90.32,1.8,8.64,"[0.4647067638790054, 0.1323089949805187, 0.10682846546674334, 0.027981068683272655, 0.26817470699046]"
episode_012,near_tie,balanced,random_equation,88,ep012_vendor_046,PrimeHub046,False,42.62,41,4.86,84.91,8.46,89.22,1.52,7.62,"[0.5191609882090252, 0.09270686864649261, 0.13332265999077225, 0.028002774540574496, 0.2268067086131354]"
episode_012,near_tie,balanced,random_equation,89,ep012_vendor_043,RocketHub043,False,44.71,26,4.88,88.27,5.81,90.32,1.8,8.64,"[0.04641635445759981, 0.012956771948206176, 0.19255742903371023, 0.4054159885803481, 0.3426534559801357]"
episode_012,near_tie,balanced,random_equation,90,ep012_vendor_094,PrimeFleet094,False,47.85,24,4.86,90.25,6.5,95.37,2.44,11.02,"[0.09858634104427394, 0.14913879119677514, 0.4713046081399107, 0.10426350772395349, 0.17670675189508675]"
episode_012,near_tie,balanced,random_equation,91,ep012_vendor_094,PrimeFleet094,False,47.85,24,4.86,90.25,6.5,95.37,2.44,11.02,"[0.03357957866757398, 0.3756334292906962, 0.5363104534866453, 0.005241918629367366, 0.04923461992571719]"
episode_012,near_tie,balanced,random_equation,92,ep012_vendor_043,RocketHub043,False,44.71,26,4.88,88.27,5.81,90.32,1.8,8.64,"[0.09005973861008411, 0.24864458186300417, 0.18055463827653684, 0.1669727069764903, 0.3137683342738847]"
episode_012,near_tie,balanced,random_equation,93,ep012_vendor_043,RocketHub043,False,44.71,26,4.88,88.27,5.81,90.32,1.8,8.64,"[0.14889448029181498, 0.2986180803462967, 0.0664127429408784, 0.2567963358404516, 0.2292783605805583]"
episode_012,near_tie,balanced,random_equation,94,ep012_vendor_043,RocketHub043,False,44.71,26,4.88,88.27,5.81,90.32,1.8,8.64,"[0.5072645742383989, 0.1693914804392311, 0.18077866592639072, 0.02054246275352213, 0.12202281664245719]"
episode_012,near_tie,balanced,random_equation,95,ep012_vendor_043,RocketHub043,False,44.71,26,4.88,88.27,5.81,90.32,1.8,8.64,"[0.5304409554148733, 0.15185066321688898, 0.14403520884765295, 0.06841144669461229, 0.1052617258259724]"
episode_012,near_tie,balanced,random_equation,96,ep012_vendor_043,RocketHub043,False,44.71,26,4.88,88.27,5.81,90.32,1.8,8.64,"[0.20284142680505443, 0.26157538114495443, 0.391721670105914, 0.025917811214985105, 0.11794371072909207]"
episode_012,near_tie,balanced,random_equation,97,ep012_vendor_043,RocketHub043,False,44.71,26,4.88,88.27,5.81,90.32,1.8,8.64,"[0.02135133522862429, 0.14682566687782678, 0.1857082105862036, 0.4370283387312485, 0.20908644857609682]"
episode_012,near_tie,balanced,random_equation,98,ep012_vendor_046,PrimeHub046,False,42.62,41,4.86,84.91,8.46,89.22,1.52,7.62,"[0.10473799478102809, 0.002600407416406881, 0.013124280611272085, 0.15819177527301825, 0.7213455419182747]"
episode_012,near_tie,balanced,random_equation,99,ep012_vendor_094,PrimeFleet094,False,47.85,24,4.86,90.25,6.5,95.37,2.44,11.02,"[0.03575645243250354, 0.07307226829031228, 0.5174134083572217, 0.10262664524019423, 0.2711312256797682]"
episode_013,near_tie,rating,price_first,,ep013_vendor_002,GoMeals002,False,41.77,25,4.35,82.66,7.62,88.24,1.64,3.04,
episode_013,near_tie,rating,eta_first,,ep013_vendor_086,CityBite086,False,46.78,24,3.71,77.7,9.55,88.55,3.39,8.14,
episode_013,near_tie,rating,rating_first,,ep013_vendor_032,PrimeRunner032,False,51.32,30,4.85,85.11,8.11,89.03,6.29,12.99,
episode_013,near_tie,rating,reliability_first,,ep013_vendor_025,NoshHub025,False,51.25,39,4.75,90.09,4.58,92.58,6.19,11.24,
episode_013,near_tie,rating,balanced_equation,,ep013_vendor_002,GoMeals002,False,41.77,25,4.35,82.66,7.62,88.24,1.64,3.04,
episode_013,near_tie,rating,random_equation,0,ep013_vendor_002,GoMeals002,False,41.77,25,4.35,82.66,7.62,88.24,1.64,3.04,"[0.1534754951910835, 0.08049585822725498, 0.09100382824927888, 0.3024833866038091, 0.37254143172857357]"
episode_013,near_tie,rating,random_equation,1,ep013_vendor_045,RocketBite045,False,46.47,26,4.75,87.3,5.82,89.76,3.12,9.33,"[0.11355285647713277, 0.1623384589736118, 0.6675899653936295, 0.00990112599175791, 0.046617593163868064]"
episode_013,near_tie,rating,random_equation,2,ep013_vendor_078,QuickNow078,False,43.06,28,4.79,86.1,7.76,90.74,3.07,3.15,"[0.27093243612001566, 0.12279094788064376, 0.2600415661557977, 0.204496014380624, 0.1417390354629189]"
episode_013,near_tie,rating,random_equation,3,ep013_vendor_002,GoMeals002,False,41.77,25,4.35,82.66,7.62,88.24,1.64,3.04,"[0.1960493892998146, 0.29048167966244903, 0.07388366936438621, 0.24207451412082634, 0.1975107475525238]"
episode_013,near_tie,rating,random_equation,4,ep013_vendor_078,QuickNow078,False,43.06,28,4.79,86.1,7.76,90.74,3.07,3.15,"[0.16299294029781144, 0.05550328708795594, 0.22177996327898103, 0.4185288950788856, 0.141194914256366]"
episode_013,near_tie,rating,random_equation,5,ep013_vendor_002,GoMeals002,False,41.77,25,4.35,82.66,7.62,88.24,1.64,3.04,"[0.2855462165216678, 0.1782671958691277, 0.1517078498580582, 0.24126241660604256, 0.1432163211451037]"
episode_013,near_tie,rating,random_equation,6,ep013_vendor_002,GoMeals002,False,41.77,25,4.35,82.66,7.62,88.24,1.64,3.04,"[0.13331613580066026, 0.6969199875120836, 0.00045673860433136554, 0.14173638982760164, 0.027570748255323]"
episode_013,near_tie,rating,random_equation,7,ep013_vendor_048,SwiftNow048,False,45.04,26,4.68,85.41,8.07,91.06,1.95,8.94,"[0.09751949712071613, 0.12490363088189642, 0.0574151716466999, 0.3666904680409423, 0.35347123230974536]"
episode_013,near_tie,rating,random_equation,8,ep013_vendor_002,GoMeals002,False,41.77,25,4.35,82.66,7.62,88.24,1.64,3.04,"[0.3229006214996771, 0.3713454094429388, 0.07740304518453181, 0.10033839518810439, 0.12801252868474797]"
episode_013,near_tie,rating,random_equation,9,ep013_vendor_048,SwiftNow048,False,45.04,26,4.68,85.41,8.07,91.06,1.95,8.94,"[0.04383100615883179, 0.4610312771673534, 0.024007347386347952, 0.28145109389890727, 0.1896792753885597]"
episode_013,near_tie,rating,random_equation,10,ep013_vendor_045,RocketBite045,False,46.47,26,4.75,87.3,5.82,89.76,3.12,9.33,"[0.027704410076929146, 0.12164350744440539, 0.6502835718541174, 0.08140472355098764, 0.11896378707356023]"
episode_013,near_tie,rating,random_equation,11,ep013_vendor_078,QuickNow078,False,43.06,28,4.79,86.1,7.76,90.74,3.07,3.15,"[0.17180479551256445, 0.04343575752326735, 0.24855519611267088, 0.36464644252462836, 0.17155780832686893]"
episode_013,near_tie,rating,random_equation,12,ep013_vendor_002,GoMeals002,False,41.77,25,4.35,82.66,7.62,88.24,1.64,3.04,"[0.5656106680767374, 0.10035730766351879, 0.27677694799872515, 0.04643707490184491, 0.010818001359173752]"
episode_013,near_tie,rating,random_equation,13,ep013_vendor_050,FeastLane050,False,44.97,42,4.75,88.35,6.84,93.52,1.78,7.99,"[0.033613436017117734, 0.019137110694886734, 0.723881279709489, 0.11389480121758327, 0.10947337236092336]"
episode_013,near_tie,rating,random_equation,14,ep013_vendor_002,GoMeals002,False,41.77,25,4.35,82.66,7.62,88.24,1.64,3.04,"[0.1972752277162447, 0.18387344342327622, 0.2138382284665507, 0.1704057810996818, 0.23460731929424664]"
episode_013,near_tie,rating,random_equation,15,ep013_vendor_045,RocketBite045,False,46.47,26,4.75,87.3,5.82,89.76,3.12,9.33,"[0.0001442579841535982, 0.4381441139764, 0.4541738007877995, 0.0751040210003436, 0.032433806251303265]"
episode_013,near_tie,rating,random_equation,16,ep013_vendor_002,GoMeals002,False,41.77,25,4.35,82.66,7.62,88.24,1.64,3.04,"[0.3645195466708481, 0.403416601324681, 0.09731249127951662, 0.08703312205907646, 0.04771823866587783]"
episode_013,near_tie,rating,random_equation,17,ep013_vendor_078,QuickNow078,False,43.06,28,4.79,86.1,7.76,90.74,3.07,3.15,"[0.18683326567520386, 0.21743867558738927, 0.40326380929370587, 0.1449920341005236, 0.04747221534317745]"
episode_013,near_tie,rating,random_equation,18,ep013_vendor_002,GoMeals002,False,41.77,25,4.35,82.66,7.62,88.24,1.64,3.04,"[0.42918251731433743, 0.3925114008726213, 0.017204921522084193, 0.13638538339843045, 0.024715776892526527]"
episode_013,near_tie,rating,random_equation,19,ep013_vendor_048,SwiftNow048,False,45.04,26,4.68,85.41,8.07,91.06,1.95,8.94,"[0.032406122075263916, 0.5230395569047503, 0.06621276794451937, 0.27984841814968303, 0.09849313492578327]"
episode_013,near_tie,rating,random_equation,20,ep013_vendor_050,FeastLane050,False,44.97,42,4.75,88.35,6.84,93.52,1.78,7.99,"[0.04907926991210179, 0.030727840342199636, 0.46618595802061374, 0.2217414815158747, 0.23226545020921022]"
episode_013,near_tie,rating,random_equation,21,ep013_vendor_002,GoMeals002,False,41.77,25,4.35,82.66,7.62,88.24,1.64,3.04,"[0.42497375601943477, 0.11425803906539055, 0.09819389671778908, 0.1136779661593453, 0.24889634203804015]"
episode_013,near_tie,rating,random_equation,22,ep013_vendor_002,GoMeals002,False,41.77,25,4.35,82.66,7.62,88.24,1.64,3.04,"[0.11742553096483051, 0.15728700790354921, 0.09430938982162505, 0.019060471965435432, 0.6119175993445598]"
episode_013,near_tie,rating,random_equation,23,ep013_vendor_045,RocketBite045,False,46.47,26,4.75,87.3,5.82,89.76,3.12,9.33,"[0.03844205705020508, 0.08979216342445157, 0.5796009639843693, 0.17796016842111126, 0.11420464711986286]"
episode_013,near_tie,rating,random_equation,24,ep013_vendor_014,FeastNow014,False,43.28,39,4.7,84.87,7.14,88.2,1.78,3.86,"[0.2098240850085271, 0.00704354835081609, 0.1406479199823695, 0.3696910583802479, 0.2727933882780394]"
episode_013,near_tie,rating,random_equation,25,ep013_vendor_050,FeastLane050,False,44.97,42,4.75,88.35,6.84,93.52,1.78,7.99,"[0.1526093028701589, 0.0006641309283490569, 0.4468882575969858, 0.12633858517890784, 0.2734997234255985]"
episode_013,near_tie,rating,random_equation,26,ep013_vendor_002,GoMeals002,False,41.77,25,4.35,82.66,7.62,88.24,1.64,3.04,"[0.3891323543549075, 0.023448552145291866, 0.18861844469760833, 0.23295776487953274, 0.1658428839226595]"
episode_013,near_tie,rating,random_equation,27,ep013_vendor_078,QuickNow078,False,43.06,28,4.79,86.1,7.76,90.74,3.07,3.15,"[0.16813673624541053, 0.022068869314229984, 0.19996712955371693, 0.5159869705649992, 0.09384029432164331]"
episode_013,near_tie,rating,random_equation,28,ep013_vendor_002,GoMeals002,False,41.77,25,4.35,82.66,7.62,88.24,1.64,3.04,"[0.38378595400827725, 0.03948234692135114, 0.3042382087631985, 0.057917108113775505, 0.21457638219339759]"
episode_013,near_tie,rating,random_equation,29,ep013_vendor_002,GoMeals002,False,41.77,25,4.35,82.66,7.62,88.24,1.64,3.04,"[0.30397821338708086, 0.04346744998798214, 0.2913561903194236, 0.08679961886853808, 0.2743985274369753]"
episode_013,near_tie,rating,random_equation,30,ep013_vendor_078,QuickNow078,False,43.06,28,4.79,86.1,7.76,90.74,3.07,3.15,"[0.36602935665564496, 0.03343495737100228, 0.5305971558474046, 0.022425728249404874, 0.047512801876543186]"
episode_013,near_tie,rating,random_equation,31,ep013_vendor_002,GoMeals002,False,41.77,25,4.35,82.66,7.62,88.24,1.64,3.04,"[0.07291073336710155, 0.6168259438919601, 0.16438559619334547, 0.12784458355975786, 0.018033142987835083]"
episode_013,near_tie,rating,random_equation,32,ep013_vendor_048,SwiftNow048,False,45.04,26,4.68,85.41,8.07,91.06,1.95,8.94,"[0.05726197513336592, 0.1394011977633569, 0.31261785268063724, 0.22641806926476155, 0.26430090515787835]"
episode_013,near_tie,rating,random_equation,33,ep013_vendor_002,GoMeals002,False,41.77,25,4.35,82.66,7.62,88.24,1.64,3.04,"[0.23969603047874, 0.19646935944150534, 0.04759483113670263, 0.2325955891426011, 0.28364418980045075]"
episode_013,near_tie,rating,random_equation,34,ep013_vendor_002,GoMeals002,False,41.77,25,4.35,82.66,7.62,88.24,1.64,3.04,"[0.2551450866307793, 0.30860248141600044, 0.27527636058346044, 0.03510006061965292, 0.12587601075010693]"
episode_013,near_tie,rating,random_equation,35,ep013_vendor_078,QuickNow078,False,43.06,28,4.79,86.1,7.76,90.74,3.07,3.15,"[0.4492187952777375, 0.03222710134529668, 0.1450838400587115, 0.35598551910164167, 0.017484744216612568]"
episode_013,near_tie,rating,random_equation,36,ep013_vendor_002,GoMeals002,False,41.77,25,4.35,82.66,7.62,88.24,1.64,3.04,"[0.26603974190868984, 0.378027856355224, 0.13581577412557327, 0.12615907719057837, 0.09395755041993453]"
episode_013,near_tie,rating,random_equation,37,ep013_vendor_002,GoMeals002,False,41.77,25,4.35,82.66,7.62,88.24,1.64,3.04,"[0.48859571954180747, 0.037946475668301505, 0.2218099722408094, 0.18202787124164257, 0.06961996130743897]"
episode_013,near_tie,rating,random_equation,38,ep013_vendor_002,GoMeals002,False,41.77,25,4.35,82.66,7.62,88.24,1.64,3.04,"[0.3481297230384684, 0.04992684937930175, 0.0225607399390361, 0.0869929091679485, 0.4923897784752453]"
episode_013,near_tie,rating,random_equation,39,ep013_vendor_078,QuickNow078,False,43.06,28,4.79,86.1,7.76,90.74,3.07,3.15,"[0.22687957134189354, 0.15827770097208002, 0.1125355165285287, 0.44359745682210583, 0.05870975433539191]"
episode_013,near_tie,rating,random_equation,40,ep013_vendor_078,QuickNow078,False,43.06,28,4.79,86.1,7.76,90.74,3.07,3.15,"[0.20286180866527495, 0.23352479844910348, 0.14023591148008113, 0.3138187951685993, 0.10955868623694118]"
episode_013,near_tie,rating,random_equation,41,ep013_vendor_078,QuickNow078,False,43.06,28,4.79,86.1,7.76,90.74,3.07,3.15,"[0.48895121943105657, 0.017047706967016532, 0.45678548608832376, 0.012533266311037622, 0.02468232120256563]"
episode_013,near_tie,rating,random_equation,42,ep013_vendor_045,RocketBite045,False,46.47,26,4.75,87.3,5.82,89.76,3.12,9.33,"[0.009026994870306166, 0.5121383415349576, 0.3322480382273844, 0.05403387432736669, 0.09255275103998518]"
episode_013,near_tie,rating,random_equation,43,ep013_vendor_002,GoMeals002,False,41.77,25,4.35,82.66,7.62,88.24,1.64,3.04,"[0.27664061009739455, 0.48991551975439307, 0.04187819171089462, 0.15930983859040176, 0.032255839846915844]"
episode_013,near_tie,rating,random_equation,44,ep013_vendor_050,FeastLane050,False,44.97,42,4.75,88.35,6.84,93.52,1.78,7.99,"[0.028800971618701054, 0.02334094717129191, 0.6374173026107457, 0.060778365607673975, 0.2496624129915874]"
episode_013,near_tie,rating,random_equation,45,ep013_vendor_048,SwiftNow048,False,45.04,26,4.68,85.41,8.07,91.06,1.95,8.94,"[0.023155594102006804, 0.26064811278359806, 0.010253445265021404, 0.2641535994478379, 0.4417892484015359]"
episode_013,near_tie,rating,random_equation,46,ep013_vendor_048,SwiftNow048,False,45.04,26,4.68,85.41,8.07,91.06,1.95,8.94,"[0.05461553937722425, 0.5335737946338022, 0.12167753176117949, 0.19497144690418586, 0.09516168732360827]"
episode_013,near_tie,rating,random_equation,47,ep013_vendor_002,GoMeals002,False,41.77,25,4.35,82.66,7.62,88.24,1.64,3.04,"[0.011971805487369928, 0.17245390909926367, 0.12471304680083668, 0.052262290561268555, 0.6385989480512612]"
episode_013,near_tie,rating,random_equation,48,ep013_vendor_002,GoMeals002,False,41.77,25,4.35,82.66,7.62,88.24,1.64,3.04,"[0.7349562039449663, 0.035259139863013114, 0.15028876626057763, 0.03308101443295285, 0.04641487549849007]"
episode_013,near_tie,rating,random_equation,49,ep013_vendor_045,RocketBite045,False,46.47,26,4.75,87.3,5.82,89.76,3.12,9.33,"[0.008112840000934771, 0.7530163281021701, 0.12074371819549287, 0.11484646688682756, 0.003280646814574652]"
episode_013,near_tie,rating,random_equation,50,ep013_vendor_078,QuickNow078,False,43.06,28,4.79,86.1,7.76,90.74,3.07,3.15,"[0.26874114774194324, 0.06042481785442334, 0.20310129318959072, 0.3149506945268907, 0.15278204668715198]"
episode_013,near_tie,rating,random_equation,51,ep013_vendor_002,GoMeals002,False,41.77,25,4.35,82.66,7.62,88.24,1.64,3.04,"[0.22985163426128644, 0.3735102126844766, 0.20780388558409849, 0.11851024056564198, 0.07032402690449649]"
episode_013,near_tie,rating,random_equation,52,ep013_vendor_045,RocketBite045,False,46.47,26,4.75,87.3,5.82,89.76,3.12,9.33,"[0.09256035800684981, 0.33154548014755575, 0.3908672046731042, 0.10784332999491512, 0.07718362717757511]"
episode_013,near_tie,rating,random_equation,53,ep013_vendor_045,RocketBite045,False,46.47,26,4.75,87.3,5.82,89.76,3.12,9.33,"[0.06524535819592414, 0.16395634961615557, 0.556359877936518, 0.09115697434923395, 0.1232814399021683]"
episode_013,near_tie,rating,random_equation,54,ep013_vendor_078,QuickNow078,False,43.06,28,4.79,86.1,7.76,90.74,3.07,3.15,"[0.3383507362684639, 0.038585291447620435, 0.49317427481319054, 0.04937399882162944, 0.08051569864909565]"
episode_013,near_tie,rating,random_equation,55,ep013_vendor_002,GoMeals002,False,41.77,25,4.35,82.66,7.62,88.24,1.64,3.04,"[0.2883094709787842, 0.286824949730852, 0.22679046631273223, 0.07641082571374849, 0.12166428726388308]"
episode_013,near_tie,rating,random_equation,56,ep013_vendor_002,GoMeals002,False,41.77,25,4.35,82.66,7.62,88.24,1.64,3.04,"[0.2549589903732865, 0.1981301177346892, 0.03686121956957734, 0.3671375641417798, 0.14291210818066727]"
episode_013,near_tie,rating,random_equation,57,ep013_vendor_050,FeastLane050,False,44.97,42,4.75,88.35,6.84,93.52,1.78,7.99,"[0.05060760307272887, 0.046151613269747906, 0.7268365291822341, 0.007961400632134059, 0.16844285384315508]"
episode_013,near_tie,rating,random_equation,58,ep013_vendor_002,GoMeals002,False,41.77,25,4.35,82.66,7.62,88.24,1.64,3.04,"[0.1141755732157697, 0.3443956569564618, 0.010304841736842521, 0.10496235109983718, 0.4261615769910888]"
episode_013,near_tie,rating,random_equation,59,ep013_vendor_002,GoMeals002,False,41.77,25,4.35,82.66,7.62,88.24,1.64,3.04,"[0.4239913142406, 0.27984245259119733, 0.08080233760902511, 0.1529060363933048, 0.06245785916587282]"
episode_013,near_tie,rating,random_equation,60,ep013_vendor_002,GoMeals002,False,41.77,25,4.35,82.66,7.62,88.24,1.64,3.04,"[0.14453173715732648, 0.1620289324281104, 0.1481068809292842, 0.1133006687744858, 0.43203178071079307]"
episode_013,near_tie,rating,random_equation,61,ep013_vendor_002,GoMeals002,False,41.77,25,4.35,82.66,7.62,88.24,1.64,3.04,"[0.0500780702649047, 0.6070674505401997, 0.1349674022617984, 0.13759921733476702, 0.07028785959833021]"
episode_013,near_tie,rating,random_equation,62,ep013_vendor_002,GoMeals002,False,41.77,25,4.35,82.66,7.62,88.24,1.64,3.04,"[0.5700365069485759, 0.09773465215574116, 0.10952608159673899, 0.1392180799090979, 0.08348467938984604]"
episode_013,near_tie,rating,random_equation,63,ep013_vendor_002,GoMeals002,False,41.77,25,4.35,82.66,7.62,88.24,1.64,3.04,"[0.32774600413946076, 0.33657284771945933, 0.04305408677184253, 0.1386970117417217, 0.15393004962751572]"
episode_013,near_tie,rating,random_equation,64,ep013_vendor_078,QuickNow078,False,43.06,28,4.79,86.1,7.76,90.74,3.07,3.15,"[0.2505791663168168, 0.04327536372795359, 0.15431497205411548, 0.5306154808173027, 0.02121501708381143]"
episode_013,near_tie,rating,random_equation,65,ep013_vendor_078,QuickNow078,False,43.06,28,4.79,86.1,7.76,90.74,3.07,3.15,"[0.12613554016111236, 0.3275275110796563, 0.1757773577643858, 0.3399698081432936, 0.03058978285155212]"
episode_013,near_tie,rating,random_equation,66,ep013_vendor_078,QuickNow078,False,43.06,28,4.79,86.1,7.76,90.74,3.07,3.15,"[0.08414546329846516, 0.1879148400245626, 0.15682344645516458, 0.4873097191339474, 0.08380653108786021]"
episode_013,near_tie,rating,random_equation,67,ep013_vendor_002,GoMeals002,False,41.77,25,4.35,82.66,7.62,88.24,1.64,3.04,"[0.129827079046347, 0.03729206286899816, 0.2293404636027402, 0.06428735518140631, 0.5392530393005084]"
episode_013,near_tie,rating,random_equation,68,ep013_vendor_002,GoMeals002,False,41.77,25,4.35,82.66,7.62,88.24,1.64,3.04,"[0.4640833913517447, 0.186321084313292, 0.27637552685314365, 0.06705224629709293, 0.00616775118472666]"
episode_013,near_tie,rating,random_equation,69,ep013_vendor_002,GoMeals002,False,41.77,25,4.35,82.66,7.62,88.24,1.64,3.04,"[0.15172356063566875, 0.11400747582158631, 0.007342991154502792, 0.3357080403070779, 0.39121793208116434]"
episode_013,near_tie,rating,random_equation,70,ep013_vendor_078,QuickNow078,False,43.06,28,4.79,86.1,7.76,90.74,3.07,3.15,"[0.32434155193010517, 0.0791299547289765, 0.33695604715286054, 0.18383640839381274, 0.07573603779424502]"
episode_013,near_tie,rating,random_equation,71,ep013_vendor_002,GoMeals002,False,41.77,25,4.35,82.66,7.62,88.24,1.64,3.04,"[0.07288357181747787, 0.6031300417361601, 0.023237394572071347, 0.19790741578612922, 0.10284157608816145]"
episode_013,near_tie,rating,random_equation,72,ep013_vendor_002,GoMeals002,False,41.77,25,4.35,82.66,7.62,88.24,1.64,3.04,"[0.6328159079607577, 0.23312113272675175, 0.017841253725764315, 0.07298908659844107, 0.043232618988285045]"
episode_013,near_tie,rating,random_equation,73,ep013_vendor_002,GoMeals002,False,41.77,25,4.35,82.66,7.62,88.24,1.64,3.04,"[0.42754633300354317, 0.10894134726892714, 0.005595925426145958, 0.02563469545871591, 0.4322816988426678]"
episode_013,near_tie,rating,random_equation,74,ep013_vendor_002,GoMeals002,False,41.77,25,4.35,82.66,7.62,88.24,1.64,3.04,"[0.18837381951341373, 0.048903598504303925, 0.04260762854190353, 0.29619649246384105, 0.4239184609765378]"
episode_013,near_tie,rating,random_equation,75,ep013_vendor_045,RocketBite045,False,46.47,26,4.75,87.3,5.82,89.76,3.12,9.33,"[0.0384329411746878, 0.5910864861255956, 0.269100713301907, 0.0669995855494069, 0.03438027384840273]"
episode_013,near_tie,rating,random_equation,76,ep013_vendor_002,GoMeals002,False,41.77,25,4.35,82.66,7.62,88.24,1.64,3.04,"[0.4584489223435068, 0.40880118059205534, 0.05225530895159279, 0.05466781179371839, 0.025826776319126665]"
episode_013,near_tie,rating,random_equation,77,ep013_vendor_078,QuickNow078,False,43.06,28,4.79,86.1,7.76,90.74,3.07,3.15,"[0.16292844669535175, 0.061877105270126735, 0.5781555866706706, 0.13968916457556294, 0.057349696788287934]"
episode_013,near_tie,rating,random_equation,78,ep013_vendor_048,SwiftNow048,False,45.04,26,4.68,85.41,8.07,91.06,1.95,8.94,"[0.14234863820784815, 0.15623190303733073, 0.10920379505100393, 0.3814484530050783, 0.210767210698739]"
episode_013,near_tie,rating,random_equation,79,ep013_vendor_078,QuickNow078,False,43.06,28,4.79,86.1,7.76,90.74,3.07,3.15,"[0.3525296349339909, 0.14010386768080724, 0.0640124582798474, 0.41577451090033135, 0.027579528205023216]"
episode_013,near_tie,rating,random_equation,80,ep013_vendor_078,QuickNow078,False,43.06,28,4.79,86.1,7.76,90.74,3.07,3.15,"[0.17622630775334028, 0.09519226117551087, 0.20211899761559904, 0.3347891241285448, 0.19167330932700505]"
episode_013,near_tie,rating,random_equation,81,ep013_vendor_002,GoMeals002,False,41.77,25,4.35,82.66,7.62,88.24,1.64,3.04,"[0.32980237429902975, 0.19361872846653144, 0.04558819881656152, 0.2753562778473169, 0.15563442057056023]"
episode_013,near_tie,rating,random_equation,82,ep013_vendor_050,FeastLane050,False,44.97,42,4.75,88.35,6.84,93.52,1.78,7.99,"[0.02408218487546482, 0.0685504486158618, 0.32358591392334457, 0.2379925911647923, 0.34578886142053666]"
episode_013,near_tie,rating,random_equation,83,ep013_vendor_002,GoMeals002,False,41.77,25,4.35,82.66,7.62,88.24,1.64,3.04,"[0.36432616231589515, 0.11889777363988567, 0.12625404084355915, 0.23935151056179285, 0.151170512638867]"
episode_013,near_tie,rating,random_equation,84,ep013_vendor_002,GoMeals002,False,41.77,25,4.35,82.66,7.62,88.24,1.64,3.04,"[0.237885776916234, 0.13386336253035377, 0.3474986958923061, 0.008076382715774382, 0.2726757819453318]"
episode_013,near_tie,rating,random_equation,85,ep013_vendor_045,RocketBite045,False,46.47,26,4.75,87.3,5.82,89.76,3.12,9.33,"[0.02684636649567831, 0.36365824996424867, 0.39927991823580955, 0.14682641835279325, 0.06338904695147028]"
episode_013,near_tie,rating,random_equation,86,ep013_vendor_050,FeastLane050,False,44.97,42,4.75,88.35,6.84,93.52,1.78,7.99,"[0.22772943661379688, 0.052100414032875964, 0.42597913385327335, 0.12263337272105981, 0.17155764277899385]"
episode_013,near_tie,rating,random_equation,87,ep013_vendor_078,QuickNow078,False,43.06,28,4.79,86.1,7.76,90.74,3.07,3.15,"[0.18158810578197537, 0.06042092254324535, 0.30153438608228517, 0.42877953575741945, 0.027677049835074675]"
episode_013,near_tie,rating,random_equation,88,ep013_vendor_078,QuickNow078,False,43.06,28,4.79,86.1,7.76,90.74,3.07,3.15,"[0.1457297792038662, 0.23215519055566916, 0.11883660749565703, 0.470349648548566, 0.032928774196241656]"
episode_013,near_tie,rating,random_equation,89,ep013_vendor_048,SwiftNow048,False,45.04,26,4.68,85.41,8.07,91.06,1.95,8.94,"[0.13071842544752765, 0.2294433401145579, 0.3951552616646973, 0.1237499264904469, 0.12093304628277027]"
episode_013,near_tie,rating,random_equation,90,ep013_vendor_045,RocketBite045,False,46.47,26,4.75,87.3,5.82,89.76,3.12,9.33,"[0.05480469340202938, 0.16029478657035426, 0.33770957238413896, 0.3771845555054092, 0.07000639213806818]"
episode_013,near_tie,rating,random_equation,91,ep013_vendor_002,GoMeals002,False,41.77,25,4.35,82.66,7.62,88.24,1.64,3.04,"[0.10310816284608294, 0.12296767288993127, 0.15183755708809693, 0.1691070126859922, 0.45297959448989666]"
episode_013,near_tie,rating,random_equation,92,ep013_vendor_002,GoMeals002,False,41.77,25,4.35,82.66,7.62,88.24,1.64,3.04,"[0.36629559599187966, 0.035558141140182006, 0.3419138068544325, 0.09751855744204307, 0.15871389857146276]"
episode_013,near_tie,rating,random_equation,93,ep013_vendor_002,GoMeals002,False,41.77,25,4.35,82.66,7.62,88.24,1.64,3.04,"[0.34440113946313194, 0.08330461046573714, 0.28569115509603105, 0.1628498841129522, 0.12375321086214773]"
episode_013,near_tie,rating,random_equation,94,ep013_vendor_002,GoMeals002,False,41.77,25,4.35,82.66,7.62,88.24,1.64,3.04,"[0.5339165222455967, 0.0033293133204807058, 0.0911466858537409, 0.11445431101105688, 0.2571531675691249]"
episode_013,near_tie,rating,random_equation,95,ep013_vendor_002,GoMeals002,False,41.77,25,4.35,82.66,7.62,88.24,1.64,3.04,"[0.27577497693284164, 0.28380531588610114, 0.1854887132954529, 0.13834027099499152, 0.11659072289061291]"
episode_013,near_tie,rating,random_equation,96,ep013_vendor_002,GoMeals002,False,41.77,25,4.35,82.66,7.62,88.24,1.64,3.04,"[0.49496592007522583, 0.07082542255274954, 0.2034434857766836, 0.12798012722150925, 0.10278504437383174]"
episode_013,near_tie,rating,random_equation,97,ep013_vendor_002,GoMeals002,False,41.77,25,4.35,82.66,7.62,88.24,1.64,3.04,"[0.040014667061287756, 0.16320086025154074, 0.19152395304521425, 0.03633881565075233, 0.568921703991205]"
episode_013,near_tie,rating,random_equation,98,ep013_vendor_078,QuickNow078,False,43.06,28,4.79,86.1,7.76,90.74,3.07,3.15,"[0.2647352747171196, 0.06997608460733175, 0.19643309123285072, 0.42275603938075135, 0.046099510061946486]"
episode_013,near_tie,rating,random_equation,99,ep013_vendor_048,SwiftNow048,False,45.04,26,4.68,85.41,8.07,91.06,1.95,8.94,"[0.13542997542421953, 0.2863374930015679, 0.07717228817883062, 0.3634916131406296, 0.13756863025475222]"
episode_014,near_tie,rating,price_first,,ep014_vendor_067,SwiftLane067,False,26.52,41,4.34,85.46,6.03,90.52,2.01,4.14,
episode_014,near_tie,rating,eta_first,,ep014_vendor_063,CityBite063,False,30.26,24,4.43,84.11,8.23,91.25,1.93,11.19,
episode_014,near_tie,rating,rating_first,,ep014_vendor_041,RocketLane041,False,33.5,34,4.89,87.83,7.62,92.72,6.05,11.66,
episode_014,near_tie,rating,reliability_first,,ep014_vendor_073,NoshMeals073,False,30.89,25,4.74,88.66,4.39,89.72,5.75,5.02,
episode_014,near_tie,rating,balanced_equation,,ep014_vendor_046,FeastExpress046,False,27.57,29,4.79,86.49,7.14,90.33,1.96,7.26,
episode_014,near_tie,rating,random_equation,0,ep014_vendor_067,SwiftLane067,False,26.52,41,4.34,85.46,6.03,90.52,2.01,4.14,"[0.3872474128896497, 0.01613722148276434, 0.3358780226856163, 0.03319201078442161, 0.22754533215754805]"
episode_014,near_tie,rating,random_equation,1,ep014_vendor_046,FeastExpress046,False,27.57,29,4.79,86.49,7.14,90.33,1.96,7.26,"[0.4326150902915909, 0.15269549292652337, 0.30848098942797825, 0.05624441464758517, 0.04996401270632226]"
episode_014,near_tie,rating,random_equation,2,ep014_vendor_046,FeastExpress046,False,27.57,29,4.79,86.49,7.14,90.33,1.96,7.26,"[0.2879197345559582, 0.06438303941937021, 0.32701452088187294, 0.15870013368565308, 0.16198257145714562]"
episode_014,near_tie,rating,random_equation,3,ep014_vendor_063,CityBite063,False,30.26,24,4.43,84.11,8.23,91.25,1.93,11.19,"[0.1355325560603153, 0.6110328423592682, 0.022335448014030458, 0.17763457142897235, 0.05346458213741379]"
episode_014,near_tie,rating,random_equation,4,ep014_vendor_077,SwiftLane077,False,30.43,24,4.38,80.67,9.6,87.94,1.7,7.36,"[0.07178362712942155, 0.40474385631438564, 0.007921905178644703, 0.27235680973882825, 0.24319380163871973]"
episode_014,near_tie,rating,random_equation,5,ep014_vendor_046,FeastExpress046,False,27.57,29,4.79,86.49,7.14,90.33,1.96,7.26,"[0.15319950406223254, 0.08148958361462277, 0.09729563306578176, 0.429097051396035, 0.23891822786132783]"
episode_014,near_tie,rating,random_equation,6,ep014_vendor_063,CityBite063,False,30.26,24,4.43,84.11,8.23,91.25,1.93,11.19,"[0.08702507094090471, 0.39377781249351007, 0.31263614873801643, 0.0028051329747251362, 0.2037558348528437]"
episode_014,near_tie,rating,random_equation,7,ep014_vendor_046,FeastExpress046,False,27.57,29,4.79,86.49,7.14,90.33,1.96,7.26,"[0.3242497353990649, 0.07168688810813799, 0.04183832131163154, 0.07065502866797388, 0.4915700265131918]"
episode_014,near_tie,rating,random_equation,8,ep014_vendor_073,NoshMeals073,False,30.89,25,4.74,88.66,4.39,89.72,5.75,5.02,"[0.15382422674026708, 0.06875446329096105, 0.5761644107738596, 0.19074021592573237, 0.01051668326917991]"
episode_014,near_tie,rating,random_equation,9,ep014_vendor_063,CityBite063,False,30.26,24,4.43,84.11,8.23,91.25,1.93,11.19,"[0.3158232717390295, 0.5222186881653674, 0.0254981176115863, 0.044486242526317596, 0.09197367995769906]"
episode_014,near_tie,rating,random_equation,10,ep014_vendor_046,FeastExpress046,False,27.57,29,4.79,86.49,7.14,90.33,1.96,7.26,"[0.04574895323008514, 0.02648253426910406, 0.31462502788929064, 0.18146258860884396, 0.4316808960026762]"
episode_014,near_tie,rating,random_equation,11,ep014_vendor_046,FeastExpress046,False,27.57,29,4.79,86.49,7.14,90.33,1.96,7.26,"[0.10919046557560212, 0.21633177082002936, 0.23674479660995096, 0.13950837650375997, 0.2982245904906577]"
episode_014,near_tie,rating,random_equation,12,ep014_vendor_046,FeastExpress046,False,27.57,29,4.79,86.49,7.14,90.33,1.96,7.26,"[0.08230168300216026, 0.03520495256347724, 0.32055012153542795, 0.4150051288805366, 0.14693811401839793]"
episode_014,near_tie,rating,random_equation,13,ep014_vendor_063,CityBite063,False,30.26,24,4.43,84.11,8.23,91.25,1.93,11.19,"[0.10489763260083036, 0.4383946975931214, 0.2887207738512778, 0.013646658348671424, 0.15434023760609888]"
episode_014,near_tie,rating,random_equation,14,ep014_vendor_046,FeastExpress046,False,27.57,29,4.79,86.49,7.14,90.33,1.96,7.26,"[0.10416630275852692, 0.0009579650844335304, 0.5843514780816069, 0.008804497478364618, 0.301719756597068]"
episode_014,near_tie,rating,random_equation,15,ep014_vendor_073,NoshMeals073,False,30.89,25,4.74,88.66,4.39,89.72,5.75,5.02,"[0.13064582535128963, 0.3761548898848931, 0.19977921820605488, 0.2609436815154102, 0.03247638504235207]"
episode_014,near_tie,rating,random_equation,16,ep014_vendor_046,FeastExpress046,False,27.57,29,4.79,86.49,7.14,90.33,1.96,7.26,"[0.2100092051274298, 0.289664257726417, 0.22665757912407022, 0.012800133582429134, 0.2608688244396537]"
episode_014,near_tie,rating,random_equation,17,ep014_vendor_046,FeastExpress046,False,27.57,29,4.79,86.49,7.14,90.33,1.96,7.26,"[0.18439867632588394, 0.17551925194972834, 0.15187141286196862, 0.05142187286363143, 0.4367887859987877]"
episode_014,near_tie,rating,random_equation,18,ep014_vendor_063,CityBite063,False,30.26,24,4.43,84.11,8.23,91.25,1.93,11.19,"[0.10710885217686254, 0.41526682389464753, 0.06913956733107295, 0.1120459643053099, 0.29643879229210696]"
episode_014,near_tie,rating,random_equation,19,ep014_vendor_046,FeastExpress046,False,27.57,29,4.79,86.49,7.14,90.33,1.96,7.26,"[0.1422279744460538, 0.006531892234690005, 0.34555779939390086, 0.1967356289798443, 0.30894670494551113]"
episode_014,near_tie,rating,random_equation,20,ep014_vendor_046,FeastExpress046,False,27.57,29,4.79,86.49,7.14,90.33,1.96,7.26,"[0.07531053852257905, 0.22233215349470106, 0.46699655717534233, 0.006952820298289376, 0.2284079305090882]"
episode_014,near_tie,rating,random_equation,21,ep014_vendor_046,FeastExpress046,False,27.57,29,4.79,86.49,7.14,90.33,1.96,7.26,"[0.16118086730376258, 0.10661749300564734, 0.5159206695085868, 0.028946989604598534, 0.18733398057740477]"
episode_014,near_tie,rating,random_equation,22,ep014_vendor_046,FeastExpress046,False,27.57,29,4.79,86.49,7.14,90.33,1.96,7.26,"[0.03833921065535118, 0.048668072275094176, 0.44947865263243114, 0.20156331122663987, 0.26195075321048367]"
episode_014,near_tie,rating,random_equation,23,ep014_vendor_046,FeastExpress046,False,27.57,29,4.79,86.49,7.14,90.33,1.96,7.26,"[0.20535043036361636, 0.17362241241465212, 0.2075977211613155, 0.39405299667960864, 0.019376439380807388]"
episode_014,near_tie,rating,random_equation,24,ep014_vendor_063,CityBite063,False,30.26,24,4.43,84.11,8.23,91.25,1.93,11.19,"[0.05421078335237519, 0.26106263473160746, 0.2172760648225218, 0.07247940275972181, 0.39497111433377374]"
episode_014,near_tie,rating,random_equation,25,ep014_vendor_063,CityBite063,False,30.26,24,4.43,84.11,8.23,91.25,1.93,11.19,"[0.02593432662859604, 0.2826406225480742, 0.11998593479000556, 0.14490750191048923, 0.426531614122835]"
episode_014,near_tie,rating,random_equation,26,ep014_vendor_073,NoshMeals073,False,30.89,25,4.74,88.66,4.39,89.72,5.75,5.02,"[0.07865819893218565, 0.41495161716275, 0.11287553762862712, 0.3454741751470195, 0.048040471129417665]"
episode_014,near_tie,rating,random_equation,27,ep014_vendor_083,PrimeCart083,False,31.69,27,4.86,88.23,5.67,90.19,2.94,12.12,"[0.06549830043183412, 0.25749458478293064, 0.4740296253053658, 0.08269587897789087, 0.12028161050197858]"
episode_014,near_tie,rating,random_equation,28,ep014_vendor_083,PrimeCart083,False,31.69,27,4.86,88.23,5.67,90.19,2.94,12.12,"[0.007424735168295462, 0.1951286484634, 0.4336804549122205, 0.203749519447467, 0.16001664200861712]"
episode_014,near_tie,rating,random_equation,29,ep014_vendor_073,NoshMeals073,False,30.89,25,4.74,88.66,4.39,89.72,5.75,5.02,"[0.06784476154779498, 0.47972803349765375, 0.022037476395307003, 0.4249932641156946, 0.005396464443549687]"
episode_014,near_tie,rating,random_equation,30,ep014_vendor_063,CityBite063,False,30.26,24,4.43,84.11,8.23,91.25,1.93,11.19,"[0.08902112881916187, 0.4184472363661882, 0.11746433947668837, 0.23493827709024526, 0.14012901824771617]"
episode_014,near_tie,rating,random_equation,31,ep014_vendor_063,CityBite063,False,30.26,24,4.43,84.11,8.23,91.25,1.93,11.19,"[0.07551746430263884, 0.7974994152958371, 0.03372818417982864, 0.0685221450193884, 0.02473279120230696]"
episode_014,near_tie,rating,random_equation,32,ep014_vendor_067,SwiftLane067,False,26.52,41,4.34,85.46,6.03,90.52,2.01,4.14,"[0.7618839549025624, 0.02021876685450707, 0.014638719733813177, 0.19389988888353132, 0.009358669625586059]"
episode_014,near_tie,rating,random_equation,33,ep014_vendor_046,FeastExpress046,False,27.57,29,4.79,86.49,7.14,90.33,1.96,7.26,"[0.2621207267910507, 0.07541361940383651, 0.2732932052573029, 0.19092244878210124, 0.1982499997657087]"
episode_014,near_tie,rating,random_equation,34,ep014_vendor_046,FeastExpress046,False,27.57,29,4.79,86.49,7.14,90.33,1.96,7.26,"[0.014904543673010171, 0.1651958771218795, 0.037535517458035274, 0.5804718919704582, 0.2018921697766169]"
episode_014,near_tie,rating,random_equation,35,ep014_vendor_063,CityBite063,False,30.26,24,4.43,84.11,8.23,91.25,1.93,11.19,"[0.12457686608239693, 0.3361941447911402, 0.20885507593564412, 0.09348672410406551, 0.23688718908675335]"
episode_014,near_tie,rating,random_equation,36,ep014_vendor_063,CityBite063,False,30.26,24,4.43,84.11,8.23,91.25,1.93,11.19,"[0.018145046293626715, 0.22607763566365058, 0.10781678915212976, 0.19138836928461192, 0.456572159605981]"
episode_014,near_tie,rating,random_equation,37,ep014_vendor_046,FeastExpress046,False,27.57,29,4.79,86.49,7.14,90.33,1.96,7.26,"[0.2330982946297257, 0.21499275828531061, 0.3534617283453502, 0.1905371290450021, 0.007910089694611447]"
episode_014,near_tie,rating,random_equation,38,ep014_vendor_046,FeastExpress046,False,27.57,29,4.79,86.49,7.14,90.33,1.96,7.26,"[0.02603863659796096, 0.048147223652816, 0.4612428456831072, 0.12991810582658805, 0.33465318823952783]"
episode_014,near_tie,rating,random_equation,39,ep014_vendor_083,PrimeCart083,False,31.69,27,4.86,88.23,5.67,90.19,2.94,12.12,"[0.00016733594317552318, 0.33951448197231254, 0.09172879327334155, 0.46622468952902524, 0.10236469928214509]"
episode_014,near_tie,rating,random_equation,40,ep014_vendor_046,FeastExpress046,False,27.57,29,4.79,86.49,7.14,90.33,1.96,7.26,"[0.27440621066807686, 0.3008518259352459, 0.2235661829338312, 0.026887813047204952, 0.17428796741564115]"
episode_014,near_tie,rating,random_equation,41,ep014_vendor_046,FeastExpress046,False,27.57,29,4.79,86.49,7.14,90.33,1.96,7.26,"[0.003359403028181626, 0.17996662360178337, 0.040367176232162696, 0.26673867663973283, 0.5095681204981395]"
episode_014,near_tie,rating,random_equation,42,ep014_vendor_046,FeastExpress046,False,27.57,29,4.79,86.49,7.14,90.33,1.96,7.26,"[0.24374948884891712, 0.04951010373770577, 0.0962424476551772, 0.536937448954001, 0.0735605108041989]"
episode_014,near_tie,rating,random_equation,43,ep014_vendor_046,FeastExpress046,False,27.57,29,4.79,86.49,7.14,90.33,1.96,7.26,"[0.39702749363166867, 0.015617252830422944, 0.10014094746952475, 0.14704954502277334, 0.3401647610456103]"
episode_014,near_tie,rating,random_equation,44,ep014_vendor_083,PrimeCart083,False,31.69,27,4.86,88.23,5.67,90.19,2.94,12.12,"[0.025369852220206022, 0.040586389429890644, 0.6286324567819851, 0.2899254776511242, 0.015485823916794199]"
episode_014,near_tie,rating,random_equation,45,ep014_vendor_046,FeastExpress046,False,27.57,29,4.79,86.49,7.14,90.33,1.96,7.26,"[0.4670454675259858, 0.2931558808411931, 0.1582407076033626, 0.016007957286770697, 0.06554998674268785]"
episode_014,near_tie,rating,random_equation,46,ep014_vendor_046,FeastExpress046,False,27.57,29,4.79,86.49,7.14,90.33,1.96,7.26,"[0.13631249405429868, 0.08849406429751004, 0.02900599961500852, 0.12212537978184072, 0.6240620622513421]"
episode_014,near_tie,rating,random_equation,47,ep014_vendor_046,FeastExpress046,False,27.57,29,4.79,86.49,7.14,90.33,1.96,7.26,"[0.41976438188812365, 0.08018320208890138, 0.19417293530174223, 0.29775059057772574, 0.00812889014350701]"
episode_014,near_tie,rating,random_equation,48,ep014_vendor_046,FeastExpress046,False,27.57,29,4.79,86.49,7.14,90.33,1.96,7.26,"[0.03959543653676225, 0.06366889575592594, 0.02662462689902097, 0.2694599654091108, 0.60065107539918]"
episode_014,near_tie,rating,random_equation,49,ep014_vendor_063,CityBite063,False,30.26,24,4.43,84.11,8.23,91.25,1.93,11.19,"[0.012388487937615109, 0.2952400492149006, 0.29251925076460256, 0.09239272118248218, 0.30745949090039953]"
episode_014,near_tie,rating,random_equation,50,ep014_vendor_046,FeastExpress046,False,27.57,29,4.79,86.49,7.14,90.33,1.96,7.26,"[0.15891979238178586, 0.07160339767193528, 0.3268494238073508, 0.023965833384846303, 0.41866155275408157]"
episode_014,near_tie,rating,random_equation,51,ep014_vendor_046,FeastExpress046,False,27.57,29,4.79,86.49,7.14,90.33,1.96,7.26,"[0.264919239454141, 0.0059316828342999344, 0.6728730170801078, 0.027869863594120865, 0.028406197037330463]"
episode_014,near_tie,rating,random_equation,52,ep014_vendor_046,FeastExpress046,False,27.57,29,4.79,86.49,7.14,90.33,1.96,7.26,"[0.02009386504481951, 0.2690691330208476, 0.03659816669986249, 0.3642086391856141, 0.3100301960488563]"
episode_014,near_tie,rating,random_equation,53,ep014_vendor_046,FeastExpress046,False,27.57,29,4.79,86.49,7.14,90.33,1.96,7.26,"[0.0801745613388998, 0.09302695902330786, 0.2130407853192896, 0.08878346509374767, 0.524974229224755]"
episode_014,near_tie,rating,random_equation,54,ep014_vendor_046,FeastExpress046,False,27.57,29,4.79,86.49,7.14,90.33,1.96,7.26,"[0.09980640410771847, 0.011605805158868478, 0.14210077009321015, 0.2990554988564646, 0.4474315217837382]"
episode_014,near_tie,rating,random_equation,55,ep014_vendor_046,FeastExpress046,False,27.57,29,4.79,86.49,7.14,90.33,1.96,7.26,"[0.06211051856682547, 0.040279189358623686, 0.013823146127994575, 0.6042459776824516, 0.2795411682641047]"
episode_014,near_tie,rating,random_equation,56,ep014_vendor_077,SwiftLane077,False,30.43,24,4.38,80.67,9.6,87.94,1.7,7.36,"[0.003922389509591875, 0.47891732899298706, 0.0022295032757630186, 0.05623614753247414, 0.4586946306891839]"
episode_014,near_tie,rating,random_equation,57,ep014_vendor_073,NoshMeals073,False,30.89,25,4.74,88.66,4.39,89.72,5.75,5.02,"[0.016882629851769353, 0.3677008525198406, 0.47639397987743237, 0.13298853798867702, 0.0060339997622804835]"
episode_014,near_tie,rating,random_equation,58,ep014_vendor_046,FeastExpress046,False,27.57,29,4.79,86.49,7.14,90.33,1.96,7.26,"[0.19775430380048403, 0.317372091598615, 0.09762660042285305, 0.2868675411205277, 0.10037946305752024]"
episode_014,near_tie,rating,random_equation,59,ep014_vendor_063,CityBite063,False,30.26,24,4.43,84.11,8.23,91.25,1.93,11.19,"[0.19290504806564282, 0.35953686744386393, 0.05113688735320441, 0.11131971885566372, 0.2851014782816252]"
episode_014,near_tie,rating,random_equation,60,ep014_vendor_077,SwiftLane077,False,30.43,24,4.38,80.67,9.6,87.94,1.7,7.36,"[0.015853713095460593, 0.3966772790895315, 0.08141869438380331, 0.052950496590565325, 0.4530998168406393]"
episode_014,near_tie,rating,random_equation,61,ep014_vendor_046,FeastExpress046,False,27.57,29,4.79,86.49,7.14,90.33,1.96,7.26,"[0.22585580510699052, 0.17252191854930785, 0.22613129412450628, 0.14099734154227592, 0.2344936406769194]"
episode_014,near_tie,rating,random_equation,62,ep014_vendor_063,CityBite063,False,30.26,24,4.43,84.11,8.23,91.25,1.93,11.19,"[0.06705722942287663, 0.2304185883804143, 0.27761956022531714, 0.043691767474234304, 0.3812128544971576]"
episode_014,near_tie,rating,random_equation,63,ep014_vendor_083,PrimeCart083,False,31.69,27,4.86,88.23,5.67,90.19,2.94,12.12,"[0.01813172937846147, 0.16145904841822775, 0.2628108503134866, 0.3876381511913974, 0.16996022069842684]"
episode_014,near_tie,rating,random_equation,64,ep014_vendor_046,FeastExpress046,False,27.57,29,4.79,86.49,7.14,90.33,1.96,7.26,"[0.13993587798704468, 0.17864840813737637, 0.4344144661470637, 0.0701077983609951, 0.17689344936752022]"
episode_014,near_tie,rating,random_equation,65,ep014_vendor_046,FeastExpress046,False,27.57,29,4.79,86.49,7.14,90.33,1.96,7.26,"[0.24120593443702765, 0.16612349180235267, 0.07218686851388754, 0.320589761411904, 0.19989394383482817]"
episode_014,near_tie,rating,random_equation,66,ep014_vendor_046,FeastExpress046,False,27.57,29,4.79,86.49,7.14,90.33,1.96,7.26,"[0.6457588969953765, 0.11758084742300544, 0.017530086098817413, 0.024618941500489086, 0.19451122798231155]"
episode_014,near_tie,rating,random_equation,67,ep014_vendor_046,FeastExpress046,False,27.57,29,4.79,86.49,7.14,90.33,1.96,7.26,"[0.001998706017474484, 0.13710592435739274, 0.15417878942545457, 0.38389734892919114, 0.3228192312704872]"
episode_014,near_tie,rating,random_equation,68,ep014_vendor_077,SwiftLane077,False,30.43,24,4.38,80.67,9.6,87.94,1.7,7.36,"[0.09540832991582085, 0.1516897740930943, 0.09352778589993571, 0.05023931850569751, 0.6091347915854516]"
episode_014,near_tie,rating,random_equation,69,ep014_vendor_073,NoshMeals073,False,30.89,25,4.74,88.66,4.39,89.72,5.75,5.02,"[0.008651125778628515, 0.5260761630209618, 0.3307353235120593, 0.12079060963253768, 0.01374677805581269]"
episode_014,near_tie,rating,random_equation,70,ep014_vendor_046,FeastExpress046,False,27.57,29,4.79,86.49,7.14,90.33,1.96,7.26,"[0.36066410099827173, 0.3802976212901967, 0.048517552798035275, 0.03928428833348118, 0.17123643658001497]"
episode_014,near_tie,rating,random_equation,71,ep014_vendor_046,FeastExpress046,False,27.57,29,4.79,86.49,7.14,90.33,1.96,7.26,"[0.5086774181627766, 0.1744424745458768, 0.03962928157020716, 0.013024749051055462, 0.26422607667008396]"
episode_014,near_tie,rating,random_equation,72,ep014_vendor_046,FeastExpress046,False,27.57,29,4.79,86.49,7.14,90.33,1.96,7.26,"[0.527982999694265, 0.12913410049807278, 0.060263770378841695, 0.07655176697636185, 0.20606736245245855]"
episode_014,near_tie,rating,random_equation,73,ep014_vendor_063,CityBite063,False,30.26,24,4.43,84.11,8.23,91.25,1.93,11.19,"[0.2223144597936137, 0.42407313109445244, 0.04046259736180501, 0.10399497514740771, 0.20915483660272113]"
episode_014,near_tie,rating,random_equation,74,ep014_vendor_073,NoshMeals073,False,30.89,25,4.74,88.66,4.39,89.72,5.75,5.02,"[0.03417792489535836, 0.3378503861913681, 0.5896159351494913, 0.021981713327258012, 0.01637404043652442]"
episode_014,near_tie,rating,random_equation,75,ep014_vendor_073,NoshMeals073,False,30.89,25,4.74,88.66,4.39,89.72,5.75,5.02,"[0.08361834657263094, 0.20421245823605336, 0.418609993586301, 0.2611849154129063, 0.032374286192108484]"
episode_014,near_tie,rating,random_equation,76,ep014_vendor_046,FeastExpress046,False,27.57,29,4.79,86.49,7.14,90.33,1.96,7.26,"[0.4664660013909696, 0.2795390381921858, 0.08708821514664641, 0.11567873350191933, 0.05122801176827891]"
episode_014,near_tie,rating,random_equation,77,ep014_vendor_063,CityBite063,False,30.26,24,4.43,84.11,8.23,91.25,1.93,11.19,"[0.0660503276146973, 0.3993787380408324, 0.14666264951675193, 0.17514441810971526, 0.21276386671800318]"
episode_014,near_tie,rating,random_equation,78,ep014_vendor_083,PrimeCart083,False,31.69,27,4.86,88.23,5.67,90.19,2.94,12.12,"[0.04657084844311646, 0.19981319159577124, 0.4021443727989995, 0.3190753842806577, 0.032396202881455054]"
episode_014,near_tie,rating,random_equation,79,ep014_vendor_046,FeastExpress046,False,27.57,29,4.79,86.49,7.14,90.33,1.96,7.26,"[0.4608477479383155, 0.12107753286566039, 0.32488950584470133, 0.08478462212944934, 0.008400591221873482]"
episode_014,near_tie,rating,random_equation,80,ep014_vendor_083,PrimeCart083,False,31.69,27,4.86,88.23,5.67,90.19,2.94,12.12,"[0.012850232328882294, 0.317023629567571, 0.1303915892539959, 0.509054072862723, 0.030680475986827955]"
episode_014,near_tie,rating,random_equation,81,ep014_vendor_046,FeastExpress046,False,27.57,29,4.79,86.49,7.14,90.33,1.96,7.26,"[0.019080481858978857, 0.04047371259831418, 0.09102150769630558, 0.39612999226854917, 0.45329430557785216]"
episode_014,near_tie,rating,random_equation,82,ep014_vendor_046,FeastExpress046,False,27.57,29,4.79,86.49,7.14,90.33,1.96,7.26,"[0.03148775347909004, 0.0322333778369355, 0.2809740141889989, 0.050364302357113956, 0.6049405521378616]"
episode_014,near_tie,rating,random_equation,83,ep014_vendor_046,FeastExpress046,False,27.57,29,4.79,86.49,7.14,90.33,1.96,7.26,"[0.024364481153854946, 0.19821473515613333, 0.19454418890034425, 0.24679510945694136, 0.3360814853327261]"
episode_014,near_tie,rating,random_equation,84,ep014_vendor_046,FeastExpress046,False,27.57,29,4.79,86.49,7.14,90.33,1.96,7.26,"[0.1527667483629693, 0.28678654205499066, 0.21160432763590079, 0.13091608954224804, 0.21792629240389114]"
episode_014,near_tie,rating,random_equation,85,ep014_vendor_046,FeastExpress046,False,27.57,29,4.79,86.49,7.14,90.33,1.96,7.26,"[0.05370221220819504, 0.18572500053590948, 0.4934341355405549, 0.005191055860039346, 0.26194759585530114]"
episode_014,near_tie,rating,random_equation,86,ep014_vendor_046,FeastExpress046,False,27.57,29,4.79,86.49,7.14,90.33,1.96,7.26,"[0.12811378217173972, 0.2791644403645999, 0.12134586735567947, 0.23184940673848248, 0.23952650336949843]"
episode_014,near_tie,rating,random_equation,87,ep014_vendor_046,FeastExpress046,False,27.57,29,4.79,86.49,7.14,90.33,1.96,7.26,"[0.31443086148604393, 0.14854108490735693, 0.2171400045967157, 0.1246298606936577, 0.19525818831622574]"
episode_014,near_tie,rating,random_equation,88,ep014_vendor_046,FeastExpress046,False,27.57,29,4.79,86.49,7.14,90.33,1.96,7.26,"[0.14633053257111583, 0.2296425862722264, 0.06113824592066744, 0.42984913256875074, 0.13303950266723955]"
episode_014,near_tie,rating,random_equation,89,ep014_vendor_063,CityBite063,False,30.26,24,4.43,84.11,8.23,91.25,1.93,11.19,"[0.20026175009026928, 0.5354089559398014, 0.1438145403770784, 0.085091409963894, 0.035423343628957014]"
episode_014,near_tie,rating,random_equation,90,ep014_vendor_046,FeastExpress046,False,27.57,29,4.79,86.49,7.14,90.33,1.96,7.26,"[0.20903059967499737, 0.17079477148483177, 0.251431129943838, 0.1430466908018844, 0.22569680809444853]"
episode_014,near_tie,rating,random_equation,91,ep014_vendor_063,CityBite063,False,30.26,24,4.43,84.11,8.23,91.25,1.93,11.19,"[0.05942286458546417, 0.3058644872715718, 0.27742011070140116, 0.05376794293284578, 0.30352459450871727]"
episode_014,near_tie,rating,random_equation,92,ep014_vendor_063,CityBite063,False,30.26,24,4.43,84.11,8.23,91.25,1.93,11.19,"[0.043477601421791356, 0.2797911805833648, 0.29758491707570056, 0.1090438538699161, 0.2701024470492272]"
episode_014,near_tie,rating,random_equation,93,ep014_vendor_046,FeastExpress046,False,27.57,29,4.79,86.49,7.14,90.33,1.96,7.26,"[0.17618347009826898, 0.12152686722682188, 0.5021704961873528, 0.10832033719325165, 0.09179882929430473]"
episode_014,near_tie,rating,random_equation,94,ep014_vendor_046,FeastExpress046,False,27.57,29,4.79,86.49,7.14,90.33,1.96,7.26,"[0.3655690241980506, 0.19913904014642075, 0.33506856209963365, 0.07198514440848877, 0.028238229147406247]"
episode_014,near_tie,rating,random_equation,95,ep014_vendor_067,SwiftLane067,False,26.52,41,4.34,85.46,6.03,90.52,2.01,4.14,"[0.619804299838846, 0.013400057370714173, 0.22159313848964665, 0.11645634492375975, 0.028746159377033422]"
episode_014,near_tie,rating,random_equation,96,ep014_vendor_046,FeastExpress046,False,27.57,29,4.79,86.49,7.14,90.33,1.96,7.26,"[0.03445035917269321, 0.04521455255131369, 0.3791469565843459, 0.3218888191376447, 0.2192993125540025]"
episode_014,near_tie,rating,random_equation,97,ep014_vendor_046,FeastExpress046,False,27.57,29,4.79,86.49,7.14,90.33,1.96,7.26,"[0.3375622259156512, 0.0009585267466992475, 0.03457001235992953, 0.29685268473322457, 0.3300565502444954]"
episode_014,near_tie,rating,random_equation,98,ep014_vendor_073,NoshMeals073,False,30.89,25,4.74,88.66,4.39,89.72,5.75,5.02,"[0.11739895117419867, 0.26802631138298355, 0.5419608945337847, 0.022653068432712205, 0.04996077447632084]"
episode_014,near_tie,rating,random_equation,99,ep014_vendor_063,CityBite063,False,30.26,24,4.43,84.11,8.23,91.25,1.93,11.19,"[0.03902997976206488, 0.6015222366841395, 0.16180540919414174, 0.15809901488973213, 0.03954335946992167]"
episode_015,near_tie,value,price_first,,ep015_vendor_019,BlinkExpress019,False,27.34,26,3.73,77.12,9.28,86.82,2.04,5.65,
episode_015,near_tie,value,eta_first,,ep015_vendor_071,FeastExpress071,False,28.09,24,4.89,85.34,7.5,87.99,1.56,11.97,
episode_015,near_tie,value,rating_first,,ep015_vendor_071,FeastExpress071,False,28.09,24,4.89,85.34,7.5,87.99,1.56,11.97,
episode_015,near_tie,value,reliability_first,,ep015_vendor_001,DashRunner001,False,30.81,31,4.79,92.12,3.46,93.88,3.52,7.84,
episode_015,near_tie,value,balanced_equation,,ep015_vendor_071,FeastExpress071,False,28.09,24,4.89,85.34,7.5,87.99,1.56,11.97,
episode_015,near_tie,value,random_equation,0,ep015_vendor_071,FeastExpress071,False,28.09,24,4.89,85.34,7.5,87.99,1.56,11.97,"[0.13768129495468884, 0.09555843112449894, 0.12886275043438952, 0.3278005704803396, 0.31009695300608303]"
episode_015,near_tie,value,random_equation,1,ep015_vendor_071,FeastExpress071,False,28.09,24,4.89,85.34,7.5,87.99,1.56,11.97,"[0.2928529061695626, 0.07213396206201185, 0.20212770198299065, 0.4018774152955672, 0.03100801448986787]"
episode_015,near_tie,value,random_equation,2,ep015_vendor_071,FeastExpress071,False,28.09,24,4.89,85.34,7.5,87.99,1.56,11.97,"[0.34161307626112675, 0.11168911192972145, 0.11602520410622333, 0.38085883183789043, 0.049813775865038025]"
episode_015,near_tie,value,random_equation,3,ep015_vendor_071,FeastExpress071,False,28.09,24,4.89,85.34,7.5,87.99,1.56,11.97,"[0.11731578637434463, 0.20474692088275762, 0.06427017067810774, 0.10353017203584587, 0.5101369500289441]"
episode_015,near_tie,value,random_equation,4,ep015_vendor_071,FeastExpress071,False,28.09,24,4.89,85.34,7.5,87.99,1.56,11.97,"[0.4585377289367609, 0.44877322114482915, 0.046932657092535246, 0.005965868544449532, 0.039790524281425196]"
episode_015,near_tie,value,random_equation,5,ep015_vendor_082,SwiftMeals082,False,27.6,29,4.83,86.13,6.94,88.95,2.49,7.6,"[0.5458893523431263, 0.14265795019012095, 0.22942413294209446, 0.0791073707357176, 0.0029211937889407655]"
episode_015,near_tie,value,random_equation,6,ep015_vendor_071,FeastExpress071,False,28.09,24,4.89,85.34,7.5,87.99,1.56,11.97,"[0.23700648505622013, 0.1989417182924276, 0.0669949560118108, 0.04656325190988074, 0.4504935887296606]"
episode_015,near_tie,value,random_equation,7,ep015_vendor_048,PrimeDrop048,False,30.13,26,4.85,89.53,7.01,95.07,2.92,8.57,"[0.017090616494424032, 0.1240694558575055, 0.5373795486688551, 0.09008879582238748, 0.23137158315682776]"
episode_015,near_tie,value,random_equation,8,ep015_vendor_018,NoshLane018,False,27.36,27,4.62,80.88,7.2,81.78,1.96,5.98,"[0.7684212572669762, 0.0069475016020795165, 0.0820256364126192, 0.07265800175965352, 0.06994760295867149]"
episode_015,near_tie,value,random_equation,9,ep015_vendor_071,FeastExpress071,False,28.09,24,4.89,85.34,7.5,87.99,1.56,11.97,"[0.3453698625671088, 0.09071995881489313, 0.038911455075166745, 0.05820999207638674, 0.4667887314664447]"
episode_015,near_tie,value,random_equation,10,ep015_vendor_071,FeastExpress071,False,28.09,24,4.89,85.34,7.5,87.99,1.56,11.97,"[0.4776894369277791, 0.04331079636141271, 0.16555119145475505, 0.000654016142348543, 0.3127945591137045]"
episode_015,near_tie,value,random_equation,11,ep015_vendor_001,DashRunner001,False,30.81,31,4.79,92.12,3.46,93.88,3.52,7.84,"[0.14908145788042784, 0.06693766969949203, 0.4925541420289244, 0.25113690874924666, 0.04028982164190912]"
episode_015,near_tie,value,random_equation,12,ep015_vendor_071,FeastExpress071,False,28.09,24,4.89,85.34,7.5,87.99,1.56,11.97,"[0.21437361786441372, 0.11604816895316478, 0.03396008254494787, 0.2924410424044151, 0.34317708823305837]"
episode_015,near_tie,value,random_equation,13,ep015_vendor_001,DashRunner001,False,30.81,31,4.79,92.12,3.46,93.88,3.52,7.84,"[0.014881902467599307, 0.03133176180306391, 0.5006827067435466, 0.3783070581400719, 0.07479657084571817]"
episode_015,near_tie,value,random_equation,14,ep015_vendor_071,FeastExpress071,False,28.09,24,4.89,85.34,7.5,87.99,1.56,11.97,"[0.13014412603757924, 0.2827458991380525, 0.01197595524631487, 0.46072319428395087, 0.1144108252941026]"
episode_015,near_tie,value,random_equation,15,ep015_vendor_071,FeastExpress071,False,28.09,24,4.89,85.34,7.5,87.99,1.56,11.97,"[0.42408230290981, 0.05565472063929866, 0.06512330756561417, 0.19743819867402893, 0.2577014702112482]"
episode_015,near_tie,value,random_equation,16,ep015_vendor_071,FeastExpress071,False,28.09,24,4.89,85.34,7.5,87.99,1.56,11.97,"[0.06947181684893192, 0.12984001781596077, 0.16199509599276776, 0.39425230936268496, 0.24444075997965456]"
episode_015,near_tie,value,random_equation,17,ep015_vendor_071,FeastExpress071,False,28.09,24,4.89,85.34,7.5,87.99,1.56,11.97,"[0.14688597696681902, 0.47872164591012595, 0.15222154798758744, 0.21493575117973845, 0.007235077955729171]"
episode_015,near_tie,value,random_equation,18,ep015_vendor_001,DashRunner001,False,30.81,31,4.79,92.12,3.46,93.88,3.52,7.84,"[0.016571789312761837, 0.1256650258219494, 0.5464363775850976, 0.2675737704839244, 0.04375303679626691]"
episode_015,near_tie,value,random_equation,19,ep015_vendor_048,PrimeDrop048,False,30.13,26,4.85,89.53,7.01,95.07,2.92,8.57,"[0.03881774606284928, 0.2188921233963668, 0.5290374724126009, 0.15757950261790213, 0.05567315551028094]"
episode_015,near_tie,value,random_equation,20,ep015_vendor_071,FeastExpress071,False,28.09,24,4.89,85.34,7.5,87.99,1.56,11.97,"[0.2999053963000563, 0.07561659130659933, 0.0005493400796623565, 0.4327959229980528, 0.19113274931562924]"
episode_015,near_tie,value,random_equation,21,ep015_vendor_071,FeastExpress071,False,28.09,24,4.89,85.34,7.5,87.99,1.56,11.97,"[0.17183758625351164, 0.177052826816131, 0.048291604037419965, 0.5333987782874715, 0.06941920460546605]"
episode_015,near_tie,value,random_equation,22,ep015_vendor_071,FeastExpress071,False,28.09,24,4.89,85.34,7.5,87.99,1.56,11.97,"[0.19810802811833222, 0.17226807110536063, 0.1779803135511053, 0.2465198209761959, 0.20512376624900594]"
episode_015,near_tie,value,random_equation,23,ep015_vendor_071,FeastExpress071,False,28.09,24,4.89,85.34,7.5,87.99,1.56,11.97,"[0.1334171487436296, 0.08638286884762747, 0.10907502164081968, 0.010031144348215693, 0.6610938164197077]"
episode_015,near_tie,value,random_equation,24,ep015_vendor_071,FeastExpress071,False,28.09,24,4.89,85.34,7.5,87.99,1.56,11.97,"[0.3249342037667605, 0.020562633686294893, 0.2931735816554638, 0.2230597207507392, 0.1382698601407417]"
episode_015,near_tie,value,random_equation,25,ep015_vendor_071,FeastExpress071,False,28.09,24,4.89,85.34,7.5,87.99,1.56,11.97,"[0.2734031896347183, 0.04527789514636739, 0.383381537170345, 0.22678358711557844, 0.07115379093299101]"
episode_015,near_tie,value,random_equation,26,ep015_vendor_071,FeastExpress071,False,28.09,24,4.89,85.34,7.5,87.99,1.56,11.97,"[0.4456491995288929, 0.09527188231685121, 0.28790848951965264, 0.05588192694021642, 0.11528850169438691]"
episode_015,near_tie,value,random_equation,27,ep015_vendor_071,FeastExpress071,False,28.09,24,4.89,85.34,7.5,87.99,1.56,11.97,"[0.06571272355379944, 0.47086555719013007, 0.36493520206408564, 0.06938776708003142, 0.029098750111953568]"
episode_015,near_tie,value,random_equation,28,ep015_vendor_071,FeastExpress071,False,28.09,24,4.89,85.34,7.5,87.99,1.56,11.97,"[0.0046856337320745544, 0.17537229245297747, 0.008115686269618328, 0.460211797813806, 0.3516145897315236]"
episode_015,near_tie,value,random_equation,29,ep015_vendor_071,FeastExpress071,False,28.09,24,4.89,85.34,7.5,87.99,1.56,11.97,"[0.4208795608734591, 0.1781971547375076, 0.25094191201860744, 0.1231811525684202, 0.026800219802005757]"
episode_015,near_tie,value,random_equation,30,ep015_vendor_071,FeastExpress071,False,28.09,24,4.89,85.34,7.5,87.99,1.56,11.97,"[0.010533576921512355, 0.2617897320177791, 0.17706370283494915, 0.21086758562420999, 0.3397454026015494]"
episode_015,near_tie,value,random_equation,31,ep015_vendor_071,FeastExpress071,False,28.09,24,4.89,85.34,7.5,87.99,1.56,11.97,"[0.3365582669985122, 0.08489951927055422, 0.05015071404315723, 0.31391190585665496, 0.21447959383112136]"
episode_015,near_tie,value,random_equation,32,ep015_vendor_071,FeastExpress071,False,28.09,24,4.89,85.34,7.5,87.99,1.56,11.97,"[0.08451858212733873, 0.05233389016365991, 0.15855450799682103, 0.4309956319842891, 0.27359738772789116]"
episode_015,near_tie,value,random_equation,33,ep015_vendor_071,FeastExpress071,False,28.09,24,4.89,85.34,7.5,87.99,1.56,11.97,"[0.15549882877384114, 0.02514623905456303, 0.41504206076994193, 0.32375378846209985, 0.08055908293955413]"
episode_015,near_tie,value,random_equation,34,ep015_vendor_071,FeastExpress071,False,28.09,24,4.89,85.34,7.5,87.99,1.56,11.97,"[0.08681211048050864, 0.12364337235641064, 0.1906493046947292, 0.08963517131237742, 0.509260041155974]"
episode_015,near_tie,value,random_equation,35,ep015_vendor_071,FeastExpress071,False,28.09,24,4.89,85.34,7.5,87.99,1.56,11.97,"[0.09238220778806387, 0.031622119564271745, 0.4094037228322055, 0.31678455942480876, 0.1498073903906501]"
episode_015,near_tie,value,random_equation,36,ep015_vendor_071,FeastExpress071,False,28.09,24,4.89,85.34,7.5,87.99,1.56,11.97,"[0.2677991806700781, 0.3708387221939202, 0.011209077235697229, 0.021018513529754975, 0.3291345063705496]"
episode_015,near_tie,value,random_equation,37,ep015_vendor_071,FeastExpress071,False,28.09,24,4.89,85.34,7.5,87.99,1.56,11.97,"[0.48531581622152803, 0.2635930569866913, 0.008456390328572613, 0.12012891798617997, 0.12250581847702807]"
episode_015,near_tie,value,random_equation,38,ep015_vendor_071,FeastExpress071,False,28.09,24,4.89,85.34,7.5,87.99,1.56,11.97,"[0.09544974284236979, 0.5912230282623333, 0.26033752999080034, 0.0382170155468545, 0.014772683357642057]"
episode_015,near_tie,value,random_equation,39,ep015_vendor_071,FeastExpress071,False,28.09,24,4.89,85.34,7.5,87.99,1.56,11.97,"[0.3011115723868063, 0.144291761058241, 0.055507975751975504, 0.3614136482749309, 0.1376750425280463]"
episode_015,near_tie,value,random_equation,40,ep015_vendor_071,FeastExpress071,False,28.09,24,4.89,85.34,7.5,87.99,1.56,11.97,"[0.023380057489451444, 0.2259492463722887, 0.03691696379647528, 0.37853464031791145, 0.3352190920238731]"
episode_015,near_tie,value,random_equation,41,ep015_vendor_001,DashRunner001,False,30.81,31,4.79,92.12,3.46,93.88,3.52,7.84,"[0.06385125274606725, 0.03997883510238308, 0.5806727653396708, 0.05734261724813519, 0.2581545295637436]"
episode_015,near_tie,value,random_equation,42,ep015_vendor_071,FeastExpress071,False,28.09,24,4.89,85.34,7.5,87.99,1.56,11.97,"[0.5720226632330896, 0.11102968816701747, 0.0033340168837541163, 0.27161762121554534, 0.041996010500593546]"
episode_015,near_tie,value,random_equation,43,ep015_vendor_082,SwiftMeals082,False,27.6,29,4.83,86.13,6.94,88.95,2.49,7.6,"[0.3769181763833816, 0.02468645895629427, 0.2436084494732381, 0.34607138127636977, 0.008715533910716338]"
episode_015,near_tie,value,random_equation,44,ep015_vendor_001,DashRunner001,False,30.81,31,4.79,92.12,3.46,93.88,3.52,7.84,"[0.23959549056687562, 0.1210959522843213, 0.6081992590637499, 0.026099077013092168, 0.005010221071960828]"
episode_015,near_tie,value,random_equation,45,ep015_vendor_018,NoshLane018,False,27.36,27,4.62,80.88,7.2,81.78,1.96,5.98,"[0.8887528454886345, 0.0023365345462352874, 0.006148557244386963, 0.08344804857251352, 0.01931401414822953]"
episode_015,near_tie,value,random_equation,46,ep015_vendor_071,FeastExpress071,False,28.09,24,4.89,85.34,7.5,87.99,1.56,11.97,"[0.04913717086789442, 0.17990797523131502, 0.12369514747160205, 0.464217145656428, 0.18304256077276046]"
episode_015,near_tie,value,random_equation,47,ep015_vendor_071,FeastExpress071,False,28.09,24,4.89,85.34,7.5,87.99,1.56,11.97,"[0.40175694715592325, 0.08993060380901581, 0.26581514120596744, 0.13676543485093912, 0.1057318729781544]"
episode_015,near_tie,value,random_equation,48,ep015_vendor_071,FeastExpress071,False,28.09,24,4.89,85.34,7.5,87.99,1.56,11.97,"[0.4579706547504905, 0.14221822148426214, 0.3462799930768644, 0.005587537026671481, 0.04794359366171132]"
episode_015,near_tie,value,random_equation,49,ep015_vendor_071,FeastExpress071,False,28.09,24,4.89,85.34,7.5,87.99,1.56,11.97,"[0.25780330104644855, 0.08663953808281617, 0.32095539497135894, 0.03906301421004766, 0.2955387516893285]"
episode_015,near_tie,value,random_equation,50,ep015_vendor_071,FeastExpress071,False,28.09,24,4.89,85.34,7.5,87.99,1.56,11.97,"[0.38263595540485135, 0.3187071580873353, 0.03675761806516058, 0.20962937519075808, 0.05226989325189472]"
episode_015,near_tie,value,random_equation,51,ep015_vendor_071,FeastExpress071,False,28.09,24,4.89,85.34,7.5,87.99,1.56,11.97,"[0.06344982703986661, 0.2606651345489849, 0.01771357242644025, 0.28893297281766706, 0.36923849316704116]"
episode_015,near_tie,value,random_equation,52,ep015_vendor_071,FeastExpress071,False,28.09,24,4.89,85.34,7.5,87.99,1.56,11.97,"[0.266508261075248, 0.2575850147143394, 0.03614194788337194, 0.4291426394251438, 0.010622136901896966]"
episode_015,near_tie,value,random_equation,53,ep015_vendor_071,FeastExpress071,False,28.09,24,4.89,85.34,7.5,87.99,1.56,11.97,"[0.007305088487051865, 0.14130570913032342, 0.0531373183591095, 0.7450390195505703, 0.05321286447294495]"
episode_015,near_tie,value,random_equation,54,ep015_vendor_071,FeastExpress071,False,28.09,24,4.89,85.34,7.5,87.99,1.56,11.97,"[0.24572794883152227, 0.4906910838728944, 0.04383273273726509, 0.04520127035667953, 0.17454696420163876]"
episode_015,near_tie,value,random_equation,55,ep015_vendor_071,FeastExpress071,False,28.09,24,4.89,85.34,7.5,87.99,1.56,11.97,"[0.0456939060958637, 0.014776114136604025, 0.34780920406841903, 0.46011025779845754, 0.13161051790065578]"
episode_015,near_tie,value,random_equation,56,ep015_vendor_071,FeastExpress071,False,28.09,24,4.89,85.34,7.5,87.99,1.56,11.97,"[0.1875340845945798, 0.2399779404406976, 0.22076218609822015, 0.19423751085503113, 0.15748827801147117]"
episode_015,near_tie,value,random_equation,57,ep015_vendor_071,FeastExpress071,False,28.09,24,4.89,85.34,7.5,87.99,1.56,11.97,"[0.3020079066138933, 0.11891541867146925, 0.024611753465905644, 0.5003593534190061, 0.0541055678297256]"
episode_015,near_tie,value,random_equation,58,ep015_vendor_071,FeastExpress071,False,28.09,24,4.89,85.34,7.5,87.99,1.56,11.97,"[0.12780177273269178, 0.06063305384768461, 0.17806228096077342, 0.18916976940976002, 0.44433312304909006]"
episode_015,near_tie,value,random_equation,59,ep015_vendor_071,FeastExpress071,False,28.09,24,4.89,85.34,7.5,87.99,1.56,11.97,"[0.2206386364818396, 0.09629432265514885, 0.2762035767217296, 0.1160134884533865, 0.2908499756878955]"
episode_015,near_tie,value,random_equation,60,ep015_vendor_071,FeastExpress071,False,28.09,24,4.89,85.34,7.5,87.99,1.56,11.97,"[0.29537544896217555, 0.14836544645374813, 0.020548459515024983, 0.19234479722021544, 0.3433658478488359]"
episode_015,near_tie,value,random_equation,61,ep015_vendor_071,FeastExpress071,False,28.09,24,4.89,85.34,7.5,87.99,1.56,11.97,"[0.346903926063775, 0.014568304206471332, 0.2875856751282622, 0.04130013178319885, 0.30964196281829254]"
episode_015,near_tie,value,random_equation,62,ep015_vendor_018,NoshLane018,False,27.36,27,4.62,80.88,7.2,81.78,1.96,5.98,"[0.5677866131155643, 0.15172396022270504, 0.02333272479761558, 0.06828383941490711, 0.1888728624492079]"
episode_015,near_tie,value,random_equation,63,ep015_vendor_071,FeastExpress071,False,28.09,24,4.89,85.34,7.5,87.99,1.56,11.97,"[0.1209928893394499, 0.13709913163015672, 0.42429736990223044, 0.24104721298814488, 0.07656339614001802]"
episode_015,near_tie,value,random_equation,64,ep015_vendor_071,FeastExpress071,False,28.09,24,4.89,85.34,7.5,87.99,1.56,11.97,"[0.3913017006668436, 0.3204313378088779, 0.01684884394672827, 0.2143384242496135, 0.05707969332793688]"
episode_015,near_tie,value,random_equation,65,ep015_vendor_071,FeastExpress071,False,28.09,24,4.89,85.34,7.5,87.99,1.56,11.97,"[0.028938373519830456, 0.14032079198294617, 0.11864821462683812, 0.1612820207374653, 0.5508105991329199]"
episode_015,near_tie,value,random_equation,66,ep015_vendor_071,FeastExpress071,False,28.09,24,4.89,85.34,7.5,87.99,1.56,11.97,"[0.1839927058683085, 0.41593656028485126, 0.293726459954954, 0.03078141683357266, 0.07556285705831359]"
episode_015,near_tie,value,random_equation,67,ep015_vendor_071,FeastExpress071,False,28.09,24,4.89,85.34,7.5,87.99,1.56,11.97,"[0.3193913246582774, 0.33653268057684926, 0.054375451623550945, 0.16667315223459, 0.12302739090673241]"
episode_015,near_tie,value,random_equation,68,ep015_vendor_071,FeastExpress071,False,28.09,24,4.89,85.34,7.5,87.99,1.56,11.97,"[0.21590763480808592, 0.22757679036632272, 0.3294419061654036, 0.1979008775338639, 0.029172791126323816]"
episode_015,near_tie,value,random_equation,69,ep015_vendor_071,FeastExpress071,False,28.09,24,4.89,85.34,7.5,87.99,1.56,11.97,"[0.03786506845642558, 0.15400992700535138, 0.2595153402782501, 0.3727949590689001, 0.17581470519107287]"
episode_015,near_tie,value,random_equation,70,ep015_vendor_071,FeastExpress071,False,28.09,24,4.89,85.34,7.5,87.99,1.56,11.97,"[0.19335532558688054, 0.33577045745733325, 0.03519990685347812, 0.3766859174302692, 0.05898839267203889]"
episode_015,near_tie,value,random_equation,71,ep015_vendor_071,FeastExpress071,False,28.09,24,4.89,85.34,7.5,87.99,1.56,11.97,"[0.099326531639911, 0.6252254556046792, 0.05269701895937385, 0.20984495967171923, 0.012906034124316568]"
episode_015,near_tie,value,random_equation,72,ep015_vendor_071,FeastExpress071,False,28.09,24,4.89,85.34,7.5,87.99,1.56,11.97,"[0.2920231244260099, 0.0551786362810648, 0.17633860805757912, 0.12309367430447754, 0.35336595693086864]"
episode_015,near_tie,value,random_equation,73,ep015_vendor_071,FeastExpress071,False,28.09,24,4.89,85.34,7.5,87.99,1.56,11.97,"[0.018515804405114127, 0.0595755026738078, 0.46404290001856857, 0.09537070702077717, 0.36249508588173235]"
episode_015,near_tie,value,random_equation,74,ep015_vendor_048,PrimeDrop048,False,30.13,26,4.85,89.53,7.01,95.07,2.92,8.57,"[0.021314218526986083, 0.10783767410087565, 0.3898567457937746, 0.3861994560129149, 0.09479190556544877]"
episode_015,near_tie,value,random_equation,75,ep015_vendor_071,FeastExpress071,False,28.09,24,4.89,85.34,7.5,87.99,1.56,11.97,"[0.18727791989614903, 0.54309875564542, 0.2052223764521938, 0.060594137340358345, 0.003806810665878897]"
episode_015,near_tie,value,random_equation,76,ep015_vendor_071,FeastExpress071,False,28.09,24,4.89,85.34,7.5,87.99,1.56,11.97,"[0.2643597263337051, 0.19128700872487253, 0.0014878122360748281, 0.25021901506585265, 0.29264643763949494]"
episode_015,near_tie,value,random_equation,77,ep015_vendor_071,FeastExpress071,False,28.09,24,4.89,85.34,7.5,87.99,1.56,11.97,"[0.2516500564829761, 0.4125395533683553, 0.32400527002854923, 0.0019200977611139249, 0.009885022359005525]"
episode_015,near_tie,value,random_equation,78,ep015_vendor_071,FeastExpress071,False,28.09,24,4.89,85.34,7.5,87.99,1.56,11.97,"[0.3525130232846257, 0.1347930596582913, 0.022603928717159594, 0.07009112003866193, 0.41999886830126154]"
episode_015,near_tie,value,random_equation,79,ep015_vendor_071,FeastExpress071,False,28.09,24,4.89,85.34,7.5,87.99,1.56,11.97,"[0.09282016714544969, 0.38364303750832685, 0.3994181478318844, 0.009793114091242212, 0.11432553342309694]"
episode_015,near_tie,value,random_equation,80,ep015_vendor_001,DashRunner001,False,30.81,31,4.79,92.12,3.46,93.88,3.52,7.84,"[0.1249388142481221, 0.03176842629423025, 0.787777015182854, 0.019136091660987797, 0.03637965261380579]"
episode_015,near_tie,value,random_equation,81,ep015_vendor_071,FeastExpress071,False,28.09,24,4.89,85.34,7.5,87.99,1.56,11.97,"[0.23237218532809037, 0.5229867708731651, 0.08609851342236437, 0.0161970035965189, 0.14234552677986118]"
episode_015,near_tie,value,random_equation,82,ep015_vendor_071,FeastExpress071,False,28.09,24,4.89,85.34,7.5,87.99,1.56,11.97,"[0.10022048487523046, 0.5290297977473125, 0.0274718210795318, 0.21131312390684645, 0.13196477239107876]"
episode_015,near_tie,value,random_equation,83,ep015_vendor_071,FeastExpress071,False,28.09,24,4.89,85.34,7.5,87.99,1.56,11.97,"[0.1953802242575489, 0.12312318036885699, 0.10079255304964722, 0.10067910933922869, 0.48002493298471816]"
episode_015,near_tie,value,random_equation,84,ep015_vendor_071,FeastExpress071,False,28.09,24,4.89,85.34,7.5,87.99,1.56,11.97,"[0.5225550627742379, 0.061759667004810816, 0.03699652742935238, 0.17071900962734118, 0.20796973316425763]"
episode_015,near_tie,value,random_equation,85,ep015_vendor_071,FeastExpress071,False,28.09,24,4.89,85.34,7.5,87.99,1.56,11.97,"[0.003987582551610542, 0.25778739023814295, 0.4197417443723903, 0.04972136261825064, 0.2687619202196055]"
episode_015,near_tie,value,random_equation,86,ep015_vendor_071,FeastExpress071,False,28.09,24,4.89,85.34,7.5,87.99,1.56,11.97,"[0.042669856599639726, 0.3133863603386396, 0.12412440001070364, 0.27705821143511195, 0.24276117161590507]"
episode_015,near_tie,value,random_equation,87,ep015_vendor_071,FeastExpress071,False,28.09,24,4.89,85.34,7.5,87.99,1.56,11.97,"[0.003485785475587081, 0.3557514699425005, 0.2914786198421045, 0.19311339093343124, 0.1561707338063766]"
episode_015,near_tie,value,random_equation,88,ep015_vendor_071,FeastExpress071,False,28.09,24,4.89,85.34,7.5,87.99,1.56,11.97,"[0.2734621214723464, 0.03317297972008138, 0.14892126943246803, 0.11153924455640797, 0.43290438481869625]"
episode_015,near_tie,value,random_equation,89,ep015_vendor_071,FeastExpress071,False,28.09,24,4.89,85.34,7.5,87.99,1.56,11.97,"[0.20742133511789485, 0.11835332582256179, 0.5146129160444589, 0.03439463095258736, 0.12521779206249697]"
episode_015,near_tie,value,random_equation,90,ep015_vendor_071,FeastExpress071,False,28.09,24,4.89,85.34,7.5,87.99,1.56,11.97,"[0.15721474547457567, 0.7219248301693506, 0.03409961753523018, 0.02052956144933287, 0.06623124537151062]"
episode_015,near_tie,value,random_equation,91,ep015_vendor_071,FeastExpress071,False,28.09,24,4.89,85.34,7.5,87.99,1.56,11.97,"[0.3451048471552527, 0.05060697753929573, 0.2666956176277093, 0.2310979328957738, 0.10649462478196836]"
episode_015,near_tie,value,random_equation,92,ep015_vendor_071,FeastExpress071,False,28.09,24,4.89,85.34,7.5,87.99,1.56,11.97,"[0.12724951446965357, 0.2600443462403422, 0.44930117441035594, 0.03974278151288393, 0.12366218336676431]"
episode_015,near_tie,value,random_equation,93,ep015_vendor_071,FeastExpress071,False,28.09,24,4.89,85.34,7.5,87.99,1.56,11.97,"[0.014730811179865612, 0.17930997589075123, 0.004950499719671284, 0.16775548565872003, 0.6332532275509919]"
episode_015,near_tie,value,random_equation,94,ep015_vendor_071,FeastExpress071,False,28.09,24,4.89,85.34,7.5,87.99,1.56,11.97,"[0.28596105603406313, 0.34511374070214523, 0.026352357915546663, 0.3091366116526134, 0.033436233695631444]"
episode_015,near_tie,value,random_equation,95,ep015_vendor_071,FeastExpress071,False,28.09,24,4.89,85.34,7.5,87.99,1.56,11.97,"[0.2954300111912081, 0.09449789594615401, 0.09815606150729748, 0.029072633763895756, 0.4828433975914445]"
episode_015,near_tie,value,random_equation,96,ep015_vendor_071,FeastExpress071,False,28.09,24,4.89,85.34,7.5,87.99,1.56,11.97,"[0.30389651145677227, 0.12376617612188648, 0.06215707323455455, 0.0793649494044886, 0.43081528978229805]"
episode_015,near_tie,value,random_equation,97,ep015_vendor_071,FeastExpress071,False,28.09,24,4.89,85.34,7.5,87.99,1.56,11.97,"[0.11511982194541916, 0.1344948648918088, 0.2487604530935495, 0.4220780982091326, 0.07954676186009006]"
episode_015,near_tie,value,random_equation,98,ep015_vendor_071,FeastExpress071,False,28.09,24,4.89,85.34,7.5,87.99,1.56,11.97,"[0.2061798432632225, 0.15235718882573698, 0.3442810613769405, 0.21230394650216516, 0.08487796003193486]"
episode_015,near_tie,value,random_equation,99,ep015_vendor_071,FeastExpress071,False,28.09,24,4.89,85.34,7.5,87.99,1.56,11.97,"[0.4823828946649712, 0.20871140117892037, 0.11906947934136222, 0.16422032992021351, 0.025615894894532653]"
episode_016,competitive,balanced,price_first,,ep016_vendor_000,DoorDash,True,46.5,36,4.89,91.8,6.33,97.6,2.18,5.65,
episode_016,competitive,balanced,eta_first,,ep016_vendor_002,CityCart002,False,49.71,24,4.4,84.49,7.67,91.2,5.15,3.52,
episode_016,competitive,balanced,rating_first,,ep016_vendor_052,BlinkFleet052,False,51.24,32,4.9,87.88,6.02,89.82,3.94,10.22,
episode_016,competitive,balanced,reliability_first,,ep016_vendor_000,DoorDash,True,46.5,36,4.89,91.8,6.33,97.6,2.18,5.65,
episode_016,competitive,balanced,balanced_equation,,ep016_vendor_000,DoorDash,True,46.5,36,4.89,91.8,6.33,97.6,2.18,5.65,
episode_016,competitive,balanced,random_equation,0,ep016_vendor_000,DoorDash,True,46.5,36,4.89,91.8,6.33,97.6,2.18,5.65,"[0.13441836470303434, 0.19349928273589245, 0.09934667618964803, 0.08894875609952128, 0.4837869202719039]"
episode_016,competitive,balanced,random_equation,1,ep016_vendor_000,DoorDash,True,46.5,36,4.89,91.8,6.33,97.6,2.18,5.65,"[0.357623089643741, 0.21736644236128475, 0.03365695253679262, 0.17346143405307388, 0.2178920814051077]"
episode_016,competitive,balanced,random_equation,2,ep016_vendor_000,DoorDash,True,46.5,36,4.89,91.8,6.33,97.6,2.18,5.65,"[0.6604878199190432, 0.0068092686971960295, 0.09440285219582369, 0.1245430643099907, 0.11375699487794651]"
episode_016,competitive,balanced,random_equation,3,ep016_vendor_002,CityCart002,False,49.71,24,4.4,84.49,7.67,91.2,5.15,3.52,"[0.11703454838755896, 0.5816648849885402, 0.22959958795452326, 0.0013912036642240813, 0.07030977500515352]"
episode_016,competitive,balanced,random_equation,4,ep016_vendor_000,DoorDash,True,46.5,36,4.89,91.8,6.33,97.6,2.18,5.65,"[0.19784202957810662, 0.17185921486868513, 0.5269479688315557, 0.05398004355387349, 0.049370743167779174]"
episode_016,competitive,balanced,random_equation,5,ep016_vendor_000,DoorDash,True,46.5,36,4.89,91.8,6.33,97.6,2.18,5.65,"[0.1605443814672956, 0.05688071648266354, 0.10749883003806457, 0.25093685268044275, 0.4241392193315336]"
episode_016,competitive,balanced,random_equation,6,ep016_vendor_060,SwiftBite060,False,52.78,26,4.78,84.67,7.43,87.64,3.02,10.01,"[0.08271824643414888, 0.5127780527399071, 0.011786548725304354, 0.25185090162204077, 0.14086625047859896]"
episode_016,competitive,balanced,random_equation,7,ep016_vendor_000,DoorDash,True,46.5,36,4.89,91.8,6.33,97.6,2.18,5.65,"[0.2958208579518062, 0.039539492368671623, 0.030366639425520467, 0.06605873658209355, 0.5682142736719082]"
episode_016,competitive,balanced,random_equation,8,ep016_vendor_060,SwiftBite060,False,52.78,26,4.78,84.67,7.43,87.64,3.02,10.01,"[0.01786841254139308, 0.43443852015395107, 0.11928543931002904, 0.38984463597505375, 0.03856299201957312]"
episode_016,competitive,balanced,random_equation,9,ep016_vendor_000,DoorDash,True,46.5,36,4.89,91.8,6.33,97.6,2.18,5.65,"[0.16976305760599694, 0.09987151983514499, 0.2136708202259606, 0.06207477996205275, 0.4546198223708447]"
episode_016,competitive,balanced,random_equation,10,ep016_vendor_000,DoorDash,True,46.5,36,4.89,91.8,6.33,97.6,2.18,5.65,"[0.38005494543040996, 0.20032139087782352, 0.042904777781838335, 0.1278434403176777, 0.24887544559225053]"
episode_016,competitive,balanced,random_equation,11,ep016_vendor_000,DoorDash,True,46.5,36,4.89,91.8,6.33,97.6,2.18,5.65,"[0.1627492646673572, 0.06163142476610777, 0.15640682510753082, 0.4921525058334649, 0.12705997962553922]"
episode_016,competitive,balanced,random_equation,12,ep016_vendor_000,DoorDash,True,46.5,36,4.89,91.8,6.33,97.6,2.18,5.65,"[0.047871937736718974, 0.051246307690448634, 0.006654414588865984, 0.3096265279040697, 0.5846008120798967]"
episode_016,competitive,balanced,random_equation,13,ep016_vendor_000,DoorDash,True,46.5,36,4.89,91.8,6.33,97.6,2.18,5.65,"[0.1570423294524764, 0.2175211021586122, 0.39353868412544474, 0.03627509999519626, 0.19562278426827048]"
episode_016,competitive,balanced,random_equation,14,ep016_vendor_000,DoorDash,True,46.5,36,4.89,91.8,6.33,97.6,2.18,5.65,"[0.31643720827091115, 0.17506380420635834, 0.008059572064216373, 0.35206690552392095, 0.1483725099345933]"
episode_016,competitive,balanced,random_equation,15,ep016_vendor_002,CityCart002,False,49.71,24,4.4,84.49,7.67,91.2,5.15,3.52,"[0.13212995068572542, 0.6209080094288828, 0.12947379223225972, 0.048873754893505685, 0.06861449275962639]"
episode_016,competitive,balanced,random_equation,16,ep016_vendor_000,DoorDash,True,46.5,36,4.89,91.8,6.33,97.6,2.18,5.65,"[0.05080710413976804, 0.13985468617238578, 0.6053887863330831, 0.032052952408562055, 0.17189647094620095]"
episode_016,competitive,balanced,random_equation,17,ep016_vendor_058,SwiftNow058,False,51.82,26,4.82,85.39,6.97,87.74,5.4,9.9,"[0.003966829718948187, 0.5773423842659474, 0.14727092394913502, 0.2623122328444135, 0.009107629221555827]"
episode_016,competitive,balanced,random_equation,18,ep016_vendor_000,DoorDash,True,46.5,36,4.89,91.8,6.33,97.6,2.18,5.65,"[0.0011175327494125204, 0.050507693438109194, 0.21081907339857214, 0.23406399587662366, 0.5034917045372824]"
episode_016,competitive,balanced,random_equation,19,ep016_vendor_060,SwiftBite060,False,52.78,26,4.78,84.67,7.43,87.64,3.02,10.01,"[0.1453161719339933, 0.2849656210995967, 0.038723814398061225, 0.3756222828198445, 0.15537210974850424]"
episode_016,competitive,balanced,random_equation,20,ep016_vendor_033,QuickRunner033,False,57.32,24,4.33,87.34,3.82,90.01,5.97,13.85,"[0.060874856093838074, 0.34448944131909964, 0.4859794531288888, 0.09151682820687149, 0.017139421251301898]"
episode_016,competitive,balanced,random_equation,21,ep016_vendor_000,DoorDash,True,46.5,36,4.89,91.8,6.33,97.6,2.18,5.65,"[0.058935469829360106, 0.23946654640532916, 0.44999954640755285, 0.2186812730869187, 0.0329171642708391]"
episode_016,competitive,balanced,random_equation,22,ep016_vendor_000,DoorDash,True,46.5,36,4.89,91.8,6.33,97.6,2.18,5.65,"[0.18137964886443658, 0.06924468774849836, 0.008876825534727446, 0.5432584119858874, 0.19724042586645024]"
episode_016,competitive,balanced,random_equation,23,ep016_vendor_000,DoorDash,True,46.5,36,4.89,91.8,6.33,97.6,2.18,5.65,"[0.5372589640455063, 0.04013134364814116, 0.366030471672294, 0.051217430148529905, 0.005361790485528642]"
episode_016,competitive,balanced,random_equation,24,ep016_vendor_002,CityCart002,False,49.71,24,4.4,84.49,7.67,91.2,5.15,3.52,"[0.2061732045480588, 0.6673652526877683, 0.05370393451997955, 0.0438907615928127, 0.02886684665138058]"
episode_016,competitive,balanced,random_equation,25,ep016_vendor_000,DoorDash,True,46.5,36,4.89,91.8,6.33,97.6,2.18,5.65,"[0.28990634120621955, 0.029353393779494273, 0.32470614196466396, 0.19120075696191394, 0.1648333660877082]"
episode_016,competitive,balanced,random_equation,26,ep016_vendor_000,DoorDash,True,46.5,36,4.89,91.8,6.33,97.6,2.18,5.65,"[0.5873815349647726, 0.022734141346841326, 0.24237833433053604, 0.101554817615914, 0.04595117174193592]"
episode_016,competitive,balanced,random_equation,27,ep016_vendor_000,DoorDash,True,46.5,36,4.89,91.8,6.33,97.6,2.18,5.65,"[0.0530844483813574, 0.17193152473829648, 0.255884584120427, 0.4810771156494747, 0.038022327110444454]"
episode_016,competitive,balanced,random_equation,28,ep016_vendor_000,DoorDash,True,46.5,36,4.89,91.8,6.33,97.6,2.18,5.65,"[0.03922533315308881, 0.09994398042894559, 0.634422495696342, 0.07397885659242831, 0.1524293341291953]"
episode_016,competitive,balanced,random_equation,29,ep016_vendor_083,PrimeExpress083,False,46.53,28,3.76,76.08,8.75,83.69,2.35,3.45,"[0.6505636475755132, 0.17422968273545408, 0.023992846862034116, 0.06733041825178383, 0.08388340457521487]"
episode_016,competitive,balanced,random_equation,30,ep016_vendor_000,DoorDash,True,46.5,36,4.89,91.8,6.33,97.6,2.18,5.65,"[0.003162717577297205, 0.026918278296779, 0.7682858818408523, 0.09008202958158175, 0.11155109270348972]"
episode_016,competitive,balanced,random_equation,31,ep016_vendor_060,SwiftBite060,False,52.78,26,4.78,84.67,7.43,87.64,3.02,10.01,"[0.03630124470446351, 0.2886903081042311, 0.11539250534700465, 0.13230862200568375, 0.4273073198386169]"
episode_016,competitive,balanced,random_equation,32,ep016_vendor_060,SwiftBite060,False,52.78,26,4.78,84.67,7.43,87.64,3.02,10.01,"[0.05213388843636714, 0.4194039232626774, 0.018248752063000532, 0.20617600421688134, 0.3040374320210736]"
episode_016,competitive,balanced,random_equation,33,ep016_vendor_000,DoorDash,True,46.5,36,4.89,91.8,6.33,97.6,2.18,5.65,"[0.30109826087417435, 0.002963873248322065, 0.07523957566266418, 0.0664771996298908, 0.5542210905849486]"
episode_016,competitive,balanced,random_equation,34,ep016_vendor_000,DoorDash,True,46.5,36,4.89,91.8,6.33,97.6,2.18,5.65,"[0.39591070108637727, 0.1268804173641951, 0.1525004938019258, 0.22181204560958886, 0.10289634213791295]"
episode_016,competitive,balanced,random_equation,35,ep016_vendor_000,DoorDash,True,46.5,36,4.89,91.8,6.33,97.6,2.18,5.65,"[0.2759398183452685, 0.17289566508238133, 0.28087525757770104, 0.13533300980729898, 0.1349562491873503]"
episode_016,competitive,balanced,random_equation,36,ep016_vendor_000,DoorDash,True,46.5,36,4.89,91.8,6.33,97.6,2.18,5.65,"[0.19235011266348623, 0.3459924073794357, 0.1643644355274677, 0.06966403578836809, 0.22762900864124225]"
episode_016,competitive,balanced,random_equation,37,ep016_vendor_000,DoorDash,True,46.5,36,4.89,91.8,6.33,97.6,2.18,5.65,"[0.18915642056767573, 0.08139230055400064, 0.36839496472549227, 0.10807574487446388, 0.2529805692783676]"
episode_016,competitive,balanced,random_equation,38,ep016_vendor_000,DoorDash,True,46.5,36,4.89,91.8,6.33,97.6,2.18,5.65,"[0.11517805503233935, 0.17650742399297029, 0.13925672120142893, 0.23438321786764602, 0.3346745819056153]"
episode_016,competitive,balanced,random_equation,39,ep016_vendor_060,SwiftBite060,False,52.78,26,4.78,84.67,7.43,87.64,3.02,10.01,"[0.04457221029942008, 0.28639775662916117, 0.3679817105263684, 0.25836895676131927, 0.042679365783731084]"
episode_016,competitive,balanced,random_equation,40,ep016_vendor_000,DoorDash,True,46.5,36,4.89,91.8,6.33,97.6,2.18,5.65,"[0.5468795211700992, 0.24708130177186013, 0.1528314796175231, 0.049827325285315235, 0.0033803721552023622]"
episode_016,competitive,balanced,random_equation,41,ep016_vendor_083,PrimeExpress083,False,46.53,28,3.76,76.08,8.75,83.69,2.35,3.45,"[0.26876688161861156, 0.34095683232013585, 0.001025971493045115, 0.14386101957999325, 0.2453892949882142]"
episode_016,competitive,balanced,random_equation,42,ep016_vendor_000,DoorDash,True,46.5,36,4.89,91.8,6.33,97.6,2.18,5.65,"[0.42769733255550746, 0.07065157407182508, 0.050805546417489245, 0.19860956085033474, 0.2522359861048434]"
episode_016,competitive,balanced,random_equation,43,ep016_vendor_060,SwiftBite060,False,52.78,26,4.78,84.67,7.43,87.64,3.02,10.01,"[0.016393670133192786, 0.4939743331465703, 0.2927944000848202, 0.07735152847936985, 0.11948606815604687]"
episode_016,competitive,balanced,random_equation,44,ep016_vendor_000,DoorDash,True,46.5,36,4.89,91.8,6.33,97.6,2.18,5.65,"[0.5869548031695887, 0.1358241365284097, 0.024984715502605673, 0.11245527539329112, 0.1397810694061046]"
episode_016,competitive,balanced,random_equation,45,ep016_vendor_002,CityCart002,False,49.71,24,4.4,84.49,7.67,91.2,5.15,3.52,"[0.13943031573691075, 0.6744626318063991, 0.0821775271894656, 0.05766395544056359, 0.04626556982666106]"
episode_016,competitive,balanced,random_equation,46,ep016_vendor_002,CityCart002,False,49.71,24,4.4,84.49,7.67,91.2,5.15,3.52,"[0.28228239649566245, 0.5777081901942508, 0.01752605657812708, 0.11102878655826275, 0.011454570173696759]"
episode_016,competitive,balanced,random_equation,47,ep016_vendor_000,DoorDash,True,46.5,36,4.89,91.8,6.33,97.6,2.18,5.65,"[0.007874142323252101, 0.02944862130033142, 0.02372647572557958, 0.35846942085189, 0.5804813397989469]"
episode_016,competitive,balanced,random_equation,48,ep016_vendor_000,DoorDash,True,46.5,36,4.89,91.8,6.33,97.6,2.18,5.65,"[0.03626639765764113, 0.2606009594741288, 0.5769574490746947, 0.08881760888229479, 0.03735758491124065]"
episode_016,competitive,balanced,random_equation,49,ep016_vendor_000,DoorDash,True,46.5,36,4.89,91.8,6.33,97.6,2.18,5.65,"[0.005964002982070272, 0.21258927650601694, 0.5553827160293833, 0.04170884362308807, 0.18435516085944129]"
episode_016,competitive,balanced,random_equation,50,ep016_vendor_002,CityCart002,False,49.71,24,4.4,84.49,7.67,91.2,5.15,3.52,"[0.18323400301202886, 0.36423418024175974, 0.3144160254524891, 0.06710346269149586, 0.07101232860222632]"
episode_016,competitive,balanced,random_equation,51,ep016_vendor_000,DoorDash,True,46.5,36,4.89,91.8,6.33,97.6,2.18,5.65,"[0.18961929547543438, 0.05186430543142005, 0.5835483014963788, 0.02782830707656979, 0.14713979052019693]"
episode_016,competitive,balanced,random_equation,52,ep016_vendor_000,DoorDash,True,46.5,36,4.89,91.8,6.33,97.6,2.18,5.65,"[0.02969678278010031, 0.17099676908290104, 0.2106752950761818, 0.025968606787669924, 0.5626625462731469]"
episode_016,competitive,balanced,random_equation,53,ep016_vendor_000,DoorDash,True,46.5,36,4.89,91.8,6.33,97.6,2.18,5.65,"[0.35071792529492185, 0.012471937184265426, 0.005289247188937873, 0.5501797992883589, 0.081341091043516]"
episode_016,competitive,balanced,random_equation,54,ep016_vendor_002,CityCart002,False,49.71,24,4.4,84.49,7.67,91.2,5.15,3.52,"[0.08950596830053098, 0.5684334905245048, 0.12495266362321279, 0.06496697253655534, 0.1521409050151961]"
episode_016,competitive,balanced,random_equation,55,ep016_vendor_000,DoorDash,True,46.5,36,4.89,91.8,6.33,97.6,2.18,5.65,"[0.38245424741044304, 0.16977765862413324, 0.24480730303406423, 0.1473253136217484, 0.055635477309611145]"
episode_016,competitive,balanced,random_equation,56,ep016_vendor_000,DoorDash,True,46.5,36,4.89,91.8,6.33,97.6,2.18,5.65,"[0.3082451187921599, 0.010315344928078141, 0.10659734332237979, 0.5342003209717502, 0.04064187198563207]"
episode_016,competitive,balanced,random_equation,57,ep016_vendor_002,CityCart002,False,49.71,24,4.4,84.49,7.67,91.2,5.15,3.52,"[0.25885638091825813, 0.3703132815783266, 0.11115393975739832, 0.23209422780853287, 0.027582169937483997]"
episode_016,competitive,balanced,random_equation,58,ep016_vendor_000,DoorDash,True,46.5,36,4.89,91.8,6.33,97.6,2.18,5.65,"[0.16026085340806026, 0.25943412164415564, 0.248202349514869, 0.2261073865085392, 0.10599528892437583]"
episode_016,competitive,balanced,random_equation,59,ep016_vendor_083,PrimeExpress083,False,46.53,28,3.76,76.08,8.75,83.69,2.35,3.45,"[0.34531033989611415, 0.22768189776367034, 0.04653688556702278, 0.02319430430438676, 0.35727657246880595]"
episode_016,competitive,balanced,random_equation,60,ep016_vendor_002,CityCart002,False,49.71,24,4.4,84.49,7.67,91.2,5.15,3.52,"[0.11132216220643477, 0.7350502677231141, 0.09681585550231822, 0.04553936825428576, 0.011272346313846994]"
episode_016,competitive,balanced,random_equation,61,ep016_vendor_000,DoorDash,True,46.5,36,4.89,91.8,6.33,97.6,2.18,5.65,"[0.03944934812054176, 0.2057349204563791, 0.33254184118615754, 0.2982037784276616, 0.12407011180926004]"
episode_016,competitive,balanced,random_equation,62,ep016_vendor_000,DoorDash,True,46.5,36,4.89,91.8,6.33,97.6,2.18,5.65,"[0.0565158945877947, 0.0918784006112887, 0.2202467737170187, 0.6185793453315273, 0.012779585752370521]"
episode_016,competitive,balanced,random_equation,63,ep016_vendor_000,DoorDash,True,46.5,36,4.89,91.8,6.33,97.6,2.18,5.65,"[0.28060118158150205, 0.32947713542444235, 0.08203014980563657, 0.15484062511070867, 0.15305090807771035]"
episode_016,competitive,balanced,random_equation,64,ep016_vendor_000,DoorDash,True,46.5,36,4.89,91.8,6.33,97.6,2.18,5.65,"[0.29109907160418674, 0.2766480814893479, 0.3638480279438462, 0.020028565191120448, 0.04837625377149879]"
episode_016,competitive,balanced,random_equation,65,ep016_vendor_000,DoorDash,True,46.5,36,4.89,91.8,6.33,97.6,2.18,5.65,"[0.24903239282832404, 0.12134111914835721, 0.28225787198874114, 0.34574007964252285, 0.0016285363920546313]"
episode_016,competitive,balanced,random_equation,66,ep016_vendor_000,DoorDash,True,46.5,36,4.89,91.8,6.33,97.6,2.18,5.65,"[0.18995897297685851, 0.12758084147281307, 0.4833717472201291, 0.10669722393380025, 0.09239121439639889]"
episode_016,competitive,balanced,random_equation,67,ep016_vendor_060,SwiftBite060,False,52.78,26,4.78,84.67,7.43,87.64,3.02,10.01,"[0.11630440697670984, 0.3218471460929758, 0.005228069388556849, 0.3989854328861521, 0.1576349446556054]"
episode_016,competitive,balanced,random_equation,68,ep016_vendor_000,DoorDash,True,46.5,36,4.89,91.8,6.33,97.6,2.18,5.65,"[0.5347147954445031, 0.0059627835794231416, 0.20451923033975178, 0.2400301498319158, 0.014773040804406284]"
episode_016,competitive,balanced,random_equation,69,ep016_vendor_000,DoorDash,True,46.5,36,4.89,91.8,6.33,97.6,2.18,5.65,"[0.3671032759223888, 0.0524420974732187, 0.2788299051500654, 0.29192587234129974, 0.009698849113027218]"
episode_016,competitive,balanced,random_equation,70,ep016_vendor_000,DoorDash,True,46.5,36,4.89,91.8,6.33,97.6,2.18,5.65,"[0.049430312166615656, 0.18285837000698935, 0.1129578576618399, 0.3379828330450252, 0.3167706271195301]"
episode_016,competitive,balanced,random_equation,71,ep016_vendor_000,DoorDash,True,46.5,36,4.89,91.8,6.33,97.6,2.18,5.65,"[0.31983178110168897, 0.07665971439840337, 0.1330995429902946, 0.3297530611457168, 0.1406559003638963]"
episode_016,competitive,balanced,random_equation,72,ep016_vendor_060,SwiftBite060,False,52.78,26,4.78,84.67,7.43,87.64,3.02,10.01,"[0.029295987727274708, 0.32274611847390605, 0.3569585093821496, 0.020207803115383907, 0.2707915813012858]"
episode_016,competitive,balanced,random_equation,73,ep016_vendor_000,DoorDash,True,46.5,36,4.89,91.8,6.33,97.6,2.18,5.65,"[0.22674731656623248, 0.1859524960685333, 0.22761159382516094, 0.2333338217238236, 0.12635477181624957]"
episode_016,competitive,balanced,random_equation,74,ep016_vendor_076,PrimeDrop076,False,49.14,28,3.89,76.14,9.26,83.54,1.8,9.05,"[0.14455304169825192, 0.2929202047579083, 0.15090230088245504, 0.019357968258374988, 0.3922664844030099]"
episode_016,competitive,balanced,random_equation,75,ep016_vendor_000,DoorDash,True,46.5,36,4.89,91.8,6.33,97.6,2.18,5.65,"[0.16305424981840605, 0.12489981896708402, 0.07334194404815172, 0.30432629285893814, 0.33437769430742004]"
episode_016,competitive,balanced,random_equation,76,ep016_vendor_000,DoorDash,True,46.5,36,4.89,91.8,6.33,97.6,2.18,5.65,"[0.06991825755844852, 0.13246621686850213, 0.1903955030055104, 0.20292312659756817, 0.4042968959699708]"
episode_016,competitive,balanced,random_equation,77,ep016_vendor_060,SwiftBite060,False,52.78,26,4.78,84.67,7.43,87.64,3.02,10.01,"[0.11893426766904854, 0.4073033182365714, 0.15124980796025855, 0.264661714370423, 0.057850891763698516]"
episode_016,competitive,balanced,random_equation,78,ep016_vendor_000,DoorDash,True,46.5,36,4.89,91.8,6.33,97.6,2.18,5.65,"[0.0005121103366929449, 0.06857880234543555, 0.25185942971046166, 0.24921085628892675, 0.42983880131848307]"
episode_016,competitive,balanced,random_equation,79,ep016_vendor_000,DoorDash,True,46.5,36,4.89,91.8,6.33,97.6,2.18,5.65,"[0.396592045241302, 0.022269169998219675, 0.4426839478113477, 0.09151779788901558, 0.04693703906011515]"
episode_016,competitive,balanced,random_equation,80,ep016_vendor_000,DoorDash,True,46.5,36,4.89,91.8,6.33,97.6,2.18,5.65,"[0.4591296728180076, 0.0550783759798839, 0.045151442151225234, 0.1692861685985177, 0.2713543404523655]"
episode_016,competitive,balanced,random_equation,81,ep016_vendor_000,DoorDash,True,46.5,36,4.89,91.8,6.33,97.6,2.18,5.65,"[0.07044468552971128, 0.05009573569302591, 0.44187781614516514, 0.22130667114192082, 0.2162750914901768]"
episode_016,competitive,balanced,random_equation,82,ep016_vendor_026,NoshExpress026,False,51.38,25,3.91,78.95,9.57,89.03,2.49,6.62,"[0.08077661139029897, 0.5726906744867732, 0.025232505644187653, 0.08258473013448449, 0.2387154783442556]"
episode_016,competitive,balanced,random_equation,83,ep016_vendor_002,CityCart002,False,49.71,24,4.4,84.49,7.67,91.2,5.15,3.52,"[0.32800580975533433, 0.35196525229805997, 0.23781709348507032, 0.014644186458143195, 0.067567658003392]"
episode_016,competitive,balanced,random_equation,84,ep016_vendor_083,PrimeExpress083,False,46.53,28,3.76,76.08,8.75,83.69,2.35,3.45,"[0.5175117490499388, 0.23736461641683376, 0.06390570075526, 0.027383884697207848, 0.15383404908075937]"
episode_016,competitive,balanced,random_equation,85,ep016_vendor_083,PrimeExpress083,False,46.53,28,3.76,76.08,8.75,83.69,2.35,3.45,"[0.4033224319686633, 0.303411134046495, 0.012303921835556375, 0.020249298297414616, 0.26071321385187063]"
episode_016,competitive,balanced,random_equation,86,ep016_vendor_000,DoorDash,True,46.5,36,4.89,91.8,6.33,97.6,2.18,5.65,"[0.06863942516020362, 0.2349142731337245, 0.12109852363907216, 0.2640459020292572, 0.31130187603774256]"
episode_016,competitive,balanced,random_equation,87,ep016_vendor_000,DoorDash,True,46.5,36,4.89,91.8,6.33,97.6,2.18,5.65,"[0.16378116901574083, 0.05872792188822857, 0.21845454161568723, 0.12899196787247721, 0.4300443996078661]"
episode_016,competitive,balanced,random_equation,88,ep016_vendor_002,CityCart002,False,49.71,24,4.4,84.49,7.67,91.2,5.15,3.52,"[0.1910976948064909, 0.565230279225481, 0.17795614036501006, 0.04565246726350451, 0.0200634183395137]"
episode_016,competitive,balanced,random_equation,89,ep016_vendor_000,DoorDash,True,46.5,36,4.89,91.8,6.33,97.6,2.18,5.65,"[0.02839123730233289, 0.0029551624856988855, 0.21860805979709472, 0.07487508166225205, 0.6751704587526215]"
episode_016,competitive,balanced,random_equation,90,ep016_vendor_000,DoorDash,True,46.5,36,4.89,91.8,6.33,97.6,2.18,5.65,"[0.10682598692385409, 0.08176599072170769, 0.15535199372197703, 0.48853397256916514, 0.16752205606329612]"
episode_016,competitive,balanced,random_equation,91,ep016_vendor_000,DoorDash,True,46.5,36,4.89,91.8,6.33,97.6,2.18,5.65,"[0.026377686556589636, 0.13689679278952172, 0.22626257321631266, 0.5730558734914879, 0.037407073946088096]"
episode_016,competitive,balanced,random_equation,92,ep016_vendor_000,DoorDash,True,46.5,36,4.89,91.8,6.33,97.6,2.18,5.65,"[0.33826401060657146, 0.10683369113492144, 0.42911650002311197, 0.11175132442474482, 0.014034473810650473]"
episode_016,competitive,balanced,random_equation,93,ep016_vendor_000,DoorDash,True,46.5,36,4.89,91.8,6.33,97.6,2.18,5.65,"[0.35550539704197226, 0.26229371774851107, 0.24311079420552198, 0.025405627638468816, 0.11368446336552583]"
episode_016,competitive,balanced,random_equation,94,ep016_vendor_083,PrimeExpress083,False,46.53,28,3.76,76.08,8.75,83.69,2.35,3.45,"[0.6112531404620443, 0.25379201082949693, 0.05548837976273565, 0.03275664581161744, 0.04670982313410553]"
episode_016,competitive,balanced,random_equation,95,ep016_vendor_000,DoorDash,True,46.5,36,4.89,91.8,6.33,97.6,2.18,5.65,"[0.3467533421899294, 0.08750115866824036, 0.2724583191286807, 0.13692133901910664, 0.1563658409940429]"
episode_016,competitive,balanced,random_equation,96,ep016_vendor_000,DoorDash,True,46.5,36,4.89,91.8,6.33,97.6,2.18,5.65,"[0.5198492319133506, 0.130652766992777, 0.0019937194770080404, 0.22873332374192942, 0.11877095787493497]"
episode_016,competitive,balanced,random_equation,97,ep016_vendor_000,DoorDash,True,46.5,36,4.89,91.8,6.33,97.6,2.18,5.65,"[0.332229332025251, 0.047406883488120444, 0.10063821008101503, 0.12102630298997064, 0.39869927141564276]"
episode_016,competitive,balanced,random_equation,98,ep016_vendor_000,DoorDash,True,46.5,36,4.89,91.8,6.33,97.6,2.18,5.65,"[0.001161851274922795, 0.0019403245895519361, 0.30706413515830916, 0.41592763819134615, 0.27390605078587]"
episode_016,competitive,balanced,random_equation,99,ep016_vendor_000,DoorDash,True,46.5,36,4.89,91.8,6.33,97.6,2.18,5.65,"[0.08183001891556545, 0.09426272611194557, 0.0567812715568512, 0.16533371829841229, 0.6017922651172255]"
episode_017,competitive,rating,price_first,,ep017_vendor_086,PrimeNow086,False,20.45,37,4.88,90.93,5.55,94.69,1.79,3.04,
episode_017,competitive,rating,eta_first,,ep017_vendor_080,QuickFleet080,False,22.25,24,3.39,73.52,9.27,83.34,2.58,10.74,
episode_017,competitive,rating,rating_first,,ep017_vendor_086,PrimeNow086,False,20.45,37,4.88,90.93,5.55,94.69,1.79,3.04,
episode_017,competitive,rating,reliability_first,,ep017_vendor_086,PrimeNow086,False,20.45,37,4.88,90.93,5.55,94.69,1.79,3.04,
episode_017,competitive,rating,balanced_equation,,ep017_vendor_018,PrimeFleet018,False,20.86,32,4.86,88.9,7.02,93.86,1.75,5.97,
episode_017,competitive,rating,random_equation,0,ep017_vendor_086,PrimeNow086,False,20.45,37,4.88,90.93,5.55,94.69,1.79,3.04,"[0.24971007171685733, 0.0521621431982393, 0.4462361320873523, 0.09075399686237132, 0.16113765613517972]"
episode_017,competitive,rating,random_equation,1,ep017_vendor_039,DashNow039,False,22.64,25,4.85,85.48,8.97,91.27,1.72,13.02,"[0.16342751513683793, 0.4260115895606464, 0.05691056242306709, 0.18732220723184678, 0.16632812564760185]"
episode_017,competitive,rating,random_equation,2,ep017_vendor_039,DashNow039,False,22.64,25,4.85,85.48,8.97,91.27,1.72,13.02,"[0.1701245019592671, 0.5188149182634904, 0.1409194753085165, 0.12564943770527234, 0.04449166676345382]"
episode_017,competitive,rating,random_equation,3,ep017_vendor_018,PrimeFleet018,False,20.86,32,4.86,88.9,7.02,93.86,1.75,5.97,"[0.020296756181722043, 0.09876994229944892, 0.2671644742192407, 0.26996606124493344, 0.3438027660546548]"
episode_017,competitive,rating,random_equation,4,ep017_vendor_086,PrimeNow086,False,20.45,37,4.88,90.93,5.55,94.69,1.79,3.04,"[0.1552907876994267, 0.06903858497499404, 0.2937728527103313, 0.2190994725117943, 0.2627983021034537]"
episode_017,competitive,rating,random_equation,5,ep017_vendor_018,PrimeFleet018,False,20.86,32,4.86,88.9,7.02,93.86,1.75,5.97,"[0.10273508620851164, 0.10832839041513052, 0.2467584442986055, 0.2692016437467816, 0.2729764353309708]"
episode_017,competitive,rating,random_equation,6,ep017_vendor_095,PrimeNow095,False,21.22,26,4.74,84.97,7.72,89.08,1.85,3.89,"[0.226511178801018, 0.1887628557286394, 0.0284260409534558, 0.35341608863928187, 0.20288383587760475]"
episode_017,competitive,rating,random_equation,7,ep017_vendor_012,GoDrop012,False,20.81,27,3.84,77.52,8.96,85.96,1.55,4.87,"[0.5545243885649545, 0.1814884065360516, 0.012440620322785059, 0.04985383730957177, 0.20169274726663697]"
episode_017,competitive,rating,random_equation,8,ep017_vendor_086,PrimeNow086,False,20.45,37,4.88,90.93,5.55,94.69,1.79,3.04,"[0.007422758864582476, 0.1331869447907174, 0.46038010975032345, 0.07562398304033262, 0.3233862035540441]"
episode_017,competitive,rating,random_equation,9,ep017_vendor_018,PrimeFleet018,False,20.86,32,4.86,88.9,7.02,93.86,1.75,5.97,"[0.44521960053160553, 0.1342672885887315, 0.078092333499777, 0.08363179877892704, 0.25878897860095895]"
episode_017,competitive,rating,random_equation,10,ep017_vendor_039,DashNow039,False,22.64,25,4.85,85.48,8.97,91.27,1.72,13.02,"[0.032610336311003796, 0.33315587254044604, 0.22908295270398707, 0.045103295843886615, 0.3600475426006764]"
episode_017,competitive,rating,random_equation,11,ep017_vendor_039,DashNow039,False,22.64,25,4.85,85.48,8.97,91.27,1.72,13.02,"[0.00931092152902526, 0.12793710353897028, 0.18610055888003918, 0.4630438517559295, 0.21360756429603583]"
episode_017,competitive,rating,random_equation,12,ep017_vendor_018,PrimeFleet018,False,20.86,32,4.86,88.9,7.02,93.86,1.75,5.97,"[0.33945090450005516, 0.1460364648684475, 0.09399366809138035, 0.31801767466309866, 0.10250128787701845]"
episode_017,competitive,rating,random_equation,13,ep017_vendor_039,DashNow039,False,22.64,25,4.85,85.48,8.97,91.27,1.72,13.02,"[0.021130275701147987, 0.24374785534222748, 0.13927847564199947, 0.1743430570241522, 0.4215003362904728]"
episode_017,competitive,rating,random_equation,14,ep017_vendor_086,PrimeNow086,False,20.45,37,4.88,90.93,5.55,94.69,1.79,3.04,"[0.0826199691417955, 0.07695541274470197, 0.36175918480650077, 0.23817151818945106, 0.2404939151175506]"
episode_017,competitive,rating,random_equation,15,ep017_vendor_086,PrimeNow086,False,20.45,37,4.88,90.93,5.55,94.69,1.79,3.04,"[0.0007160972993060536, 0.05460960431574298, 0.7076113460025361, 0.1339752777791368, 0.10308767460327811]"
episode_017,competitive,rating,random_equation,16,ep017_vendor_042,FeastMeals042,False,24.58,24,4.78,90.2,6.48,95.96,5.21,3.65,"[0.018067368427015174, 0.830081513307852, 0.06920654394372817, 0.008818624131093316, 0.07382595019031127]"
episode_017,competitive,rating,random_equation,17,ep017_vendor_086,PrimeNow086,False,20.45,37,4.88,90.93,5.55,94.69,1.79,3.04,"[0.4234692245383745, 0.10809694622664492, 0.0395772899014854, 0.33795598017415096, 0.09090055915934413]"
episode_017,competitive,rating,random_equation,18,ep017_vendor_080,QuickFleet080,False,22.25,24,3.39,73.52,9.27,83.34,2.58,10.74,"[0.09660513314391803, 0.84114996878145, 0.008449687059595952, 0.035339472110668464, 0.01845573890436766]"
episode_017,competitive,rating,random_equation,19,ep017_vendor_018,PrimeFleet018,False,20.86,32,4.86,88.9,7.02,93.86,1.75,5.97,"[0.3161492004671838, 0.09452737860210987, 0.0031900266255342684, 0.3703146878074744, 0.21581870649769774]"
episode_017,competitive,rating,random_equation,20,ep017_vendor_039,DashNow039,False,22.64,25,4.85,85.48,8.97,91.27,1.72,13.02,"[0.04010332232814442, 0.14266150940786634, 0.10371634501068962, 0.6619270838080337, 0.05159173944526589]"
episode_017,competitive,rating,random_equation,21,ep017_vendor_018,PrimeFleet018,False,20.86,32,4.86,88.9,7.02,93.86,1.75,5.97,"[0.175804574344827, 0.09652280727645157, 0.0665127722282379, 0.04183338115211941, 0.6193264649983642]"
episode_017,competitive,rating,random_equation,22,ep017_vendor_039,DashNow039,False,22.64,25,4.85,85.48,8.97,91.27,1.72,13.02,"[0.07796500651309683, 0.7102542288454805, 0.09803560041403848, 0.06429650812101334, 0.049448656106370836]"
episode_017,competitive,rating,random_equation,23,ep017_vendor_086,PrimeNow086,False,20.45,37,4.88,90.93,5.55,94.69,1.79,3.04,"[0.4363020270571761, 0.0005965523361834449, 0.03217267343104573, 0.1710317197556579, 0.3598970274199368]"
episode_017,competitive,rating,random_equation,24,ep017_vendor_018,PrimeFleet018,False,20.86,32,4.86,88.9,7.02,93.86,1.75,5.97,"[0.38910000517093485, 0.1007722598699939, 0.025206532078761706, 0.1686001483244858, 0.3163210545558238]"
episode_017,competitive,rating,random_equation,25,ep017_vendor_039,DashNow039,False,22.64,25,4.85,85.48,8.97,91.27,1.72,13.02,"[0.06060035413098246, 0.20390789085521416, 0.14961093977889608, 0.18662369328366926, 0.399257121951238]"
episode_017,competitive,rating,random_equation,26,ep017_vendor_018,PrimeFleet018,False,20.86,32,4.86,88.9,7.02,93.86,1.75,5.97,"[0.2540259444988099, 0.10367796104183717, 0.11992421408665256, 0.11279795927325181, 0.4095739210994485]"
episode_017,competitive,rating,random_equation,27,ep017_vendor_042,FeastMeals042,False,24.58,24,4.78,90.2,6.48,95.96,5.21,3.65,"[0.021541939305287756, 0.20750175987678207, 0.3610361576351362, 0.38550508050654453, 0.024415062676249537]"
episode_017,competitive,rating,random_equation,28,ep017_vendor_042,FeastMeals042,False,24.58,24,4.78,90.2,6.48,95.96,5.21,3.65,"[0.07141134086234795, 0.23969353725567275, 0.574297424285801, 0.001933252872332604, 0.11266444472384574]"
episode_017,competitive,rating,random_equation,29,ep017_vendor_095,PrimeNow095,False,21.22,26,4.74,84.97,7.72,89.08,1.85,3.89,"[0.2435122223694573, 0.15707987459159592, 0.023973048509255298, 0.23649979232096624, 0.3389350622087252]"
episode_017,competitive,rating,random_equation,30,ep017_vendor_086,PrimeNow086,False,20.45,37,4.88,90.93,5.55,94.69,1.79,3.04,"[0.552260661708949, 0.1290775796611882, 0.04966955360035063, 0.22477602460286308, 0.04421618042664916]"
episode_017,competitive,rating,random_equation,31,ep017_vendor_039,DashNow039,False,22.64,25,4.85,85.48,8.97,91.27,1.72,13.02,"[0.004252338256922914, 0.3172722902645342, 0.1610801192794868, 0.16522391027887287, 0.35217134192018323]"
episode_017,competitive,rating,random_equation,32,ep017_vendor_086,PrimeNow086,False,20.45,37,4.88,90.93,5.55,94.69,1.79,3.04,"[0.0916340318929064, 0.09202508602720705, 0.31403716647753444, 0.27806332471937634, 0.2242403908829758]"
episode_017,competitive,rating,random_equation,33,ep017_vendor_042,FeastMeals042,False,24.58,24,4.78,90.2,6.48,95.96,5.21,3.65,"[0.00975598437873591, 0.6453524873509325, 0.19486875078792415, 0.13137127683185612, 0.018651500650551246]"
episode_017,competitive,rating,random_equation,34,ep017_vendor_039,DashNow039,False,22.64,25,4.85,85.48,8.97,91.27,1.72,13.02,"[0.013737237489107268, 0.2661388396378183, 0.22943590883945994, 0.18862021919876318, 0.3020677948348513]"
episode_017,competitive,rating,random_equation,35,ep017_vendor_095,PrimeNow095,False,21.22,26,4.74,84.97,7.72,89.08,1.85,3.89,"[0.23479310660012848, 0.24390100106260615, 0.0711739881677155, 0.15584036761465614, 0.2942915365548937]"
episode_017,competitive,rating,random_equation,36,ep017_vendor_086,PrimeNow086,False,20.45,37,4.88,90.93,5.55,94.69,1.79,3.04,"[0.4425857274652913, 0.009769389472841087, 0.2617433732719395, 0.0011449005316986245, 0.28475660925822954]"
episode_017,competitive,rating,random_equation,37,ep017_vendor_086,PrimeNow086,False,20.45,37,4.88,90.93,5.55,94.69,1.79,3.04,"[0.02063506074861716, 0.014030611595155746, 0.3830402870456838, 0.1508130434290303, 0.43148099718151284]"
episode_017,competitive,rating,random_equation,38,ep017_vendor_012,GoDrop012,False,20.81,27,3.84,77.52,8.96,85.96,1.55,4.87,"[0.5522304688607522, 0.08270091559920245, 0.045765270238333385, 0.007185581470008799, 0.31211776383170303]"
episode_017,competitive,rating,random_equation,39,ep017_vendor_039,DashNow039,False,22.64,25,4.85,85.48,8.97,91.27,1.72,13.02,"[0.0502743839216072, 0.3011133450728928, 0.0013618430767178417, 0.1800404139601809, 0.4672100139686013]"
episode_017,competitive,rating,random_equation,40,ep017_vendor_018,PrimeFleet018,False,20.86,32,4.86,88.9,7.02,93.86,1.75,5.97,"[0.16221144380116864, 0.17202247316165972, 0.20067967652581117, 0.22976996591093957, 0.2353164406004209]"
episode_017,competitive,rating,random_equation,41,ep017_vendor_039,DashNow039,False,22.64,25,4.85,85.48,8.97,91.27,1.72,13.02,"[0.14689932452953183, 0.41133236766286924, 0.2713337822583996, 0.07953271969355442, 0.09090180585564492]"
episode_017,competitive,rating,random_equation,42,ep017_vendor_039,DashNow039,False,22.64,25,4.85,85.48,8.97,91.27,1.72,13.02,"[0.007858240777399229, 0.034048269085800116, 0.07954167456352862, 0.23487118805651158, 0.6436806275167605]"
episode_017,competitive,rating,random_equation,43,ep017_vendor_039,DashNow039,False,22.64,25,4.85,85.48,8.97,91.27,1.72,13.02,"[0.00925616818366601, 0.30415156166531115, 0.14264889891149463, 0.4003083931291806, 0.14363497811034748]"
episode_017,competitive,rating,random_equation,44,ep017_vendor_095,PrimeNow095,False,21.22,26,4.74,84.97,7.72,89.08,1.85,3.89,"[0.4819817643989821, 0.3007532529528537, 0.10948860340809755, 0.03429542749051164, 0.07348095174955499]"
episode_017,competitive,rating,random_equation,45,ep017_vendor_042,FeastMeals042,False,24.58,24,4.78,90.2,6.48,95.96,5.21,3.65,"[0.08991219493802659, 0.44447107495096694, 0.17625798918302718, 0.26820954780748224, 0.021149193120496897]"
episode_017,competitive,rating,random_equation,46,ep017_vendor_095,PrimeNow095,False,21.22,26,4.74,84.97,7.72,89.08,1.85,3.89,"[0.4075797675903822, 0.24118273775794305, 0.1720341933163958, 0.11119616814274416, 0.06800713319253476]"
episode_017,competitive,rating,random_equation,47,ep017_vendor_086,PrimeNow086,False,20.45,37,4.88,90.93,5.55,94.69,1.79,3.04,"[0.26322519159918534, 0.08869275596602197, 0.4807508275587893, 0.05803029648510576, 0.10930092839089767]"
episode_017,competitive,rating,random_equation,48,ep017_vendor_086,PrimeNow086,False,20.45,37,4.88,90.93,5.55,94.69,1.79,3.04,"[0.08535632335100077, 0.05243795197809127, 0.21679818277754775, 0.22584060058887312, 0.4195669413044871]"
episode_017,competitive,rating,random_equation,49,ep017_vendor_086,PrimeNow086,False,20.45,37,4.88,90.93,5.55,94.69,1.79,3.04,"[0.2586123140356179, 0.1444730792547189, 0.3443050642315121, 0.09611361816084782, 0.15649592431730325]"
episode_017,competitive,rating,random_equation,50,ep017_vendor_086,PrimeNow086,False,20.45,37,4.88,90.93,5.55,94.69,1.79,3.04,"[0.3852641996304293, 0.03163443147682854, 0.02152102410897448, 0.4595454102160503, 0.10203493456771756]"
episode_017,competitive,rating,random_equation,51,ep017_vendor_086,PrimeNow086,False,20.45,37,4.88,90.93,5.55,94.69,1.79,3.04,"[0.2796638737916028, 0.05942516302120708, 0.05107041137821685, 0.4381113129698102, 0.17172923883916305]"
episode_017,competitive,rating,random_equation,52,ep017_vendor_039,DashNow039,False,22.64,25,4.85,85.48,8.97,91.27,1.72,13.02,"[0.13117955296813, 0.4953442076748331, 0.07612104842717504, 0.055704867630760296, 0.24165032329910152]"
episode_017,competitive,rating,random_equation,53,ep017_vendor_095,PrimeNow095,False,21.22,26,4.74,84.97,7.72,89.08,1.85,3.89,"[0.4402683789698272, 0.1858310148951631, 0.024766070372893287, 0.24667425043820554, 0.10246028532391083]"
episode_017,competitive,rating,random_equation,54,ep017_vendor_095,PrimeNow095,False,21.22,26,4.74,84.97,7.72,89.08,1.85,3.89,"[0.2630739202874391, 0.3358065441777579, 0.0008167518824874793, 0.13661145585832102, 0.26369132779399446]"
episode_017,competitive,rating,random_equation,55,ep017_vendor_086,PrimeNow086,False,20.45,37,4.88,90.93,5.55,94.69,1.79,3.04,"[0.4451629658421203, 0.13874018204474658, 0.2900354350976258, 0.12428493965986417, 0.0017764773556430233]"
episode_017,competitive,rating,random_equation,56,ep017_vendor_086,PrimeNow086,False,20.45,37,4.88,90.93,5.55,94.69,1.79,3.04,"[0.39331893697283205, 0.054512442519655965, 0.35792094115706763, 0.14614454990187353, 0.04810312944857088]"
episode_017,competitive,rating,random_equation,57,ep017_vendor_086,PrimeNow086,False,20.45,37,4.88,90.93,5.55,94.69,1.79,3.04,"[0.5825621029070535, 0.003351067344036787, 0.0008424304184098254, 0.03378045189953979, 0.37946394743096007]"
episode_017,competitive,rating,random_equation,58,ep017_vendor_086,PrimeNow086,False,20.45,37,4.88,90.93,5.55,94.69,1.79,3.04,"[0.2118881253667556, 0.03578603245802168, 0.1898632850237337, 0.24234730901989648, 0.32011524813159264]"
episode_017,competitive,rating,random_equation,59,ep017_vendor_018,PrimeFleet018,False,20.86,32,4.86,88.9,7.02,93.86,1.75,5.97,"[0.10856635350109138, 0.19771377336527102, 0.5444958551441503, 0.05475135690396938, 0.09447266108551775]"
episode_017,competitive,rating,random_equation,60,ep017_vendor_039,DashNow039,False,22.64,25,4.85,85.48,8.97,91.27,1.72,13.02,"[0.029400231001196445, 0.22014441377573438, 0.0810688451780911, 0.3771381151234323, 0.2922483949215458]"
episode_017,competitive,rating,random_equation,61,ep017_vendor_086,PrimeNow086,False,20.45,37,4.88,90.93,5.55,94.69,1.79,3.04,"[0.13439079144743304, 0.13883312043775695, 0.4513236082217862, 0.06254956731180736, 0.2129029125812165]"
episode_017,competitive,rating,random_equation,62,ep017_vendor_086,PrimeNow086,False,20.45,37,4.88,90.93,5.55,94.69,1.79,3.04,"[0.10790175485497805, 0.002968056964870906, 0.780154500990185, 0.03859316994495843, 0.07038251724500759]"
episode_017,competitive,rating,random_equation,63,ep017_vendor_095,PrimeNow095,False,21.22,26,4.74,84.97,7.72,89.08,1.85,3.89,"[0.3001076777458694, 0.42029686689893203, 0.035179037993966045, 0.24202948170381236, 0.002386935657420274]"
episode_017,competitive,rating,random_equation,64,ep017_vendor_039,DashNow039,False,22.64,25,4.85,85.48,8.97,91.27,1.72,13.02,"[0.08521778677894934, 0.48285203202033766, 0.1525682598920032, 0.08295675850158739, 0.19640516280712245]"
episode_017,competitive,rating,random_equation,65,ep017_vendor_086,PrimeNow086,False,20.45,37,4.88,90.93,5.55,94.69,1.79,3.04,"[0.07950783808951484, 0.04397357115052555, 0.08727304733904842, 0.41009694273838293, 0.3791486006825282]"
episode_017,competitive,rating,random_equation,66,ep017_vendor_039,DashNow039,False,22.64,25,4.85,85.48,8.97,91.27,1.72,13.02,"[0.10289411665319055, 0.3500526794361358, 0.05150486232143252, 0.4544230090723308, 0.041125332516910265]"
episode_017,competitive,rating,random_equation,67,ep017_vendor_018,PrimeFleet018,False,20.86,32,4.86,88.9,7.02,93.86,1.75,5.97,"[0.0957726015855278, 0.07406499934969449, 0.19999339024416024, 0.08529429484105584, 0.5448747139795616]"
episode_017,competitive,rating,random_equation,68,ep017_vendor_039,DashNow039,False,22.64,25,4.85,85.48,8.97,91.27,1.72,13.02,"[0.07471747677119336, 0.23490879650426472, 0.09618886833762696, 0.387334566009966, 0.20685029237694885]"
episode_017,competitive,rating,random_equation,69,ep017_vendor_095,PrimeNow095,False,21.22,26,4.74,84.97,7.72,89.08,1.85,3.89,"[0.32358453182967095, 0.2710552916903748, 0.2548183428565562, 0.025281561729788186, 0.12526027189360994]"
episode_017,competitive,rating,random_equation,70,ep017_vendor_095,PrimeNow095,False,21.22,26,4.74,84.97,7.72,89.08,1.85,3.89,"[0.3345131378434783, 0.3110523130826396, 0.11113494800252154, 0.2223061097255245, 0.020993491345836036]"
episode_017,competitive,rating,random_equation,71,ep017_vendor_039,DashNow039,False,22.64,25,4.85,85.48,8.97,91.27,1.72,13.02,"[0.057429080448987986, 0.4729469455963614, 0.02347168705009833, 0.368599283000888, 0.07755300390366435]"
episode_017,competitive,rating,random_equation,72,ep017_vendor_095,PrimeNow095,False,21.22,26,4.74,84.97,7.72,89.08,1.85,3.89,"[0.3556280630458576, 0.29847149995857064, 0.05272949376488398, 0.03800041384734417, 0.2551705293833438]"
episode_017,competitive,rating,random_equation,73,ep017_vendor_086,PrimeNow086,False,20.45,37,4.88,90.93,5.55,94.69,1.79,3.04,"[0.4342643136214909, 0.03480639893933801, 0.3566233158339976, 0.13559474217010387, 0.03871122943506957]"
episode_017,competitive,rating,random_equation,74,ep017_vendor_086,PrimeNow086,False,20.45,37,4.88,90.93,5.55,94.69,1.79,3.04,"[0.1562180970380722, 0.13958954145288038, 0.3686880048805331, 0.23152312660598012, 0.10398123002253432]"
episode_017,competitive,rating,random_equation,75,ep017_vendor_086,PrimeNow086,False,20.45,37,4.88,90.93,5.55,94.69,1.79,3.04,"[0.36922580403810057, 0.03944274259448039, 0.21651206731590839, 0.37266014307289624, 0.002159242978614444]"
episode_017,competitive,rating,random_equation,76,ep017_vendor_086,PrimeNow086,False,20.45,37,4.88,90.93,5.55,94.69,1.79,3.04,"[0.09380143132248214, 0.058108006221973256, 0.7439736889067275, 0.07441177347707117, 0.029705100071745743]"
episode_017,competitive,rating,random_equation,77,ep017_vendor_086,PrimeNow086,False,20.45,37,4.88,90.93,5.55,94.69,1.79,3.04,"[0.5496920325634526, 0.04632303732277692, 0.06934358592131705, 0.10182683003694201, 0.2328145141555114]"
episode_017,competitive,rating,random_equation,78,ep017_vendor_086,PrimeNow086,False,20.45,37,4.88,90.93,5.55,94.69,1.79,3.04,"[0.3355823810036118, 0.10942293072134328, 0.1348715118600488, 0.1382176547621473, 0.28190552165284866]"
episode_017,competitive,rating,random_equation,79,ep017_vendor_039,DashNow039,False,22.64,25,4.85,85.48,8.97,91.27,1.72,13.02,"[0.04196620122058229, 0.126877440423459, 0.2671368373847991, 0.19928550021939645, 0.36473402075176325]"
episode_017,competitive,rating,random_equation,80,ep017_vendor_018,PrimeFleet018,False,20.86,32,4.86,88.9,7.02,93.86,1.75,5.97,"[0.05578655497103884, 0.09097862625932249, 0.19828542252871317, 0.13187504270029402, 0.5230743535406315]"
episode_017,competitive,rating,random_equation,81,ep017_vendor_086,PrimeNow086,False,20.45,37,4.88,90.93,5.55,94.69,1.79,3.04,"[0.2689564920591985, 0.06448282805327248, 0.309064876405832, 0.014486951257162088, 0.34300885222453487]"
episode_017,competitive,rating,random_equation,82,ep017_vendor_039,DashNow039,False,22.64,25,4.85,85.48,8.97,91.27,1.72,13.02,"[0.03952269344812326, 0.3725941314935103, 0.23553214355027943, 0.12287609136658141, 0.2294749401415055]"
episode_017,competitive,rating,random_equation,83,ep017_vendor_095,PrimeNow095,False,21.22,26,4.74,84.97,7.72,89.08,1.85,3.89,"[0.31123874078043007, 0.4891628816895749, 0.0328218592369871, 0.15404327253245212, 0.01273324576055594]"
episode_017,competitive,rating,random_equation,84,ep017_vendor_086,PrimeNow086,False,20.45,37,4.88,90.93,5.55,94.69,1.79,3.04,"[0.11469374511867801, 0.10072676039362556, 0.36837743039521326, 0.35429256647767704, 0.06190949761480605]"
episode_017,competitive,rating,random_equation,85,ep017_vendor_095,PrimeNow095,False,21.22,26,4.74,84.97,7.72,89.08,1.85,3.89,"[0.30321453162927026, 0.4573342929329206, 0.05758786829836779, 0.07046249350065298, 0.1114008136387883]"
episode_017,competitive,rating,random_equation,86,ep017_vendor_039,DashNow039,False,22.64,25,4.85,85.48,8.97,91.27,1.72,13.02,"[0.010332113594640395, 0.34895978410945305, 0.14693375528667169, 0.44271975410503467, 0.0510545929042002]"
episode_017,competitive,rating,random_equation,87,ep017_vendor_095,PrimeNow095,False,21.22,26,4.74,84.97,7.72,89.08,1.85,3.89,"[0.3597485260056069, 0.19760856523689677, 0.008467811568472799, 0.15845288788018344, 0.27572220930884]"
episode_017,competitive,rating,random_equation,88,ep017_vendor_086,PrimeNow086,False,20.45,37,4.88,90.93,5.55,94.69,1.79,3.04,"[0.3462809668947356, 0.023209072351839225, 0.19603683590658194, 0.33549834831886566, 0.09897477652797755]"
episode_017,competitive,rating,random_equation,89,ep017_vendor_039,DashNow039,False,22.64,25,4.85,85.48,8.97,91.27,1.72,13.02,"[0.0031258291791094743, 0.18691041588064503, 0.18368849143364557, 0.5234467015886473, 0.10282856191795277]"
episode_017,competitive,rating,random_equation,90,ep017_vendor_039,DashNow039,False,22.64,25,4.85,85.48,8.97,91.27,1.72,13.02,"[0.17065259680210723, 0.17337099241809756, 0.0036352586184399908, 0.4278880880907832, 0.22445306407057197]"
episode_017,competitive,rating,random_equation,91,ep017_vendor_095,PrimeNow095,False,21.22,26,4.74,84.97,7.72,89.08,1.85,3.89,"[0.4046780891389081, 0.19617354402438705, 0.135595779100431, 0.07928167294481646, 0.18427091479145724]"
episode_017,competitive,rating,random_equation,92,ep017_vendor_018,PrimeFleet018,False,20.86,32,4.86,88.9,7.02,93.86,1.75,5.97,"[0.25219737254599506, 0.08526357218237157, 0.08264808695753167, 0.2514310154260653, 0.32845995288803653]"
episode_017,competitive,rating,random_equation,93,ep017_vendor_018,PrimeFleet018,False,20.86,32,4.86,88.9,7.02,93.86,1.75,5.97,"[0.12771340193517, 0.10986533099227831, 0.1932636719478281, 0.18131580840245437, 0.3878417867222692]"
episode_017,competitive,rating,random_equation,94,ep017_vendor_039,DashNow039,False,22.64,25,4.85,85.48,8.97,91.27,1.72,13.02,"[0.11137232736261789, 0.32698196765174914, 0.06626275714448998, 0.019449816971896686, 0.4759331308692463]"
episode_017,competitive,rating,random_equation,95,ep017_vendor_018,PrimeFleet018,False,20.86,32,4.86,88.9,7.02,93.86,1.75,5.97,"[0.2995905683890738, 0.10956633826730038, 0.038063893796278, 0.22379710784675094, 0.328982091700597]"
episode_017,competitive,rating,random_equation,96,ep017_vendor_095,PrimeNow095,False,21.22,26,4.74,84.97,7.72,89.08,1.85,3.89,"[0.19604112338016078, 0.36826764469949536, 0.10146730054786429, 0.21284367967563725, 0.12138025169684236]"
episode_017,competitive,rating,random_equation,97,ep017_vendor_086,PrimeNow086,False,20.45,37,4.88,90.93,5.55,94.69,1.79,3.04,"[0.0783872584744854, 0.061803828907118746, 0.1991169580012878, 0.6519878822517855, 0.008704072365322576]"
episode_017,competitive,rating,random_equation,98,ep017_vendor_086,PrimeNow086,False,20.45,37,4.88,90.93,5.55,94.69,1.79,3.04,"[0.41628264532002207, 0.010358033232526358, 0.17065392533417248, 0.14932714220304263, 0.2533782539102365]"
episode_017,competitive,rating,random_equation,99,ep017_vendor_095,PrimeNow095,False,21.22,26,4.74,84.97,7.72,89.08,1.85,3.89,"[0.21022774206290487, 0.40326500480462774, 0.11544558206133347, 0.049756097239064746, 0.22130557383206922]"
episode_018,competitive,rating,price_first,,ep018_vendor_014,CityCart014,False,18.34,30,4.24,84.28,7.14,91.31,1.67,3.18,
episode_018,competitive,rating,eta_first,,ep018_vendor_075,QuickCart075,False,21.31,24,4.85,87.56,5.19,88.19,1.83,13.57,
episode_018,competitive,rating,rating_first,,ep018_vendor_018,DashDrop018,False,25.36,27,4.9,86.68,8.56,92.26,6.41,13.47,
episode_018,competitive,rating,reliability_first,,ep018_vendor_032,SwiftNow032,False,23.27,34,4.8,88.78,5.58,91.57,4.95,3.41,
episode_018,competitive,rating,balanced_equation,,ep018_vendor_075,QuickCart075,False,21.31,24,4.85,87.56,5.19,88.19,1.83,13.57,
episode_018,competitive,rating,random_equation,0,ep018_vendor_075,QuickCart075,False,21.31,24,4.85,87.56,5.19,88.19,1.83,13.57,"[0.24910476066455883, 0.2579278148884088, 0.052168777253347634, 0.32608631670011545, 0.11471233049356927]"
episode_018,competitive,rating,random_equation,1,ep018_vendor_075,QuickCart075,False,21.31,24,4.85,87.56,5.19,88.19,1.83,13.57,"[0.07450070249806116, 0.3207123922620548, 0.3060439310831381, 0.1886304236541442, 0.11011255050260173]"
episode_018,competitive,rating,random_equation,2,ep018_vendor_075,QuickCart075,False,21.31,24,4.85,87.56,5.19,88.19,1.83,13.57,"[0.00970245802383654, 0.4315487896119704, 0.18520602775995687, 0.005491242165082165, 0.36805148243915403]"
episode_018,competitive,rating,random_equation,3,ep018_vendor_014,CityCart014,False,18.34,30,4.24,84.28,7.14,91.31,1.67,3.18,"[0.39517741284353375, 0.061466684104502095, 0.005723768183660875, 0.1461226221729162, 0.3915095126953872]"
episode_018,competitive,rating,random_equation,4,ep018_vendor_075,QuickCart075,False,21.31,24,4.85,87.56,5.19,88.19,1.83,13.57,"[0.2733217029528485, 0.010280076031203005, 0.2129979248035367, 0.4077054404726958, 0.09569485573971602]"
episode_018,competitive,rating,random_equation,5,ep018_vendor_075,QuickCart075,False,21.31,24,4.85,87.56,5.19,88.19,1.83,13.57,"[0.14082879105777538, 0.24479613616908297, 0.02159877811226788, 0.3150064591451741, 0.2777698355156997]"
episode_018,competitive,rating,random_equation,6,ep018_vendor_075,QuickCart075,False,21.31,24,4.85,87.56,5.19,88.19,1.83,13.57,"[0.26103711741322827, 0.28593166954989413, 0.2356026428564504, 0.18338052380352535, 0.03404804637690188]"
episode_018,competitive,rating,random_equation,7,ep018_vendor_075,QuickCart075,False,21.31,24,4.85,87.56,5.19,88.19,1.83,13.57,"[0.04103634272194584, 0.26261005880581473, 0.053206652201003846, 0.5584204158555439, 0.08472653041569156]"
episode_018,competitive,rating,random_equation,8,ep018_vendor_075,QuickCart075,False,21.31,24,4.85,87.56,5.19,88.19,1.83,13.57,"[0.25835506182290546, 0.11352261369365957, 0.06388890232401856, 0.5428307281570932, 0.021402694002323173]"
episode_018,competitive,rating,random_equation,9,ep018_vendor_075,QuickCart075,False,21.31,24,4.85,87.56,5.19,88.19,1.83,13.57,"[0.02341550196961001, 0.08060278910647453, 0.05152045659015631, 0.6060515496733743, 0.23840970266038494]"
episode_018,competitive,rating,random_equation,10,ep018_vendor_075,QuickCart075,False,21.31,24,4.85,87.56,5.19,88.19,1.83,13.57,"[0.14328024139836726, 0.4469665536134396, 0.017703934030865946, 0.2770401501276979, 0.1150091208296293]"
episode_018,competitive,rating,random_equation,11,ep018_vendor_014,CityCart014,False,18.34,30,4.24,84.28,7.14,91.31,1.67,3.18,"[0.4464849571407049, 0.2417858631276612, 0.01150588037529647, 0.11580999859678988, 0.18441330075954762]"
episode_018,competitive,rating,random_equation,12,ep018_vendor_075,QuickCart075,False,21.31,24,4.85,87.56,5.19,88.19,1.83,13.57,"[0.10727571632361725, 0.2126387369487548, 0.10069546955927104, 0.47296980265886346, 0.10642027450949344]"
episode_018,competitive,rating,random_equation,13,ep018_vendor_075,QuickCart075,False,21.31,24,4.85,87.56,5.19,88.19,1.83,13.57,"[0.1924316952875379, 0.31500093598279055, 0.0889848363183835, 0.19053365222473717, 0.21304888018655088]"
episode_018,competitive,rating,random_equation,14,ep018_vendor_075,QuickCart075,False,21.31,24,4.85,87.56,5.19,88.19,1.83,13.57,"[0.13345854792513115, 0.34215760815728735, 0.43976768084515233, 0.0476750245974771, 0.03694113847495213]"
episode_018,competitive,rating,random_equation,15,ep018_vendor_075,QuickCart075,False,21.31,24,4.85,87.56,5.19,88.19,1.83,13.57,"[0.16671786675662786, 0.598647514989864, 0.009957761977135026, 0.1403652718919548, 0.08431158438441834]"
episode_018,competitive,rating,random_equation,16,ep018_vendor_075,QuickCart075,False,21.31,24,4.85,87.56,5.19,88.19,1.83,13.57,"[0.07061351562476159, 0.0835902599633908, 0.13361061305141123, 0.15796995211934686, 0.5542156592410896]"
episode_018,competitive,rating,random_equation,17,ep018_vendor_075,QuickCart075,False,21.31,24,4.85,87.56,5.19,88.19,1.83,13.57,"[0.18470712915857876, 0.4173776880746694, 0.14362372030013282, 0.1743245082217163, 0.0799669542449028]"
episode_018,competitive,rating,random_equation,18,ep018_vendor_014,CityCart014,False,18.34,30,4.24,84.28,7.14,91.31,1.67,3.18,"[0.697766789607841, 0.05129502897073291, 0.17766170988448513, 0.06425228816543953, 0.00902418337150146]"
episode_018,competitive,rating,random_equation,19,ep018_vendor_075,QuickCart075,False,21.31,24,4.85,87.56,5.19,88.19,1.83,13.57,"[0.05102697546531545, 0.3253841656014602, 0.1270097175095993, 0.11562398675348927, 0.3809551546701357]"
episode_018,competitive,rating,random_equation,20,ep018_vendor_075,QuickCart075,False,21.31,24,4.85,87.56,5.19,88.19,1.83,13.57,"[0.03248828300944877, 0.6445211005615133, 0.21120388340857993, 0.09310125639229129, 0.01868547662816669]"
episode_018,competitive,rating,random_equation,21,ep018_vendor_075,QuickCart075,False,21.31,24,4.85,87.56,5.19,88.19,1.83,13.57,"[0.4208766404019134, 0.11807267588507699, 0.28172884161528605, 0.17504020041637952, 0.004281641681344155]"
episode_018,competitive,rating,random_equation,22,ep018_vendor_075,QuickCart075,False,21.31,24,4.85,87.56,5.19,88.19,1.83,13.57,"[0.14359429420993813, 0.17845263349089216, 0.47651176596164974, 0.12734805178475928, 0.07409325455276064]"
episode_018,competitive,rating,random_equation,23,ep018_vendor_075,QuickCart075,False,21.31,24,4.85,87.56,5.19,88.19,1.83,13.57,"[0.050185002515270444, 0.18971074269891539, 0.31104862384038423, 0.4312395587636268, 0.017816072181803096]"
episode_018,competitive,rating,random_equation,24,ep018_vendor_075,QuickCart075,False,21.31,24,4.85,87.56,5.19,88.19,1.83,13.57,"[0.14457334272887082, 0.17884894771917806, 0.3061086970752899, 0.005580904397392594, 0.3648881080792685]"
episode_018,competitive,rating,random_equation,25,ep018_vendor_075,QuickCart075,False,21.31,24,4.85,87.56,5.19,88.19,1.83,13.57,"[0.01977832919868438, 0.11794234979582895, 0.4249302680328496, 0.24123980784027696, 0.1961092451323601]"
episode_018,competitive,rating,random_equation,26,ep018_vendor_075,QuickCart075,False,21.31,24,4.85,87.56,5.19,88.19,1.83,13.57,"[0.03257312025927121, 0.021567028396335564, 0.45767590118033075, 0.2611385735393168, 0.22704537662474578]"
episode_018,competitive,rating,random_equation,27,ep018_vendor_075,QuickCart075,False,21.31,24,4.85,87.56,5.19,88.19,1.83,13.57,"[0.10480581547470327, 0.33106784195326433, 0.13179352699633787, 0.11604506190582878, 0.3162877536698658]"
episode_018,competitive,rating,random_equation,28,ep018_vendor_075,QuickCart075,False,21.31,24,4.85,87.56,5.19,88.19,1.83,13.57,"[0.19650111515363, 0.40975259703812794, 0.29054572629703723, 0.10019134199370178, 0.0030092195175031498]"
episode_018,competitive,rating,random_equation,29,ep018_vendor_014,CityCart014,False,18.34,30,4.24,84.28,7.14,91.31,1.67,3.18,"[0.3847345217380149, 0.32997676985517926, 0.049115830145201454, 0.021764703082650303, 0.21440817517895394]"
episode_018,competitive,rating,random_equation,30,ep018_vendor_075,QuickCart075,False,21.31,24,4.85,87.56,5.19,88.19,1.83,13.57,"[0.007142223368934963, 0.2669214764520146, 0.22306695812291363, 0.49314236005504936, 0.009726982001087413]"
episode_018,competitive,rating,random_equation,31,ep018_vendor_075,QuickCart075,False,21.31,24,4.85,87.56,5.19,88.19,1.83,13.57,"[0.11355392033107584, 0.070936128622885, 0.08815120931443587, 0.27518896485417316, 0.4521697768774301]"
episode_018,competitive,rating,random_equation,32,ep018_vendor_075,QuickCart075,False,21.31,24,4.85,87.56,5.19,88.19,1.83,13.57,"[0.07952825535566559, 0.37106029414560043, 0.07497496863263026, 0.14262513207609562, 0.331811349790008]"
episode_018,competitive,rating,random_equation,33,ep018_vendor_075,QuickCart075,False,21.31,24,4.85,87.56,5.19,88.19,1.83,13.57,"[0.36832831097503066, 0.26080048131798245, 0.20497747083835766, 0.07121569483790965, 0.09467804203071949]"
episode_018,competitive,rating,random_equation,34,ep018_vendor_075,QuickCart075,False,21.31,24,4.85,87.56,5.19,88.19,1.83,13.57,"[0.1996766542971006, 0.18381321359164968, 0.04638470580619704, 0.28962818584232164, 0.2804972404627309]"
episode_018,competitive,rating,random_equation,35,ep018_vendor_014,CityCart014,False,18.34,30,4.24,84.28,7.14,91.31,1.67,3.18,"[0.3630459800222008, 0.15372679337262157, 0.0144828679283453, 0.15673575876410023, 0.31200859991273217]"
episode_018,competitive,rating,random_equation,36,ep018_vendor_075,QuickCart075,False,21.31,24,4.85,87.56,5.19,88.19,1.83,13.57,"[0.02966224678872123, 0.1928155401171534, 0.617671204219808, 0.09941352757582864, 0.06043748129848865]"
episode_018,competitive,rating,random_equation,37,ep018_vendor_075,QuickCart075,False,21.31,24,4.85,87.56,5.19,88.19,1.83,13.57,"[0.006064293782162469, 0.11627936796757316, 0.07270671849974708, 0.36319826866274874, 0.44175135108776853]"
episode_018,competitive,rating,random_equation,38,ep018_vendor_075,QuickCart075,False,21.31,24,4.85,87.56,5.19,88.19,1.83,13.57,"[0.08523836829563435, 0.07334688631339079, 0.1675248060527414, 0.37485465916871175, 0.2990352801695216]"
episode_018,competitive,rating,random_equation,39,ep018_vendor_075,QuickCart075,False,21.31,24,4.85,87.56,5.19,88.19,1.83,13.57,"[0.10737271669753368, 0.2129543944951425, 0.21671800537887462, 0.2937794001798663, 0.16917548324858303]"
episode_018,competitive,rating,random_equation,40,ep018_vendor_075,QuickCart075,False,21.31,24,4.85,87.56,5.19,88.19,1.83,13.57,"[0.025315922378666367, 0.18573088071028768, 0.07791008951216354, 0.5525394092858356, 0.15850369811304676]"
episode_018,competitive,rating,random_equation,41,ep018_vendor_014,CityCart014,False,18.34,30,4.24,84.28,7.14,91.31,1.67,3.18,"[0.365795705623202, 0.2168828803075236, 0.034901625386204276, 0.015055858540180083, 0.36736393014289]"
episode_018,competitive,rating,random_equation,42,ep018_vendor_014,CityCart014,False,18.34,30,4.24,84.28,7.14,91.31,1.67,3.18,"[0.7330920282069073, 0.009647079011115955, 0.10492803277157237, 0.08655760451745745, 0.06577525549294706]"
episode_018,competitive,rating,random_equation,43,ep018_vendor_003,BlinkBite003,False,21.4,42,4.76,88.61,5.42,91.33,1.59,7.92,"[0.07020590639618084, 0.011030457960672467, 0.19749485491413982, 0.05385590263049905, 0.6674128780985079]"
episode_018,competitive,rating,random_equation,44,ep018_vendor_075,QuickCart075,False,21.31,24,4.85,87.56,5.19,88.19,1.83,13.57,"[0.19536532765593193, 0.47200386177550935, 0.11492056089222119, 0.0431741579919816, 0.17453609168435597]"
episode_018,competitive,rating,random_equation,45,ep018_vendor_075,QuickCart075,False,21.31,24,4.85,87.56,5.19,88.19,1.83,13.57,"[0.1319821739473257, 0.7095282486469581, 0.020681516544971513, 0.044226525019590915, 0.09358153584115379]"
episode_018,competitive,rating,random_equation,46,ep018_vendor_075,QuickCart075,False,21.31,24,4.85,87.56,5.19,88.19,1.83,13.57,"[0.08186932822772292, 0.5761229161559439, 0.06282847846767524, 0.07952356414076163, 0.1996557130078964]"
episode_018,competitive,rating,random_equation,47,ep018_vendor_075,QuickCart075,False,21.31,24,4.85,87.56,5.19,88.19,1.83,13.57,"[0.18646350300646103, 0.4000233488257186, 0.050387053145266286, 0.1251766534447049, 0.23794944157784934]"
episode_018,competitive,rating,random_equation,48,ep018_vendor_075,QuickCart075,False,21.31,24,4.85,87.56,5.19,88.19,1.83,13.57,"[0.2091851796615365, 0.16119220848790855, 0.036429168391164474, 0.5638215014460661, 0.029371942013324243]"
episode_018,competitive,rating,random_equation,49,ep018_vendor_075,QuickCart075,False,21.31,24,4.85,87.56,5.19,88.19,1.83,13.57,"[0.15556846436740532, 0.3132753931596429, 0.3552256270018757, 0.0018650748310189472, 0.17406544064005713]"
episode_018,competitive,rating,random_equation,50,ep018_vendor_075,QuickCart075,False,21.31,24,4.85,87.56,5.19,88.19,1.83,13.57,"[0.46676407614524806, 0.22381033363529476, 0.038597373899905245, 0.24092047878091002, 0.029907737538641982]"
episode_018,competitive,rating,random_equation,51,ep018_vendor_075,QuickCart075,False,21.31,24,4.85,87.56,5.19,88.19,1.83,13.57,"[0.3273875801535254, 0.05757068388536336, 0.1044116532995167, 0.39968254138362985, 0.11094754127796476]"
episode_018,competitive,rating,random_equation,52,ep018_vendor_075,QuickCart075,False,21.31,24,4.85,87.56,5.19,88.19,1.83,13.57,"[0.07121164434268719, 0.2574060116412724, 0.21618393521231308, 0.43722643904647196, 0.017971969757255405]"
episode_018,competitive,rating,random_equation,53,ep018_vendor_075,QuickCart075,False,21.31,24,4.85,87.56,5.19,88.19,1.83,13.57,"[0.06274973362825702, 0.3413641821215213, 0.15107049133136388, 0.22461229813683306, 0.22020329478202466]"
episode_018,competitive,rating,random_equation,54,ep018_vendor_014,CityCart014,False,18.34,30,4.24,84.28,7.14,91.31,1.67,3.18,"[0.3754422059067385, 0.2508511077146309, 0.1916593875253507, 0.0491406070776709, 0.132906691775609]"
episode_018,competitive,rating,random_equation,55,ep018_vendor_014,CityCart014,False,18.34,30,4.24,84.28,7.14,91.31,1.67,3.18,"[0.4081476487612497, 0.054414329669260124, 0.21041151995515597, 0.07067449835612218, 0.25635200325821206]"
episode_018,competitive,rating,random_equation,56,ep018_vendor_075,QuickCart075,False,21.31,24,4.85,87.56,5.19,88.19,1.83,13.57,"[0.03640702932666559, 0.6718380701876111, 0.023200576747000625, 0.06598103041109064, 0.20257329332763202]"
episode_018,competitive,rating,random_equation,57,ep018_vendor_075,QuickCart075,False,21.31,24,4.85,87.56,5.19,88.19,1.83,13.57,"[0.0876350250484362, 0.041591408898534764, 0.36972138905166346, 0.22289343556677638, 0.2781587414345892]"
episode_018,competitive,rating,random_equation,58,ep018_vendor_014,CityCart014,False,18.34,30,4.24,84.28,7.14,91.31,1.67,3.18,"[0.548001856363887, 0.044637743970584884, 0.11381704941848911, 0.11927465563737856, 0.17426869460966046]"
episode_018,competitive,rating,random_equation,59,ep018_vendor_075,QuickCart075,False,21.31,24,4.85,87.56,5.19,88.19,1.83,13.57,"[0.2419327773975587, 0.26661934155889294, 0.07906878551276758, 0.1356026630377736, 0.2767764324930071]"
episode_018,competitive,rating,random_equation,60,ep018_vendor_075,QuickCart075,False,21.31,24,4.85,87.56,5.19,88.19,1.83,13.57,"[0.21063597000637005, 0.18980763035039455, 0.3283034128343453, 0.2640388908113857, 0.007214095997504445]"
episode_018,competitive,rating,random_equation,61,ep018_vendor_075,QuickCart075,False,21.31,24,4.85,87.56,5.19,88.19,1.83,13.57,"[0.18851953623485618, 0.0652589273212999, 0.13231999761673197, 0.4715708144581704, 0.14233072436894148]"
episode_018,competitive,rating,random_equation,62,ep018_vendor_014,CityCart014,False,18.34,30,4.24,84.28,7.14,91.31,1.67,3.18,"[0.39122564626646084, 0.08570711533444766, 0.22170494638182234, 0.06778847907228833, 0.23357381294498078]"
episode_018,competitive,rating,random_equation,63,ep018_vendor_014,CityCart014,False,18.34,30,4.24,84.28,7.14,91.31,1.67,3.18,"[0.3109575035087678, 0.12613657412275128, 0.04590000085193848, 0.16405082128392873, 0.3529551002326138]"
episode_018,competitive,rating,random_equation,64,ep018_vendor_014,CityCart014,False,18.34,30,4.24,84.28,7.14,91.31,1.67,3.18,"[0.37870664972204365, 0.09591609345983362, 0.1156242925144085, 0.15064617861589424, 0.2591067856878198]"
episode_018,competitive,rating,random_equation,65,ep018_vendor_075,QuickCart075,False,21.31,24,4.85,87.56,5.19,88.19,1.83,13.57,"[0.37777527275815737, 0.43420351325649303, 0.008798444858143585, 0.1761846808000313, 0.0030380883271749017]"
episode_018,competitive,rating,random_equation,66,ep018_vendor_075,QuickCart075,False,21.31,24,4.85,87.56,5.19,88.19,1.83,13.57,"[0.22286996472950277, 0.03576543315606165, 0.4405540708726897, 0.05186506622641505, 0.24894546501533082]"
episode_018,competitive,rating,random_equation,67,ep018_vendor_076,NoshExpress076,False,20.2,37,4.83,82.51,8.15,84.57,1.62,13.71,"[0.1263515857508051, 0.030408856651669845, 0.0097753936395181, 0.14953901347512663, 0.6839251504828804]"
episode_018,competitive,rating,random_equation,68,ep018_vendor_075,QuickCart075,False,21.31,24,4.85,87.56,5.19,88.19,1.83,13.57,"[0.11251298013617576, 0.24833265537451474, 0.017288777168599646, 0.5765321389803262, 0.04533344834038371]"
episode_018,competitive,rating,random_equation,69,ep018_vendor_075,QuickCart075,False,21.31,24,4.85,87.56,5.19,88.19,1.83,13.57,"[0.07689580848560619, 0.09364039166738755, 0.12869810498993056, 0.31919630761529505, 0.3815693872417806]"
episode_018,competitive,rating,random_equation,70,ep018_vendor_075,QuickCart075,False,21.31,24,4.85,87.56,5.19,88.19,1.83,13.57,"[0.02917402262852808, 0.32068397802925036, 0.030039286608818383, 0.41940152032393796, 0.20070119240946524]"
episode_018,competitive,rating,random_equation,71,ep018_vendor_014,CityCart014,False,18.34,30,4.24,84.28,7.14,91.31,1.67,3.18,"[0.328844434613763, 0.009677257531340406, 0.3164331994414241, 0.0832670739397378, 0.2617780344737347]"
episode_018,competitive,rating,random_equation,72,ep018_vendor_014,CityCart014,False,18.34,30,4.24,84.28,7.14,91.31,1.67,3.18,"[0.5202609546145263, 0.09995529197135898, 0.11603796627464896, 0.14841650493024397, 0.11532928220922178]"
episode_018,competitive,rating,random_equation,73,ep018_vendor_075,QuickCart075,False,21.31,24,4.85,87.56,5.19,88.19,1.83,13.57,"[0.26957985984373417, 0.14501951257979162, 0.3554306368967928, 0.04867336927427662, 0.18129662140540476]"
episode_018,competitive,rating,random_equation,74,ep018_vendor_075,QuickCart075,False,21.31,24,4.85,87.56,5.19,88.19,1.83,13.57,"[0.2567400046617633, 0.030098649487998758, 0.4519465018776146, 0.2355625671685737, 0.025652276804049665]"
episode_018,competitive,rating,random_equation,75,ep018_vendor_075,QuickCart075,False,21.31,24,4.85,87.56,5.19,88.19,1.83,13.57,"[0.1034515115663223, 0.20932800343307945, 0.029625409258043488, 0.43838331423883686, 0.2192117615037179]"
episode_018,competitive,rating,random_equation,76,ep018_vendor_075,QuickCart075,False,21.31,24,4.85,87.56,5.19,88.19,1.83,13.57,"[0.10508257584051377, 0.19885654924045357, 0.024021792969044126, 0.21649289111383663, 0.45554619083615183]"
episode_018,competitive,rating,random_equation,77,ep018_vendor_075,QuickCart075,False,21.31,24,4.85,87.56,5.19,88.19,1.83,13.57,"[0.07983794771905892, 0.08860768626587562, 0.42485903552567494, 0.36064351942931544, 0.04605181106007512]"
episode_018,competitive,rating,random_equation,78,ep018_vendor_075,QuickCart075,False,21.31,24,4.85,87.56,5.19,88.19,1.83,13.57,"[0.4047539600617011, 0.32086997788813604, 0.11139154594814649, 0.0654883470493163, 0.0974961690526999]"
episode_018,competitive,rating,random_equation,79,ep018_vendor_075,QuickCart075,False,21.31,24,4.85,87.56,5.19,88.19,1.83,13.57,"[0.23737190225453247, 0.3671473894844661, 0.14128967302598594, 0.0015067452129067015, 0.25268429002210885]"
episode_018,competitive,rating,random_equation,80,ep018_vendor_075,QuickCart075,False,21.31,24,4.85,87.56,5.19,88.19,1.83,13.57,"[0.24973385756413452, 0.4277703068227486, 0.11067341465331164, 0.0721278605964604, 0.13969456036334482]"
episode_018,competitive,rating,random_equation,81,ep018_vendor_014,CityCart014,False,18.34,30,4.24,84.28,7.14,91.31,1.67,3.18,"[0.44265554248936967, 0.17375793720192861, 0.21951021874163798, 0.06736983273795993, 0.09670646882910382]"
episode_018,competitive,rating,random_equation,82,ep018_vendor_014,CityCart014,False,18.34,30,4.24,84.28,7.14,91.31,1.67,3.18,"[0.3930963687321161, 0.14945291889772633, 0.22755796603520762, 0.08438163556737222, 0.14551111076757767]"
episode_018,competitive,rating,random_equation,83,ep018_vendor_075,QuickCart075,False,21.31,24,4.85,87.56,5.19,88.19,1.83,13.57,"[0.10224509366676411, 0.1898133104797141, 0.19487125598633656, 0.16439068742875704, 0.34867965243842824]"
episode_018,competitive,rating,random_equation,84,ep018_vendor_075,QuickCart075,False,21.31,24,4.85,87.56,5.19,88.19,1.83,13.57,"[0.030505046042718236, 0.060457260174190765, 0.039443527670086416, 0.5419018310373758, 0.3276923350756288]"
episode_018,competitive,rating,random_equation,85,ep018_vendor_075,QuickCart075,False,21.31,24,4.85,87.56,5.19,88.19,1.83,13.57,"[0.004160568207744387, 0.3023498233766356, 0.2763688540047033, 0.28636961425686236, 0.13075114015405445]"
episode_018,competitive,rating,random_equation,86,ep018_vendor_075,QuickCart075,False,21.31,24,4.85,87.56,5.19,88.19,1.83,13.57,"[0.31269647909287396, 0.20362314000448423, 0.12951268124415405, 0.1824946015998044, 0.1716730980586834]"
episode_018,competitive,rating,random_equation,87,ep018_vendor_075,QuickCart075,False,21.31,24,4.85,87.56,5.19,88.19,1.83,13.57,"[0.019615033388986222, 0.4106134569041814, 0.44602621277602406, 0.09054371348934757, 0.03320158344146074]"
episode_018,competitive,rating,random_equation,88,ep018_vendor_075,QuickCart075,False,21.31,24,4.85,87.56,5.19,88.19,1.83,13.57,"[0.3351827120268284, 0.13509553271546623, 0.253437219993419, 0.12991341322872305, 0.14637112203556338]"
episode_018,competitive,rating,random_equation,89,ep018_vendor_075,QuickCart075,False,21.31,24,4.85,87.56,5.19,88.19,1.83,13.57,"[0.023457082473620744, 0.14099161556449424, 0.004606070922843404, 0.22613148810889605, 0.6048137429301456]"
episode_018,competitive,rating,random_equation,90,ep018_vendor_075,QuickCart075,False,21.31,24,4.85,87.56,5.19,88.19,1.83,13.57,"[0.15539144078046363, 0.3116334334155119, 0.06966559777639161, 0.33145709552896524, 0.1318524324986676]"
episode_018,competitive,rating,random_equation,91,ep018_vendor_075,QuickCart075,False,21.31,24,4.85,87.56,5.19,88.19,1.83,13.57,"[0.07982047159333264, 0.40177908716936717, 0.06401007480264077, 0.1740332411187885, 0.28035712531587076]"
episode_018,competitive,rating,random_equation,92,ep018_vendor_003,BlinkBite003,False,21.4,42,4.76,88.61,5.42,91.33,1.59,7.92,"[0.0648506034345652, 0.03800471140565864, 0.4702629174264189, 0.04377172897335587, 0.3831100387600014]"
episode_018,competitive,rating,random_equation,93,ep018_vendor_075,QuickCart075,False,21.31,24,4.85,87.56,5.19,88.19,1.83,13.57,"[0.1191306288738375, 0.0382042288511211, 0.2675468187444676, 0.14644692740325266, 0.42867139612732125]"
episode_018,competitive,rating,random_equation,94,ep018_vendor_075,QuickCart075,False,21.31,24,4.85,87.56,5.19,88.19,1.83,13.57,"[0.0298954637958961, 0.367594849319141, 0.1698851508281185, 0.29722490551244046, 0.13539963054440396]"
episode_018,competitive,rating,random_equation,95,ep018_vendor_075,QuickCart075,False,21.31,24,4.85,87.56,5.19,88.19,1.83,13.57,"[0.045037523552759785, 0.50515598689207, 0.12630967059252218, 0.17252152815279992, 0.15097529080984814]"
episode_018,competitive,rating,random_equation,96,ep018_vendor_014,CityCart014,False,18.34,30,4.24,84.28,7.14,91.31,1.67,3.18,"[0.36653726301999995, 0.02086440432280727, 0.3757951446204976, 0.13707394117578528, 0.0997292468609099]"
episode_018,competitive,rating,random_equation,97,ep018_vendor_075,QuickCart075,False,21.31,24,4.85,87.56,5.19,88.19,1.83,13.57,"[0.04649781439106356, 0.25454220603066147, 0.3060072146617509, 0.29671363196472017, 0.09623913295180397]"
episode_018,competitive,rating,random_equation,98,ep018_vendor_076,NoshExpress076,False,20.2,37,4.83,82.51,8.15,84.57,1.62,13.71,"[0.26186311631274733, 0.011772977878820973, 0.06364666195096756, 0.6020146842892673, 0.06070255956819688]"
episode_018,competitive,rating,random_equation,99,ep018_vendor_003,BlinkBite003,False,21.4,42,4.76,88.61,5.42,91.33,1.59,7.92,"[0.216779136337952, 0.006032265166992226, 0.43105656661819547, 0.012109010245250981, 0.33402302163160935]"
episode_019,competitive,balanced,price_first,,ep019_vendor_071,RocketFleet071,False,46.79,34,4.47,86.57,8.43,95.72,1.95,4.19,
episode_019,competitive,balanced,eta_first,,ep019_vendor_035,PrimeNow035,False,57.07,24,3.26,71.04,10.54,82.33,6.45,13.84,
episode_019,competitive,balanced,rating_first,,ep019_vendor_083,PrimeDrop083,False,55.72,29,4.89,86.07,6.38,87.27,6.44,4.46,
episode_019,competitive,balanced,reliability_first,,ep019_vendor_066,SwiftMeals066,False,59.09,37,4.79,89.72,6.12,94.35,5.87,12.43,
episode_019,competitive,balanced,balanced_equation,,ep019_vendor_071,RocketFleet071,False,46.79,34,4.47,86.57,8.43,95.72,1.95,4.19,
episode_019,competitive,balanced,random_equation,0,ep019_vendor_038,GoNow038,False,48.99,38,4.6,87.62,7.55,94.85,1.63,8.04,"[0.019335619571775316, 0.04657576150482974, 0.6442263301447337, 0.01640122888957016, 0.27346105988909103]"
episode_019,competitive,balanced,random_equation,1,ep019_vendor_012,PrimeNow012,False,49.93,31,4.86,86.79,5.48,87.21,2.78,4.95,"[0.16984842364865582, 0.08608568840947008, 0.05601949939950948, 0.5198651282605735, 0.16818126028179103]"
episode_019,competitive,balanced,random_equation,2,ep019_vendor_006,RocketDrop006,False,49.61,32,4.67,84.17,6.78,86.55,1.76,9.38,"[0.16487167309670964, 0.06440093961711736, 0.005026091440593903, 0.47816977839591973, 0.2875315174496593]"
episode_019,competitive,balanced,random_equation,3,ep019_vendor_000,DoorDash,True,48.0,26,4.27,80.03,9.04,86.76,3.0,7.99,"[0.33976585831737904, 0.3606055079613907, 0.008675670317985166, 0.02093480746728725, 0.27001815593595774]"
episode_019,competitive,balanced,random_equation,4,ep019_vendor_071,RocketFleet071,False,46.79,34,4.47,86.57,8.43,95.72,1.95,4.19,"[0.35092534738904757, 0.014678252943002366, 0.2416485419713093, 0.08525346711785967, 0.3074943905787812]"
episode_019,competitive,balanced,random_equation,5,ep019_vendor_071,RocketFleet071,False,46.79,34,4.47,86.57,8.43,95.72,1.95,4.19,"[0.23024828579755932, 0.1436756723255072, 0.10753589557734657, 0.23433726395410812, 0.2842028823454787]"
episode_019,competitive,balanced,random_equation,6,ep019_vendor_071,RocketFleet071,False,46.79,34,4.47,86.57,8.43,95.72,1.95,4.19,"[0.794167513756963, 0.13279567173458592, 0.03357735082453139, 0.025566605479312256, 0.013892858204607398]"
episode_019,competitive,balanced,random_equation,7,ep019_vendor_071,RocketFleet071,False,46.79,34,4.47,86.57,8.43,95.72,1.95,4.19,"[0.20143414860630326, 0.17460798641748485, 0.37270359090119404, 0.10556403544964056, 0.14569023862537733]"
episode_019,competitive,balanced,random_equation,8,ep019_vendor_071,RocketFleet071,False,46.79,34,4.47,86.57,8.43,95.72,1.95,4.19,"[0.39995688722205697, 0.03362059365749522, 0.4114410969772543, 0.032379927626328894, 0.1226014945168647]"
episode_019,competitive,balanced,random_equation,9,ep019_vendor_071,RocketFleet071,False,46.79,34,4.47,86.57,8.43,95.72,1.95,4.19,"[0.15239768943402335, 0.22938001285366413, 0.35747834824293145, 0.040869879758155224, 0.2198740697112258]"
episode_019,competitive,balanced,random_equation,10,ep019_vendor_012,PrimeNow012,False,49.93,31,4.86,86.79,5.48,87.21,2.78,4.95,"[0.012060812891232646, 0.09811174727549865, 0.5460896737743903, 0.2661622191768148, 0.07757554688206346]"
episode_019,competitive,balanced,random_equation,11,ep019_vendor_063,BlinkDrop063,False,49.63,26,4.77,85.32,7.34,88.75,3.71,3.05,"[0.15034306533527744, 0.3905291815461501, 0.13230563694695757, 0.2993124918728402, 0.027509624298774654]"
episode_019,competitive,balanced,random_equation,12,ep019_vendor_006,RocketDrop006,False,49.61,32,4.67,84.17,6.78,86.55,1.76,9.38,"[0.16903532157705953, 0.19388416757615695, 0.08052540673062944, 0.09908404712026354, 0.45747105699589063]"
episode_019,competitive,balanced,random_equation,13,ep019_vendor_057,QuickCart057,False,51.31,25,4.31,81.12,8.25,86.94,2.71,13.08,"[0.04246744458204446, 0.7427383816757492, 0.13244552787331443, 0.023346838587326044, 0.05900180728156575]"
episode_019,competitive,balanced,random_equation,14,ep019_vendor_038,GoNow038,False,48.99,38,4.6,87.62,7.55,94.85,1.63,8.04,"[0.03052104045814728, 0.1330515835318239, 0.35411855714470697, 0.031791701115678035, 0.4505171177496438]"
episode_019,competitive,balanced,random_equation,15,ep019_vendor_022,BlinkDrop022,False,50.83,29,4.69,86.94,6.2,90.35,2.55,4.79,"[0.04487089708992405, 0.23668837118932068, 0.34698961335545897, 0.03129069933624711, 0.34016041902904937]"
episode_019,competitive,balanced,random_equation,16,ep019_vendor_038,GoNow038,False,48.99,38,4.6,87.62,7.55,94.85,1.63,8.04,"[0.013846059621419512, 0.053437589133195955, 0.4120324087488074, 0.13199070901770044, 0.38869323347887663]"
episode_019,competitive,balanced,random_equation,17,ep019_vendor_071,RocketFleet071,False,46.79,34,4.47,86.57,8.43,95.72,1.95,4.19,"[0.2727593967563359, 0.015392435789536798, 0.10657150338315081, 0.04765559677590082, 0.5576210672950755]"
episode_019,competitive,balanced,random_equation,18,ep019_vendor_000,DoorDash,True,48.0,26,4.27,80.03,9.04,86.76,3.0,7.99,"[0.39164439035625986, 0.2791794447686627, 0.0716206164236374, 0.09364992488502091, 0.1639056235664192]"
episode_019,competitive,balanced,random_equation,19,ep019_vendor_071,RocketFleet071,False,46.79,34,4.47,86.57,8.43,95.72,1.95,4.19,"[0.6620534635651689, 0.17478130763509503, 0.02292913607464242, 0.014806861194242875, 0.12542923153085095]"
episode_019,competitive,balanced,random_equation,20,ep019_vendor_012,PrimeNow012,False,49.93,31,4.86,86.79,5.48,87.21,2.78,4.95,"[0.07327720272004541, 0.017976126301590775, 0.5410191176839784, 0.30433091283768804, 0.06339664045669739]"
episode_019,competitive,balanced,random_equation,21,ep019_vendor_006,RocketDrop006,False,49.61,32,4.67,84.17,6.78,86.55,1.76,9.38,"[0.1921264455959543, 0.16462009499533733, 0.12264761425647659, 0.22243518419982158, 0.2981706609524103]"
episode_019,competitive,balanced,random_equation,22,ep019_vendor_027,PrimeHub027,False,53.38,31,4.52,81.04,7.95,84.34,1.54,13.38,"[0.002038422783865665, 0.24038140409479147, 0.17833772082514665, 0.049179203097256055, 0.53006324919894]"
episode_019,competitive,balanced,random_equation,23,ep019_vendor_071,RocketFleet071,False,46.79,34,4.47,86.57,8.43,95.72,1.95,4.19,"[0.7331967594535048, 0.07732349210271489, 0.02791081894098356, 0.0019598345889636805, 0.1596090949138332]"
episode_019,competitive,balanced,random_equation,24,ep019_vendor_012,PrimeNow012,False,49.93,31,4.86,86.79,5.48,87.21,2.78,4.95,"[0.04862775397097958, 0.1498395358212648, 0.28681200975473553, 0.30932559320886827, 0.20539510724415183]"
episode_019,competitive,balanced,random_equation,25,ep019_vendor_038,GoNow038,False,48.99,38,4.6,87.62,7.55,94.85,1.63,8.04,"[0.01666467559524476, 0.02636961407407929, 0.11092944477781183, 0.42946518321607663, 0.4165710823367875]"
episode_019,competitive,balanced,random_equation,26,ep019_vendor_063,BlinkDrop063,False,49.63,26,4.77,85.32,7.34,88.75,3.71,3.05,"[0.21639485649709914, 0.1865941780046727, 0.08981931137380214, 0.46932080865868486, 0.03787084546574117]"
episode_019,competitive,balanced,random_equation,27,ep019_vendor_012,PrimeNow012,False,49.93,31,4.86,86.79,5.48,87.21,2.78,4.95,"[0.054577967025559226, 0.13608846620460885, 0.21974554253160544, 0.4686717657482746, 0.12091625848995191]"
episode_019,competitive,balanced,random_equation,28,ep019_vendor_071,RocketFleet071,False,46.79,34,4.47,86.57,8.43,95.72,1.95,4.19,"[0.2262434800105212, 0.1326895395988676, 0.19689138414363408, 0.22118126325438112, 0.2229943329925961]"
episode_019,competitive,balanced,random_equation,29,ep019_vendor_071,RocketFleet071,False,46.79,34,4.47,86.57,8.43,95.72,1.95,4.19,"[0.5634657002075395, 0.0671525537783698, 0.08657545236082004, 0.1669147902592372, 0.11589150339403347]"
episode_019,competitive,balanced,random_equation,30,ep019_vendor_063,BlinkDrop063,False,49.63,26,4.77,85.32,7.34,88.75,3.71,3.05,"[0.25053286954542225, 0.27228451192855685, 0.3713734372385842, 0.0028464696721682563, 0.10296271161526833]"
episode_019,competitive,balanced,random_equation,31,ep019_vendor_006,RocketDrop006,False,49.61,32,4.67,84.17,6.78,86.55,1.76,9.38,"[0.0857857016788542, 0.27055605853281683, 0.19773231536516084, 0.0552925257868205, 0.39063339863634766]"
episode_019,competitive,balanced,random_equation,32,ep019_vendor_007,CityDrop007,False,52.97,26,4.36,84.21,7.19,90.19,2.61,9.91,"[0.08047909028384571, 0.30691751000821427, 0.17077447046095817, 0.02670086813877409, 0.41512806110820777]"
episode_019,competitive,balanced,random_equation,33,ep019_vendor_000,DoorDash,True,48.0,26,4.27,80.03,9.04,86.76,3.0,7.99,"[0.27663332500141075, 0.5769654152568829, 0.11754296049298293, 0.022692969209422393, 0.006165330039301031]"
episode_019,competitive,balanced,random_equation,34,ep019_vendor_046,NoshFleet046,False,52.47,26,4.67,86.87,6.3,90.59,4.78,3.94,"[0.014366752497856981, 0.6977471305966081, 0.24421491346391858, 0.0030100074777007478, 0.04066119596391554]"
episode_019,competitive,balanced,random_equation,35,ep019_vendor_038,GoNow038,False,48.99,38,4.6,87.62,7.55,94.85,1.63,8.04,"[0.05341837271166478, 0.05778311806776478, 0.40445650649495046, 0.154639529198176, 0.32970247352744386]"
episode_019,competitive,balanced,random_equation,36,ep019_vendor_071,RocketFleet071,False,46.79,34,4.47,86.57,8.43,95.72,1.95,4.19,"[0.5258435828973766, 0.001056260367170364, 0.052127481303751444, 0.2386422070856173, 0.18233046834608418]"
episode_019,competitive,balanced,random_equation,37,ep019_vendor_063,BlinkDrop063,False,49.63,26,4.77,85.32,7.34,88.75,3.71,3.05,"[0.02011611337611575, 0.46392721068724446, 0.1495640048508171, 0.15601839578936436, 0.21037427529645825]"
episode_019,competitive,balanced,random_equation,38,ep019_vendor_063,BlinkDrop063,False,49.63,26,4.77,85.32,7.34,88.75,3.71,3.05,"[0.22928538884915775, 0.42489566576152177, 0.29287686084823744, 0.025413978628589805, 0.02752810591249319]"
episode_019,competitive,balanced,random_equation,39,ep019_vendor_071,RocketFleet071,False,46.79,34,4.47,86.57,8.43,95.72,1.95,4.19,"[0.6873778347816242, 0.0956260524178522, 0.14960632403252308, 0.0038722712893062322, 0.06351751747869433]"
episode_019,competitive,balanced,random_equation,40,ep019_vendor_038,GoNow038,False,48.99,38,4.6,87.62,7.55,94.85,1.63,8.04,"[0.12679652220118276, 0.04272445078463711, 0.5218330216531285, 0.11351973685264513, 0.1951262685084065]"
episode_019,competitive,balanced,random_equation,41,ep019_vendor_071,RocketFleet071,False,46.79,34,4.47,86.57,8.43,95.72,1.95,4.19,"[0.18674463976791192, 0.06202736807315896, 0.22388890341672776, 0.09259601801453551, 0.4347430707276659]"
episode_019,competitive,balanced,random_equation,42,ep019_vendor_012,PrimeNow012,False,49.93,31,4.86,86.79,5.48,87.21,2.78,4.95,"[0.031114787729567252, 0.10076628506849501, 0.13617672082809484, 0.5153909416869622, 0.21655126468688068]"
episode_019,competitive,balanced,random_equation,43,ep019_vendor_063,BlinkDrop063,False,49.63,26,4.77,85.32,7.34,88.75,3.71,3.05,"[0.12548255506063757, 0.2974106955346502, 0.2513596979574087, 0.16997556019806517, 0.1557714912492384]"
episode_019,competitive,balanced,random_equation,44,ep019_vendor_063,BlinkDrop063,False,49.63,26,4.77,85.32,7.34,88.75,3.71,3.05,"[0.13620383468862426, 0.698989674364405, 0.10150412083424047, 0.03693564593763481, 0.026366724175095668]"
episode_019,competitive,balanced,random_equation,45,ep019_vendor_038,GoNow038,False,48.99,38,4.6,87.62,7.55,94.85,1.63,8.04,"[0.07982540335936024, 0.058783250520882825, 0.042581996671302864, 0.12368712186071876, 0.6951222275877352]"
episode_019,competitive,balanced,random_equation,46,ep019_vendor_063,BlinkDrop063,False,49.63,26,4.77,85.32,7.34,88.75,3.71,3.05,"[0.0873313111725932, 0.3555699422017065, 0.04149543550805228, 0.27408101713412447, 0.2415222939835235]"
episode_019,competitive,balanced,random_equation,47,ep019_vendor_012,PrimeNow012,False,49.93,31,4.86,86.79,5.48,87.21,2.78,4.95,"[0.058016741545890524, 0.07265293153806592, 0.2920639376555526, 0.42116554390071925, 0.15610084535977156]"
episode_019,competitive,balanced,random_equation,48,ep019_vendor_071,RocketFleet071,False,46.79,34,4.47,86.57,8.43,95.72,1.95,4.19,"[0.3804730696900796, 0.22396652090405011, 0.11456906269824813, 0.043244700413829315, 0.23774664629379283]"
episode_019,competitive,balanced,random_equation,49,ep019_vendor_022,BlinkDrop022,False,50.83,29,4.69,86.94,6.2,90.35,2.55,4.79,"[0.13464068626621073, 0.2836676922451582, 0.3390382117018545, 0.042326699215142864, 0.20032671057163354]"
episode_019,competitive,balanced,random_equation,50,ep019_vendor_071,RocketFleet071,False,46.79,34,4.47,86.57,8.43,95.72,1.95,4.19,"[0.26164579894874435, 0.0964233837741087, 0.09956967421744069, 0.28175333007871645, 0.26060781298098984]"
episode_019,competitive,balanced,random_equation,51,ep019_vendor_012,PrimeNow012,False,49.93,31,4.86,86.79,5.48,87.21,2.78,4.95,"[0.04471420639057291, 0.025125242569474147, 0.1652534910802635, 0.5039225693645328, 0.2609844905951566]"
episode_019,competitive,balanced,random_equation,52,ep019_vendor_012,PrimeNow012,False,49.93,31,4.86,86.79,5.48,87.21,2.78,4.95,"[0.10691098472349272, 0.17265229114516645, 0.23285245601002708, 0.3496756183056169, 0.13790864981569687]"
episode_019,competitive,balanced,random_equation,53,ep019_vendor_000,DoorDash,True,48.0,26,4.27,80.03,9.04,86.76,3.0,7.99,"[0.4176094551457264, 0.34612676057225666, 0.010441809544356428, 0.1820436215986448, 0.04377835313901582]"
episode_019,competitive,balanced,random_equation,54,ep019_vendor_006,RocketDrop006,False,49.61,32,4.67,84.17,6.78,86.55,1.76,9.38,"[0.1468397392125758, 0.2058151175796856, 0.09515999658994176, 0.26777881836562606, 0.28440632825217077]"
episode_019,competitive,balanced,random_equation,55,ep019_vendor_071,RocketFleet071,False,46.79,34,4.47,86.57,8.43,95.72,1.95,4.19,"[0.38096566872715426, 0.0805767913511616, 0.4227176152961756, 0.04318293828647944, 0.07255698633902917]"
episode_019,competitive,balanced,random_equation,56,ep019_vendor_071,RocketFleet071,False,46.79,34,4.47,86.57,8.43,95.72,1.95,4.19,"[0.23630497598290084, 0.08601814399580313, 0.5574415899143692, 0.11716674142693291, 0.0030685486799938502]"
episode_019,competitive,balanced,random_equation,57,ep019_vendor_063,BlinkDrop063,False,49.63,26,4.77,85.32,7.34,88.75,3.71,3.05,"[0.09635821754778673, 0.22062470331134054, 0.16487425400600145, 0.48558134038727563, 0.032561484747595584]"
episode_019,competitive,balanced,random_equation,58,ep019_vendor_071,RocketFleet071,False,46.79,34,4.47,86.57,8.43,95.72,1.95,4.19,"[0.43498089816724744, 0.058387362473796556, 0.1245756330171271, 0.07845369574738754, 0.30360241059444126]"
episode_019,competitive,balanced,random_equation,59,ep019_vendor_012,PrimeNow012,False,49.93,31,4.86,86.79,5.48,87.21,2.78,4.95,"[0.22530044368838292, 0.10500552200223903, 0.06019295124390984, 0.4899059719617328, 0.11959511110373543]"
episode_019,competitive,balanced,random_equation,60,ep019_vendor_071,RocketFleet071,False,46.79,34,4.47,86.57,8.43,95.72,1.95,4.19,"[0.24746433141188573, 0.1452060239942234, 0.3176230674017354, 0.1637685017651365, 0.125938075427019]"
episode_019,competitive,balanced,random_equation,61,ep019_vendor_071,RocketFleet071,False,46.79,34,4.47,86.57,8.43,95.72,1.95,4.19,"[0.18564981976425957, 0.15215939803789383, 0.2623882720304875, 0.010281825575356096, 0.3895206845920032]"
episode_019,competitive,balanced,random_equation,62,ep019_vendor_063,BlinkDrop063,False,49.63,26,4.77,85.32,7.34,88.75,3.71,3.05,"[0.053832434093376326, 0.2332385732059397, 0.175758786484349, 0.4782696799102243, 0.0589005263061107]"
episode_019,competitive,balanced,random_equation,63,ep019_vendor_057,QuickCart057,False,51.31,25,4.31,81.12,8.25,86.94,2.71,13.08,"[0.03349542030530053, 0.7477151675304117, 0.1587480264607911, 0.0009858075507472588, 0.05905557815274927]"
episode_019,competitive,balanced,random_equation,64,ep019_vendor_022,BlinkDrop022,False,50.83,29,4.69,86.94,6.2,90.35,2.55,4.79,"[0.12080445320567004, 0.28295734778759135, 0.18279336718286748, 0.050307738394573566, 0.3631370934292976]"
episode_019,competitive,balanced,random_equation,65,ep019_vendor_012,PrimeNow012,False,49.93,31,4.86,86.79,5.48,87.21,2.78,4.95,"[0.03656617473387939, 0.09681613515462309, 0.6008134774330113, 0.2109339834348869, 0.0548702292435994]"
episode_019,competitive,balanced,random_equation,66,ep019_vendor_006,RocketDrop006,False,49.61,32,4.67,84.17,6.78,86.55,1.76,9.38,"[0.06515594985273698, 0.257658533185102, 0.07102498300582398, 0.11200025302408824, 0.49416028093224856]"
episode_019,competitive,balanced,random_equation,67,ep019_vendor_071,RocketFleet071,False,46.79,34,4.47,86.57,8.43,95.72,1.95,4.19,"[0.4589148003871536, 0.017382591323415075, 0.06899915322959844, 0.07864162895787521, 0.3760618261019576]"
episode_019,competitive,balanced,random_equation,68,ep019_vendor_012,PrimeNow012,False,49.93,31,4.86,86.79,5.48,87.21,2.78,4.95,"[0.3576760432356021, 0.011159675464814408, 0.09692740766020423, 0.45576563683516136, 0.0784712368042179]"
episode_019,competitive,balanced,random_equation,69,ep019_vendor_071,RocketFleet071,False,46.79,34,4.47,86.57,8.43,95.72,1.95,4.19,"[0.1546562731082045, 0.1219219489993309, 0.6451693187133604, 0.027509806117241367, 0.05074265306186288]"
episode_019,competitive,balanced,random_equation,70,ep019_vendor_071,RocketFleet071,False,46.79,34,4.47,86.57,8.43,95.72,1.95,4.19,"[0.1850087715479996, 0.17468022718560425, 0.20465242056832897, 0.12313834912025094, 0.31252023157781633]"
episode_019,competitive,balanced,random_equation,71,ep019_vendor_022,BlinkDrop022,False,50.83,29,4.69,86.94,6.2,90.35,2.55,4.79,"[0.08876053909303565, 0.22788314710523747, 0.2460714725301561, 0.16952123692066043, 0.26776360435091034]"
episode_019,competitive,balanced,random_equation,72,ep019_vendor_071,RocketFleet071,False,46.79,34,4.47,86.57,8.43,95.72,1.95,4.19,"[0.609468636987318, 0.09224484155382182, 0.00882324235727213, 0.12553445850342682, 0.16392882059816133]"
episode_019,competitive,balanced,random_equation,73,ep019_vendor_063,BlinkDrop063,False,49.63,26,4.77,85.32,7.34,88.75,3.71,3.05,"[0.24271328563280034, 0.23652279666780793, 0.08072116673534724, 0.3247624256158475, 0.11528032534819695]"
episode_019,competitive,balanced,random_equation,74,ep019_vendor_012,PrimeNow012,False,49.93,31,4.86,86.79,5.48,87.21,2.78,4.95,"[0.2796161328823705, 0.034231541304938905, 0.07130292968467429, 0.6023359831858557, 0.012513412942160669]"
episode_019,competitive,balanced,random_equation,75,ep019_vendor_071,RocketFleet071,False,46.79,34,4.47,86.57,8.43,95.72,1.95,4.19,"[0.3640679924204226, 0.18820215714629676, 0.139682016952124, 0.15468010243236388, 0.15336773104879275]"
episode_019,competitive,balanced,random_equation,76,ep019_vendor_012,PrimeNow012,False,49.93,31,4.86,86.79,5.48,87.21,2.78,4.95,"[0.07683363428737752, 0.10869972198756005, 0.27880010189851034, 0.33561673462452574, 0.20004980720202642]"
episode_019,competitive,balanced,random_equation,77,ep019_vendor_012,PrimeNow012,False,49.93,31,4.86,86.79,5.48,87.21,2.78,4.95,"[0.013303102469120552, 0.08689622041334695, 0.5520355667489123, 0.2817638268132016, 0.06600128355541866]"
episode_019,competitive,balanced,random_equation,78,ep019_vendor_071,RocketFleet071,False,46.79,34,4.47,86.57,8.43,95.72,1.95,4.19,"[0.4266995193273851, 0.03515559391389679, 0.24046270262226044, 0.2542736131346046, 0.04340857100185318]"
episode_019,competitive,balanced,random_equation,79,ep019_vendor_063,BlinkDrop063,False,49.63,26,4.77,85.32,7.34,88.75,3.71,3.05,"[0.267776539964114, 0.3312476377784542, 0.2760222296300718, 0.10121409063314699, 0.023739501994213028]"
episode_019,competitive,balanced,random_equation,80,ep019_vendor_022,BlinkDrop022,False,50.83,29,4.69,86.94,6.2,90.35,2.55,4.79,"[0.12370264519674312, 0.20321441364374465, 0.5404351489578195, 0.019782589472551394, 0.11286520272914125]"
episode_019,competitive,balanced,random_equation,81,ep019_vendor_071,RocketFleet071,False,46.79,34,4.47,86.57,8.43,95.72,1.95,4.19,"[0.28826024891749535, 0.12927249324470264, 0.13843659597688301, 0.06283802177826282, 0.38119264008265624]"
episode_019,competitive,balanced,random_equation,82,ep019_vendor_006,RocketDrop006,False,49.61,32,4.67,84.17,6.78,86.55,1.76,9.38,"[0.022231226797597394, 0.204146157344358, 0.2586185035877093, 0.08021747491877378, 0.4347866373515615]"
episode_019,competitive,balanced,random_equation,83,ep019_vendor_071,RocketFleet071,False,46.79,34,4.47,86.57,8.43,95.72,1.95,4.19,"[0.5387041181498124, 0.017720774623558436, 0.13151644135888402, 0.009310865537447758, 0.30274780033029736]"
episode_019,competitive,balanced,random_equation,84,ep019_vendor_063,BlinkDrop063,False,49.63,26,4.77,85.32,7.34,88.75,3.71,3.05,"[0.144343170485572, 0.45816925037496503, 0.24420621870457945, 0.1071470276820511, 0.046134332752832435]"
episode_019,competitive,balanced,random_equation,85,ep019_vendor_071,RocketFleet071,False,46.79,34,4.47,86.57,8.43,95.72,1.95,4.19,"[0.572280986185605, 0.009360008286044127, 0.11493840720533353, 0.22487381785467156, 0.07854678046834586]"
episode_019,competitive,balanced,random_equation,86,ep019_vendor_071,RocketFleet071,False,46.79,34,4.47,86.57,8.43,95.72,1.95,4.19,"[0.4079249068986383, 0.000163049821192397, 0.1901098816482704, 0.3767110453296631, 0.02509111630223574]"
episode_019,competitive,balanced,random_equation,87,ep019_vendor_063,BlinkDrop063,False,49.63,26,4.77,85.32,7.34,88.75,3.71,3.05,"[0.24738332211568884, 0.23711882932346284, 0.1904193505850899, 0.24483973668463083, 0.08023876129112768]"
episode_019,competitive,balanced,random_equation,88,ep019_vendor_071,RocketFleet071,False,46.79,34,4.47,86.57,8.43,95.72,1.95,4.19,"[0.5085907427090937, 0.06140560851867216, 0.08829078332111807, 0.3367741881198632, 0.004938677331252968]"
episode_019,competitive,balanced,random_equation,89,ep019_vendor_063,BlinkDrop063,False,49.63,26,4.77,85.32,7.34,88.75,3.71,3.05,"[0.18938093249956744, 0.3359417081982892, 0.2644419868043729, 0.054812942471433757, 0.15542243002633668]"
episode_019,competitive,balanced,random_equation,90,ep019_vendor_063,BlinkDrop063,False,49.63,26,4.77,85.32,7.34,88.75,3.71,3.05,"[0.2521756327237734, 0.49125322167398294, 0.07499319007112523, 0.09814712318304171, 0.08343083234807659]"
episode_019,competitive,balanced,random_equation,91,ep019_vendor_012,PrimeNow012,False,49.93,31,4.86,86.79,5.48,87.21,2.78,4.95,"[0.03514887524953423, 0.18703107122885573, 0.0875013121081377, 0.5712756686800643, 0.11904307273340793]"
episode_019,competitive,balanced,random_equation,92,ep019_vendor_071,RocketFleet071,False,46.79,34,4.47,86.57,8.43,95.72,1.95,4.19,"[0.3757376695375639, 0.08156702049272135, 0.1460643554594819, 0.20958507297541112, 0.18704588153482174]"
episode_019,competitive,balanced,random_equation,93,ep019_vendor_006,RocketDrop006,False,49.61,32,4.67,84.17,6.78,86.55,1.76,9.38,"[0.03172569137679183, 0.2372975360548759, 0.1665410939392504, 0.14064914975409087, 0.4237865288749911]"
episode_019,competitive,balanced,random_equation,94,ep019_vendor_071,RocketFleet071,False,46.79,34,4.47,86.57,8.43,95.72,1.95,4.19,"[0.3771064627551871, 0.10666472961556929, 0.05260690797607466, 0.17794226117076695, 0.285679638482402]"
episode_019,competitive,balanced,random_equation,95,ep019_vendor_038,GoNow038,False,48.99,38,4.6,87.62,7.55,94.85,1.63,8.04,"[0.09707374685443303, 0.011809476771250927, 0.10523798075891416, 0.01813665714429453, 0.7677421384711073]"
episode_019,competitive,balanced,random_equation,96,ep019_vendor_000,DoorDash,True,48.0,26,4.27,80.03,9.04,86.76,3.0,7.99,"[0.2699790473271165, 0.4020935715455399, 0.15547840884940903, 0.01921639168423528, 0.15323258059369935]"
episode_019,competitive,balanced,random_equation,97,ep019_vendor_038,GoNow038,False,48.99,38,4.6,87.62,7.55,94.85,1.63,8.04,"[0.03032700264233652, 0.08407147424100817, 0.19178757637932142, 0.2590703847571832, 0.4347435619801507]"
episode_019,competitive,balanced,random_equation,98,ep019_vendor_063,BlinkDrop063,False,49.63,26,4.77,85.32,7.34,88.75,3.71,3.05,"[0.22273029314386694, 0.5153207408818105, 0.10770230329252765, 0.15413220951526027, 0.00011445316653460242]"
episode_019,competitive,balanced,random_equation,99,ep019_vendor_063,BlinkDrop063,False,49.63,26,4.77,85.32,7.34,88.75,3.71,3.05,"[0.1451843963007598, 0.5146786314988142, 0.14283189487851972, 0.1821674056278149, 0.015137671694091305]"
episode_020,competitive,fast,price_first,,ep020_vendor_071,SwiftRunner071,False,46.61,29,3.96,78.49,5.82,80.93,1.54,3.49,
episode_020,competitive,fast,eta_first,,ep020_vendor_048,BlinkLane048,False,49.49,23,4.78,87.47,7.31,92.51,3.14,3.94,
episode_020,competitive,fast,rating_first,,ep020_vendor_041,BlinkHub041,False,53.19,36,4.9,90.04,5.63,93.04,5.33,12.54,
episode_020,competitive,fast,reliability_first,,ep020_vendor_060,GoExpress060,False,54.34,31,4.86,91.36,5.46,95.49,6.13,13.02,
episode_020,competitive,fast,balanced_equation,,ep020_vendor_048,BlinkLane048,False,49.49,23,4.78,87.47,7.31,92.51,3.14,3.94,
episode_020,competitive,fast,random_equation,0,ep020_vendor_071,SwiftRunner071,False,46.61,29,3.96,78.49,5.82,80.93,1.54,3.49,"[0.24247932629359104, 0.13016679969048905, 0.07306776927074023, 0.02767260782387465, 0.5266134969213049]"
episode_020,competitive,fast,random_equation,1,ep020_vendor_071,SwiftRunner071,False,46.61,29,3.96,78.49,5.82,80.93,1.54,3.49,"[0.2171460514035526, 0.04450270959936398, 0.2582047789982418, 0.02730835101182006, 0.4528381089870216]"
episode_020,competitive,fast,random_equation,2,ep020_vendor_048,BlinkLane048,False,49.49,23,4.78,87.47,7.31,92.51,3.14,3.94,"[0.11075369774194894, 0.249621389855815, 0.4459969087680221, 0.19184089442475183, 0.0017871092094621684]"
episode_020,competitive,fast,random_equation,3,ep020_vendor_081,NoshNow081,False,50.18,39,4.86,85.12,6.46,85.97,1.52,13.62,"[0.2491633882338239, 0.0020399000892623153, 0.07079811905074758, 0.4245970979977857, 0.2534014946283804]"
episode_020,competitive,fast,random_equation,4,ep020_vendor_029,QuickNow029,False,48.4,26,4.88,85.81,6.54,87.19,2.69,5.01,"[0.4383698750038629, 0.021132659441971256, 0.0611414695564709, 0.2390476637743736, 0.2403083322233213]"
episode_020,competitive,fast,random_equation,5,ep020_vendor_048,BlinkLane048,False,49.49,23,4.78,87.47,7.31,92.51,3.14,3.94,"[0.2325921512529982, 0.232361219735486, 0.3911879226466997, 0.03331988800833218, 0.1105388183564839]"
episode_020,competitive,fast,random_equation,6,ep020_vendor_000,DoorDash,True,49.27,27,4.83,86.15,6.55,88.28,2.2,4.98,"[0.0601733356822161, 0.1010953969449079, 0.007967108225776644, 0.5482902641993328, 0.2824738949477666]"
episode_020,competitive,fast,random_equation,7,ep020_vendor_048,BlinkLane048,False,49.49,23,4.78,87.47,7.31,92.51,3.14,3.94,"[0.028338298351799938, 0.3085798726542948, 0.24827630957912986, 0.14429011517913637, 0.270515404235639]"
episode_020,competitive,fast,random_equation,8,ep020_vendor_071,SwiftRunner071,False,46.61,29,3.96,78.49,5.82,80.93,1.54,3.49,"[0.2837209112246876, 0.13518610070579917, 0.23432811112221436, 0.019597819471888978, 0.32716705747540986]"
episode_020,competitive,fast,random_equation,9,ep020_vendor_000,DoorDash,True,49.27,27,4.83,86.15,6.55,88.28,2.2,4.98,"[0.24397856634898774, 0.028383860750776285, 0.4072949191457606, 0.039508961931104494, 0.28083369182337087]"
episode_020,competitive,fast,random_equation,10,ep020_vendor_060,GoExpress060,False,54.34,31,4.86,91.36,5.46,95.49,6.13,13.02,"[0.07512216144527392, 0.03436322961206318, 0.5313087509459671, 0.2820223402875824, 0.07718351770911344]"
episode_020,competitive,fast,random_equation,11,ep020_vendor_029,QuickNow029,False,48.4,26,4.88,85.81,6.54,87.19,2.69,5.01,"[0.30701637888768185, 0.09181945173227296, 0.161066353286568, 0.3719999741280351, 0.06809784196544197]"
episode_020,competitive,fast,random_equation,12,ep020_vendor_029,QuickNow029,False,48.4,26,4.88,85.81,6.54,87.19,2.69,5.01,"[0.4742031116011187, 0.1685855109319606, 0.07127280278431808, 0.20960855281335047, 0.07633002186925213]"
episode_020,competitive,fast,random_equation,13,ep020_vendor_048,BlinkLane048,False,49.49,23,4.78,87.47,7.31,92.51,3.14,3.94,"[0.1043582179162387, 0.5308963627389685, 0.16904539791654744, 0.01650265203488976, 0.17919736939335562]"
episode_020,competitive,fast,random_equation,14,ep020_vendor_048,BlinkLane048,False,49.49,23,4.78,87.47,7.31,92.51,3.14,3.94,"[0.05800971005238662, 0.3577386524229126, 0.054527688964802, 0.21943555747026103, 0.31028839108963785]"
episode_020,competitive,fast,random_equation,15,ep020_vendor_029,QuickNow029,False,48.4,26,4.88,85.81,6.54,87.19,2.69,5.01,"[0.5619507926722797, 0.04189570874179172, 0.01953167491130743, 0.23189953205447136, 0.1447222916201498]"
episode_020,competitive,fast,random_equation,16,ep020_vendor_048,BlinkLane048,False,49.49,23,4.78,87.47,7.31,92.51,3.14,3.94,"[0.061605666217474125, 0.21722392482916741, 0.11871137201226432, 0.5744310422508353, 0.028027994690258864]"
episode_020,competitive,fast,random_equation,17,ep020_vendor_048,BlinkLane048,False,49.49,23,4.78,87.47,7.31,92.51,3.14,3.94,"[0.23628048096254328, 0.4974797958431642, 0.07182366697255908, 0.1680647263276066, 0.02635132989412684]"
episode_020,competitive,fast,random_equation,18,ep020_vendor_000,DoorDash,True,49.27,27,4.83,86.15,6.55,88.28,2.2,4.98,"[0.055574184027418726, 0.02346475521057708, 0.5377576428175929, 0.12990652428459826, 0.253296893659813]"
episode_020,competitive,fast,random_equation,19,ep020_vendor_000,DoorDash,True,49.27,27,4.83,86.15,6.55,88.28,2.2,4.98,"[0.04621446969787721, 0.15887756948913484, 0.2163293296467588, 0.18011244268230098, 0.3984661884839282]"
episode_020,competitive,fast,random_equation,20,ep020_vendor_048,BlinkLane048,False,49.49,23,4.78,87.47,7.31,92.51,3.14,3.94,"[0.3161321080972204, 0.054512695289022216, 0.5155128096452718, 0.07610368025485797, 0.03773870671362759]"
episode_020,competitive,fast,random_equation,21,ep020_vendor_081,NoshNow081,False,50.18,39,4.86,85.12,6.46,85.97,1.52,13.62,"[0.0871429410380045, 7.487446720965814e-05, 0.4147651918203215, 0.13974392883610612, 0.3582730638383583]"
episode_020,competitive,fast,random_equation,22,ep020_vendor_048,BlinkLane048,False,49.49,23,4.78,87.47,7.31,92.51,3.14,3.94,"[0.10207881597568128, 0.3750882665318862, 0.45112177707040096, 0.025809211193976125, 0.04590192922805541]"
episode_020,competitive,fast,random_equation,23,ep020_vendor_029,QuickNow029,False,48.4,26,4.88,85.81,6.54,87.19,2.69,5.01,"[0.5023434455383124, 0.22533694448406058, 0.1519325913343945, 0.08092883903032638, 0.03945817961290609]"
episode_020,competitive,fast,random_equation,24,ep020_vendor_000,DoorDash,True,49.27,27,4.83,86.15,6.55,88.28,2.2,4.98,"[0.10780907295196727, 0.18398911951434252, 0.047098051196615, 0.21960317245246613, 0.44150058388460905]"
episode_020,competitive,fast,random_equation,25,ep020_vendor_071,SwiftRunner071,False,46.61,29,3.96,78.49,5.82,80.93,1.54,3.49,"[0.3582934920623991, 0.09104467243268179, 0.04456612026238257, 0.09363735833967414, 0.41245835690286237]"
episode_020,competitive,fast,random_equation,26,ep020_vendor_071,SwiftRunner071,False,46.61,29,3.96,78.49,5.82,80.93,1.54,3.49,"[0.3921407145911305, 0.15146476144545917, 0.11386262391250712, 0.0429939393661382, 0.299537960684765]"
episode_020,competitive,fast,random_equation,27,ep020_vendor_048,BlinkLane048,False,49.49,23,4.78,87.47,7.31,92.51,3.14,3.94,"[0.05220893602424854, 0.4212498765188657, 0.19761386097160313, 0.21001154889456394, 0.11891577759071871]"
episode_020,competitive,fast,random_equation,28,ep020_vendor_029,QuickNow029,False,48.4,26,4.88,85.81,6.54,87.19,2.69,5.01,"[0.5232651079511222, 0.05133018963486582, 0.07932595414602032, 0.34003664649061444, 0.006042101777377082]"
episode_020,competitive,fast,random_equation,29,ep020_vendor_071,SwiftRunner071,False,46.61,29,3.96,78.49,5.82,80.93,1.54,3.49,"[0.6342755028210156, 0.03134067101669934, 0.01682766994179155, 0.12419991738160556, 0.1933562388388879]"
episode_020,competitive,fast,random_equation,30,ep020_vendor_048,BlinkLane048,False,49.49,23,4.78,87.47,7.31,92.51,3.14,3.94,"[0.07465536049950945, 0.4111241684081747, 0.07194941153776983, 0.3894802151571125, 0.05279084439743347]"
episode_020,competitive,fast,random_equation,31,ep020_vendor_029,QuickNow029,False,48.4,26,4.88,85.81,6.54,87.19,2.69,5.01,"[0.18742026413387908, 0.011738613244614506, 0.0010201486571506677, 0.6822277758083343, 0.11759319815602151]"
episode_020,competitive,fast,random_equation,32,ep020_vendor_029,QuickNow029,False,48.4,26,4.88,85.81,6.54,87.19,2.69,5.01,"[0.2276746872615219, 0.05558072680196347, 0.31051358084732356, 0.3266047935155808, 0.0796262115736101]"
episode_020,competitive,fast,random_equation,33,ep020_vendor_048,BlinkLane048,False,49.49,23,4.78,87.47,7.31,92.51,3.14,3.94,"[0.2928784522741845, 0.33420402681583805, 0.15141782506787926, 0.20779467130865834, 0.013705024533439657]"
episode_020,competitive,fast,random_equation,34,ep020_vendor_029,QuickNow029,False,48.4,26,4.88,85.81,6.54,87.19,2.69,5.01,"[0.46943968436658645, 0.026881818117224857, 0.39232106649754983, 0.046662707747443154, 0.06469472327119581]"
episode_020,competitive,fast,random_equation,35,ep020_vendor_048,BlinkLane048,False,49.49,23,4.78,87.47,7.31,92.51,3.14,3.94,"[0.024093857566749064, 0.15165786219419897, 0.5580135063152846, 0.19609823980021, 0.07013653412355748]"
episode_020,competitive,fast,random_equation,36,ep020_vendor_071,SwiftRunner071,False,46.61,29,3.96,78.49,5.82,80.93,1.54,3.49,"[0.48462836706170526, 0.1909415618781814, 0.012648690338932997, 0.027204275022677808, 0.2845771056985026]"
episode_020,competitive,fast,random_equation,37,ep020_vendor_029,QuickNow029,False,48.4,26,4.88,85.81,6.54,87.19,2.69,5.01,"[0.23419069040222115, 0.2422479810361103, 0.053814944422497485, 0.30982641121281485, 0.15991997292635626]"
episode_020,competitive,fast,random_equation,38,ep020_vendor_071,SwiftRunner071,False,46.61,29,3.96,78.49,5.82,80.93,1.54,3.49,"[0.6456226406037876, 0.08767524737618802, 0.014977040902296665, 0.048254732347582444, 0.20347033877014525]"
episode_020,competitive,fast,random_equation,39,ep020_vendor_000,DoorDash,True,49.27,27,4.83,86.15,6.55,88.28,2.2,4.98,"[0.11595739195551576, 0.09851419325197698, 0.2866894875646879, 0.25150804308968766, 0.24733088413813178]"
episode_020,competitive,fast,random_equation,40,ep020_vendor_029,QuickNow029,False,48.4,26,4.88,85.81,6.54,87.19,2.69,5.01,"[0.3879352091940215, 0.07734982251359608, 0.11581588794936566, 0.3995761712312638, 0.019322909111752957]"
episode_020,competitive,fast,random_equation,41,ep020_vendor_048,BlinkLane048,False,49.49,23,4.78,87.47,7.31,92.51,3.14,3.94,"[0.06677956721326993, 0.15360969579666794, 0.5786444814709689, 0.13898479250128307, 0.06198146301781003]"
episode_020,competitive,fast,random_equation,42,ep020_vendor_071,SwiftRunner071,False,46.61,29,3.96,78.49,5.82,80.93,1.54,3.49,"[0.4716536462884065, 0.07311339433055691, 0.1416061769374535, 0.04282016435828952, 0.2708066180852936]"
episode_020,competitive,fast,random_equation,43,ep020_vendor_048,BlinkLane048,False,49.49,23,4.78,87.47,7.31,92.51,3.14,3.94,"[0.2734867442424299, 0.21243151457078663, 0.23782414397788984, 0.2015078610804319, 0.0747497361284618]"
episode_020,competitive,fast,random_equation,44,ep020_vendor_048,BlinkLane048,False,49.49,23,4.78,87.47,7.31,92.51,3.14,3.94,"[0.13410153312941156, 0.5433158529558573, 0.08283379815000073, 0.01590136945278264, 0.22384744631194792]"
episode_020,competitive,fast,random_equation,45,ep020_vendor_048,BlinkLane048,False,49.49,23,4.78,87.47,7.31,92.51,3.14,3.94,"[0.23687709500509024, 0.49557018251415025, 0.053429787724874216, 0.10627694250033215, 0.10784599225555314]"
episode_020,competitive,fast,random_equation,46,ep020_vendor_071,SwiftRunner071,False,46.61,29,3.96,78.49,5.82,80.93,1.54,3.49,"[0.2957678971741023, 0.00704125735274447, 0.24979700783950343, 0.009601031287749378, 0.4377928063459003]"
episode_020,competitive,fast,random_equation,47,ep020_vendor_029,QuickNow029,False,48.4,26,4.88,85.81,6.54,87.19,2.69,5.01,"[0.4439608857110786, 0.10652872607151925, 0.045447976004227154, 0.31591853999705144, 0.08814387221612359]"
episode_020,competitive,fast,random_equation,48,ep020_vendor_048,BlinkLane048,False,49.49,23,4.78,87.47,7.31,92.51,3.14,3.94,"[0.16905113279733933, 0.5341297379938277, 0.05875151427651993, 0.09381018199791279, 0.1442574329344003]"
episode_020,competitive,fast,random_equation,49,ep020_vendor_048,BlinkLane048,False,49.49,23,4.78,87.47,7.31,92.51,3.14,3.94,"[0.2381265512064567, 0.25718779307423917, 0.23117569388252324, 0.20125758890214673, 0.07225237293463412]"
episode_020,competitive,fast,random_equation,50,ep020_vendor_048,BlinkLane048,False,49.49,23,4.78,87.47,7.31,92.51,3.14,3.94,"[0.024816396740305096, 0.3737892969248226, 0.06153971973765154, 0.2050850201201625, 0.33476956647705836]"
episode_020,competitive,fast,random_equation,51,ep020_vendor_029,QuickNow029,False,48.4,26,4.88,85.81,6.54,87.19,2.69,5.01,"[0.02691453027065045, 0.24971845491819644, 0.053346850046717714, 0.482013754521818, 0.1880064102426174]"
episode_020,competitive,fast,random_equation,52,ep020_vendor_071,SwiftRunner071,False,46.61,29,3.96,78.49,5.82,80.93,1.54,3.49,"[0.6887953559304592, 0.012195288865600454, 0.24438255865979636, 0.004128538572005714, 0.0504982579721384]"
episode_020,competitive,fast,random_equation,53,ep020_vendor_029,QuickNow029,False,48.4,26,4.88,85.81,6.54,87.19,2.69,5.01,"[0.3709692871792551, 0.06156904489599377, 0.0901653576354751, 0.2888908474231344, 0.18840546286614163]"
episode_020,competitive,fast,random_equation,54,ep020_vendor_000,DoorDash,True,49.27,27,4.83,86.15,6.55,88.28,2.2,4.98,"[0.16705420737909127, 0.11005340533062236, 0.1576798958404253, 0.20415791598872446, 0.3610545754611366]"
episode_020,competitive,fast,random_equation,55,ep020_vendor_048,BlinkLane048,False,49.49,23,4.78,87.47,7.31,92.51,3.14,3.94,"[0.29419698565992874, 0.1799150838141554, 0.3389766351582268, 0.11870268369775258, 0.06820861166993666]"
episode_020,competitive,fast,random_equation,56,ep020_vendor_048,BlinkLane048,False,49.49,23,4.78,87.47,7.31,92.51,3.14,3.94,"[0.16701748463136334, 0.058496244322624034, 0.6938387069755436, 0.03938460186101957, 0.04126296220944948]"
episode_020,competitive,fast,random_equation,57,ep020_vendor_048,BlinkLane048,False,49.49,23,4.78,87.47,7.31,92.51,3.14,3.94,"[0.15797390020464003, 0.3180354143410295, 0.21337030326370776, 0.08406671707381666, 0.22655366511680597]"
episode_020,competitive,fast,random_equation,58,ep020_vendor_048,BlinkLane048,False,49.49,23,4.78,87.47,7.31,92.51,3.14,3.94,"[0.11669147211557195, 0.3769978892010467, 0.18555438904535382, 0.13450195612363958, 0.18625429351438794]"
episode_020,competitive,fast,random_equation,59,ep020_vendor_017,RocketMeals017,False,49.28,26,4.01,82.45,7.6,90.9,1.71,8.83,"[0.10335120857163725, 0.327748861862164, 0.03971562871881323, 0.003388547331057479, 0.525795753516328]"
episode_020,competitive,fast,random_equation,60,ep020_vendor_081,NoshNow081,False,50.18,39,4.86,85.12,6.46,85.97,1.52,13.62,"[0.1666630972697182, 0.03494592311210805, 0.06730158476009265, 0.3236641093316142, 0.4074252855264669]"
episode_020,competitive,fast,random_equation,61,ep020_vendor_048,BlinkLane048,False,49.49,23,4.78,87.47,7.31,92.51,3.14,3.94,"[0.21722068755361096, 0.31658656829529125, 0.307113704398297, 0.13810590934401845, 0.020973130408782313]"
episode_020,competitive,fast,random_equation,62,ep020_vendor_048,BlinkLane048,False,49.49,23,4.78,87.47,7.31,92.51,3.14,3.94,"[0.047231224164955975, 0.28961885080778066, 0.07972274966913119, 0.2925181618137106, 0.29090901354442156]"
episode_020,competitive,fast,random_equation,63,ep020_vendor_048,BlinkLane048,False,49.49,23,4.78,87.47,7.31,92.51,3.14,3.94,"[0.33466775627963247, 0.10343262303898079, 0.42317591421648915, 0.08135266813258929, 0.05737103833230838]"
episode_020,competitive,fast,random_equation,64,ep020_vendor_048,BlinkLane048,False,49.49,23,4.78,87.47,7.31,92.51,3.14,3.94,"[0.31609006953694035, 0.47607941509549473, 0.16252782473726102, 0.029637291717805, 0.015665398912499004]"
episode_020,competitive,fast,random_equation,65,ep020_vendor_071,SwiftRunner071,False,46.61,29,3.96,78.49,5.82,80.93,1.54,3.49,"[0.5792700627050086, 0.0633010923965492, 0.049010722812045715, 0.14039059192287873, 0.16802753016351785]"
episode_020,competitive,fast,random_equation,66,ep020_vendor_081,NoshNow081,False,50.18,39,4.86,85.12,6.46,85.97,1.52,13.62,"[0.07894834737972502, 0.03183055535791981, 0.09170101872991944, 0.596345639530663, 0.20117443900177265]"
episode_020,competitive,fast,random_equation,67,ep020_vendor_000,DoorDash,True,49.27,27,4.83,86.15,6.55,88.28,2.2,4.98,"[0.12960303950318477, 0.1486427505659334, 0.31913513830179746, 0.10114634486553674, 0.3014727267635476]"
episode_020,competitive,fast,random_equation,68,ep020_vendor_081,NoshNow081,False,50.18,39,4.86,85.12,6.46,85.97,1.52,13.62,"[0.09166221826564637, 0.006562736148134647, 0.4028188377935119, 0.23473059079445138, 0.26422561699825575]"
episode_020,competitive,fast,random_equation,69,ep020_vendor_000,DoorDash,True,49.27,27,4.83,86.15,6.55,88.28,2.2,4.98,"[0.14882623526731742, 0.10159099790485483, 0.25603208271840316, 0.03972978055808247, 0.453820903551342]"
episode_020,competitive,fast,random_equation,70,ep020_vendor_048,BlinkLane048,False,49.49,23,4.78,87.47,7.31,92.51,3.14,3.94,"[0.24171532769694942, 0.14720957519378897, 0.42507811362439446, 0.18337538730223732, 0.0026215961826296977]"
episode_020,competitive,fast,random_equation,71,ep020_vendor_029,QuickNow029,False,48.4,26,4.88,85.81,6.54,87.19,2.69,5.01,"[0.2731302568529118, 0.22868214004414725, 0.05752747236968849, 0.3629289015559166, 0.07773122917733584]"
episode_020,competitive,fast,random_equation,72,ep020_vendor_048,BlinkLane048,False,49.49,23,4.78,87.47,7.31,92.51,3.14,3.94,"[0.16481088615187028, 0.41899403216859893, 0.004465291457065152, 0.15136249669370996, 0.2603672935287557]"
episode_020,competitive,fast,random_equation,73,ep020_vendor_029,QuickNow029,False,48.4,26,4.88,85.81,6.54,87.19,2.69,5.01,"[0.1867028396103841, 0.0558095592505481, 0.11745205919628646, 0.4305044345658066, 0.20953110737697472]"
episode_020,competitive,fast,random_equation,74,ep020_vendor_029,QuickNow029,False,48.4,26,4.88,85.81,6.54,87.19,2.69,5.01,"[0.3079387650898216, 0.14411160247235288, 0.12888742044628648, 0.37502132420803813, 0.044040887783501]"
episode_020,competitive,fast,random_equation,75,ep020_vendor_048,BlinkLane048,False,49.49,23,4.78,87.47,7.31,92.51,3.14,3.94,"[0.16794784025441756, 0.16155843269808262, 0.572453746799967, 0.08457788674805092, 0.013462093499482014]"
episode_020,competitive,fast,random_equation,76,ep020_vendor_029,QuickNow029,False,48.4,26,4.88,85.81,6.54,87.19,2.69,5.01,"[0.4726847881613172, 0.19091096926540074, 0.05650875221494341, 0.2016183225249038, 0.07827716783343493]"
episode_020,competitive,fast,random_equation,77,ep020_vendor_000,DoorDash,True,49.27,27,4.83,86.15,6.55,88.28,2.2,4.98,"[0.08329500259587039, 0.06918377359016636, 0.249486979015115, 0.2587788827090559, 0.3392553620897923]"
episode_020,competitive,fast,random_equation,78,ep020_vendor_029,QuickNow029,False,48.4,26,4.88,85.81,6.54,87.19,2.69,5.01,"[0.10593361152762726, 0.19939621545731356, 0.03695284462627618, 0.5548865462922373, 0.10283078209654575]"
episode_020,competitive,fast,random_equation,79,ep020_vendor_029,QuickNow029,False,48.4,26,4.88,85.81,6.54,87.19,2.69,5.01,"[0.3318502731595518, 0.22825990655881076, 0.03602687265747754, 0.37404560014005334, 0.029817347484106697]"
episode_020,competitive,fast,random_equation,80,ep020_vendor_029,QuickNow029,False,48.4,26,4.88,85.81,6.54,87.19,2.69,5.01,"[0.43074976798190473, 0.01168288406132127, 0.14432864030588421, 0.2625150090617707, 0.15072369858911908]"
episode_020,competitive,fast,random_equation,81,ep020_vendor_048,BlinkLane048,False,49.49,23,4.78,87.47,7.31,92.51,3.14,3.94,"[0.23032008842117854, 0.14860234300061043, 0.42143785403351963, 0.13780011989353272, 0.06183959465115879]"
episode_020,competitive,fast,random_equation,82,ep020_vendor_071,SwiftRunner071,False,46.61,29,3.96,78.49,5.82,80.93,1.54,3.49,"[0.1782959523193432, 0.08225548493604797, 0.010091212844618343, 0.16940230505451975, 0.5599550448454708]"
episode_020,competitive,fast,random_equation,83,ep020_vendor_071,SwiftRunner071,False,46.61,29,3.96,78.49,5.82,80.93,1.54,3.49,"[0.3664883473458535, 0.06405533966889282, 0.2770127322645892, 0.012577153010307705, 0.27986642771035675]"
episode_020,competitive,fast,random_equation,84,ep020_vendor_048,BlinkLane048,False,49.49,23,4.78,87.47,7.31,92.51,3.14,3.94,"[0.18288247136812733, 0.37642597711955583, 0.0014445258403038392, 0.21590450399384267, 0.22334252167817037]"
episode_020,competitive,fast,random_equation,85,ep020_vendor_048,BlinkLane048,False,49.49,23,4.78,87.47,7.31,92.51,3.14,3.94,"[0.2150402832740141, 0.29129478313954726, 0.16019118034926771, 0.3113466467553003, 0.022127106481870575]"
episode_020,competitive,fast,random_equation,86,ep020_vendor_000,DoorDash,True,49.27,27,4.83,86.15,6.55,88.28,2.2,4.98,"[0.2465549052493866, 0.05456322257422947, 0.44179680196650317, 0.00923257202607769, 0.24785249818380303]"
episode_020,competitive,fast,random_equation,87,ep020_vendor_048,BlinkLane048,False,49.49,23,4.78,87.47,7.31,92.51,3.14,3.94,"[0.028813694970703983, 0.6029349262652187, 0.14293763597291617, 0.19096656308533186, 0.0343471797058292]"
episode_020,competitive,fast,random_equation,88,ep020_vendor_029,QuickNow029,False,48.4,26,4.88,85.81,6.54,87.19,2.69,5.01,"[0.39749102100448036, 0.09337403377727178, 0.38165908567047113, 0.10285325848523409, 0.02462260106254266]"
episode_020,competitive,fast,random_equation,89,ep020_vendor_060,GoExpress060,False,54.34,31,4.86,91.36,5.46,95.49,6.13,13.02,"[0.0018655444802165076, 0.07645809591448846, 0.3370299586483941, 0.5253206104150208, 0.05932579054188035]"
episode_020,competitive,fast,random_equation,90,ep020_vendor_000,DoorDash,True,49.27,27,4.83,86.15,6.55,88.28,2.2,4.98,"[0.07253866805107993, 0.10760383892632418, 0.2433569975623198, 0.2786928817074632, 0.297807613752813]"
episode_020,competitive,fast,random_equation,91,ep020_vendor_048,BlinkLane048,False,49.49,23,4.78,87.47,7.31,92.51,3.14,3.94,"[0.11517969791386576, 0.44297233054609914, 0.3574360738048954, 0.010826758083646871, 0.07358513965149277]"
episode_020,competitive,fast,random_equation,92,ep020_vendor_048,BlinkLane048,False,49.49,23,4.78,87.47,7.31,92.51,3.14,3.94,"[0.02622339546644532, 0.5085733560229218, 0.18235565379075094, 0.06135559196398966, 0.2214920027558922]"
episode_020,competitive,fast,random_equation,93,ep020_vendor_048,BlinkLane048,False,49.49,23,4.78,87.47,7.31,92.51,3.14,3.94,"[0.002299725831198081, 0.42094508981675277, 0.33616292809828036, 0.12427017571285445, 0.11632208054091428]"
episode_020,competitive,fast,random_equation,94,ep020_vendor_048,BlinkLane048,False,49.49,23,4.78,87.47,7.31,92.51,3.14,3.94,"[0.24882601515685188, 0.08363284552565939, 0.5544101892645109, 0.04489709899470129, 0.06823385105827652]"
episode_020,competitive,fast,random_equation,95,ep020_vendor_071,SwiftRunner071,False,46.61,29,3.96,78.49,5.82,80.93,1.54,3.49,"[0.5293081563553637, 0.14578329676454788, 0.131857726387778, 0.06699153009157628, 0.12605929040073433]"
episode_020,competitive,fast,random_equation,96,ep020_vendor_029,QuickNow029,False,48.4,26,4.88,85.81,6.54,87.19,2.69,5.01,"[0.5241008699694975, 0.014209203954549889, 0.1098534160724295, 0.25271924517854244, 0.0991172648249808]"
episode_020,competitive,fast,random_equation,97,ep020_vendor_029,QuickNow029,False,48.4,26,4.88,85.81,6.54,87.19,2.69,5.01,"[0.3808034625955121, 0.018969197655821758, 0.41561702159837466, 0.05937283297261222, 0.1252374851776792]"
episode_020,competitive,fast,random_equation,98,ep020_vendor_029,QuickNow029,False,48.4,26,4.88,85.81,6.54,87.19,2.69,5.01,"[0.46872014609331764, 0.00516015658564425, 0.26472217257725084, 0.178734007273261, 0.08266351747052643]"
episode_020,competitive,fast,random_equation,99,ep020_vendor_061,QuickRunner061,False,51.03,24,4.04,80.74,7.1,86.61,1.9,13.44,"[0.06479377737959281, 0.6001448439555188, 0.011748921569063334, 0.005798492998924623, 0.31751396409690047]"
