episode_id,scenario_type,priority_hint,policy,sample_idx,chosen_vendor_id,chosen_vendor_name,is_doordash_choice,total_cost,eta_min,rating,delivery_fee_usd,service_fee_pct,weights_json
episode_001,dominated,value,price_first,,ep001_vendor_001,NoshNow001,False,18.73,24,4.4,2.15,3.0,
episode_001,dominated,value,eta_first,,ep001_vendor_016,PrimeBite016,False,24.1,15,3.62,2.47,1.2,
episode_001,dominated,value,rating_first,,ep001_vendor_030,RocketCart030,False,24.49,68,4.88,2.2,5.02,
episode_001,dominated,value,balanced_equation,,ep001_vendor_001,NoshNow001,False,18.73,24,4.4,2.15,3.0,
episode_001,dominated,value,random_equation,0,ep001_vendor_001,NoshNow001,False,18.73,24,4.4,2.15,3.0,"[0.34466679083623125, 0.22172666516332434, 0.02216742941822887, 0.4114391145822155]"
episode_001,dominated,value,random_equation,1,ep001_vendor_008,GoNow008,False,23.83,65,4.81,0.99,4.91,"[0.022139225473723406, 0.025419931342172533, 0.738758849282549, 0.2136819939015551]"
episode_001,dominated,value,random_equation,2,ep001_vendor_001,NoshNow001,False,18.73,24,4.4,2.15,3.0,"[0.21136606861971063, 0.36129578893940656, 0.12233557233114502, 0.30500257010973775]"
episode_001,dominated,value,random_equation,3,ep001_vendor_008,GoNow008,False,23.83,65,4.81,0.99,4.91,"[0.17307432949766197, 0.01930805678356439, 0.16538781699068722, 0.6422297967280864]"
episode_001,dominated,value,random_equation,4,ep001_vendor_001,NoshNow001,False,18.73,24,4.4,2.15,3.0,"[0.4768507623510771, 0.18265084221285208, 0.24003684060218478, 0.10046155483388608]"
episode_001,dominated,value,random_equation,5,ep001_vendor_090,BlinkHub090,False,24.89,17,4.71,3.06,4.2,"[0.03452579644014784, 0.5899167682510005, 0.12995766388248448, 0.24559977142636716]"
episode_001,dominated,value,random_equation,6,ep001_vendor_001,NoshNow001,False,18.73,24,4.4,2.15,3.0,"[0.6943307856806424, 0.11897326472878508, 0.016732646805075815, 0.16996330278549657]"
episode_001,dominated,value,random_equation,7,ep001_vendor_001,NoshNow001,False,18.73,24,4.4,2.15,3.0,"[0.7343822689722043, 0.028312467964130356, 0.22602476114475173, 0.011280501918913681]"
episode_001,dominated,value,random_equation,8,ep001_vendor_001,NoshNow001,False,18.73,24,4.4,2.15,3.0,"[0.5009079937682158, 0.12223060616336387, 0.1479549001110466, 0.22890649995737364]"
episode_001,dominated,value,random_equation,9,ep001_vendor_001,NoshNow001,False,18.73,24,4.4,2.15,3.0,"[0.4543214618420911, 0.09722534484704286, 0.4412799269978344, 0.007173266313031643]"
episode_001,dominated,value,random_equation,10,ep001_vendor_001,NoshNow001,False,18.73,24,4.4,2.15,3.0,"[0.2928460819193602, 0.4333401006098488, 0.029820801013005493, 0.24399301645778554]"
episode_001,dominated,value,random_equation,11,ep001_vendor_090,BlinkHub090,False,24.89,17,4.71,3.06,4.2,"[0.1452852785578562, 0.49750339030195045, 0.1594056067234951, 0.19780572441669828]"
episode_001,dominated,value,random_equation,12,ep001_vendor_001,NoshNow001,False,18.73,24,4.4,2.15,3.0,"[0.13074369333244265, 0.4116651213725414, 0.06944514635088837, 0.3881460389441275]"
episode_001,dominated,value,random_equation,13,ep001_vendor_033,DashBite033,False,23.57,32,4.77,1.76,5.92,"[0.21087384284477043, 0.13537136013424397, 0.38549928498832003, 0.26825551203266557]"
episode_001,dominated,value,random_equation,14,ep001_vendor_090,BlinkHub090,False,24.89,17,4.71,3.06,4.2,"[0.11584172288660623, 0.36073547072693707, 0.5165839256376318, 0.006838880748825024]"
episode_001,dominated,value,random_equation,15,ep001_vendor_016,PrimeBite016,False,24.1,15,3.62,2.47,1.2,"[0.11605205581724723, 0.7962204890123069, 0.021292814753455475, 0.06643464041699042]"
episode_001,dominated,value,random_equation,16,ep001_vendor_008,GoNow008,False,23.83,65,4.81,0.99,4.91,"[0.040461970311469156, 0.02073400928931843, 0.5191075369945847, 0.4196964834046278]"
episode_001,dominated,value,random_equation,17,ep001_vendor_001,NoshNow001,False,18.73,24,4.4,2.15,3.0,"[0.6495391600159269, 0.045593683365730164, 0.11329026695446708, 0.1915768896638758]"
episode_001,dominated,value,random_equation,18,ep001_vendor_001,NoshNow001,False,18.73,24,4.4,2.15,3.0,"[0.6362474278519262, 0.1264985340708903, 0.00206291627032856, 0.23519112180685492]"
episode_001,dominated,value,random_equation,19,ep001_vendor_001,NoshNow001,False,18.73,24,4.4,2.15,3.0,"[0.4862688261431631, 0.4724030895736529, 0.029656545133180643, 0.011671539150003326]"
episode_001,dominated,value,random_equation,20,ep001_vendor_008,GoNow008,False,23.83,65,4.81,0.99,4.91,"[0.13817905259368748, 0.03508574870230886, 0.4523251707984624, 0.3744100279055412]"
episode_001,dominated,value,random_equation,21,ep001_vendor_008,GoNow008,False,23.83,65,4.81,0.99,4.91,"[0.23870540940909257, 0.00434225098627238, 0.32246827401275036, 0.43448406559188474]"
episode_001,dominated,value,random_equation,22,ep001_vendor_001,NoshNow001,False,18.73,24,4.4,2.15,3.0,"[0.4682231886174947, 0.04550664442284047, 0.38198506034717666, 0.10428510661248831]"
episode_001,dominated,value,random_equation,23,ep001_vendor_090,BlinkHub090,False,24.89,17,4.71,3.06,4.2,"[0.16533053787049662, 0.35502970186217214, 0.46464929266861826, 0.014990467598712767]"
episode_001,dominated,value,random_equation,24,ep001_vendor_001,NoshNow001,False,18.73,24,4.4,2.15,3.0,"[0.2319286877652824, 0.36617514281493496, 0.0931141864769891, 0.3087819829427937]"
episode_001,dominated,value,random_equation,25,ep001_vendor_090,BlinkHub090,False,24.89,17,4.71,3.06,4.2,"[0.12124118853664145, 0.39287624591131826, 0.3841377438835535, 0.10174482166848667]"
episode_001,dominated,value,random_equation,26,ep001_vendor_016,PrimeBite016,False,24.1,15,3.62,2.47,1.2,"[0.033793445561099755, 0.9445500152430523, 0.009711375584799944, 0.011945163611048113]"
episode_001,dominated,value,random_equation,27,ep001_vendor_008,GoNow008,False,23.83,65,4.81,0.99,4.91,"[0.03756248290083768, 0.031793698462651544, 0.7271195537314029, 0.20352426490510783]"
episode_001,dominated,value,random_equation,28,ep001_vendor_033,DashBite033,False,23.57,32,4.77,1.76,5.92,"[0.11497093028184154, 0.07931882529452153, 0.7066259244646396, 0.09908431995899736]"
episode_001,dominated,value,random_equation,29,ep001_vendor_090,BlinkHub090,False,24.89,17,4.71,3.06,4.2,"[0.17321167292471706, 0.6088461545553882, 0.08308628291179064, 0.1348558896081041]"
episode_001,dominated,value,random_equation,30,ep001_vendor_001,NoshNow001,False,18.73,24,4.4,2.15,3.0,"[0.3499171783241048, 0.4857927298965704, 0.0942469026976632, 0.07004318908166154]"
episode_001,dominated,value,random_equation,31,ep001_vendor_001,NoshNow001,False,18.73,24,4.4,2.15,3.0,"[0.6750317049851163, 0.04598936148064341, 0.1943540821143589, 0.08462485141988144]"
episode_001,dominated,value,random_equation,32,ep001_vendor_001,NoshNow001,False,18.73,24,4.4,2.15,3.0,"[0.24468195248380836, 0.1860974472412927, 0.3966874202518464, 0.17253318002305254]"
episode_001,dominated,value,random_equation,33,ep001_vendor_016,PrimeBite016,False,24.1,15,3.62,2.47,1.2,"[0.04604596659366238, 0.8880626296317978, 0.03932708110119134, 0.02656432267334851]"
episode_001,dominated,value,random_equation,34,ep001_vendor_001,NoshNow001,False,18.73,24,4.4,2.15,3.0,"[0.2832865098638386, 0.42858030673484254, 0.11081104969257342, 0.1773221337087453]"
episode_001,dominated,value,random_equation,35,ep001_vendor_008,GoNow008,False,23.83,65,4.81,0.99,4.91,"[0.11304281072679673, 0.031093872599301808, 0.2620789658187238, 0.5937843508551777]"
episode_001,dominated,value,random_equation,36,ep001_vendor_040,FeastDrop040,False,28.92,36,4.84,4.6,0.22,"[0.04381455571579849, 0.07847664171840527, 0.8424722146387882, 0.03523658792700808]"
episode_001,dominated,value,random_equation,37,ep001_vendor_001,NoshNow001,False,18.73,24,4.4,2.15,3.0,"[0.2557530670128106, 0.214347800762543, 0.06028691030672098, 0.4696122219179254]"
episode_001,dominated,value,random_equation,38,ep001_vendor_016,PrimeBite016,False,24.1,15,3.62,2.47,1.2,"[0.05228929726550115, 0.6724094685913078, 0.008144829986026936, 0.26715640415716424]"
episode_001,dominated,value,random_equation,39,ep001_vendor_001,NoshNow001,False,18.73,24,4.4,2.15,3.0,"[0.4577576875310078, 0.007518781946558145, 0.12195905640926744, 0.4127644741131666]"
episode_001,dominated,value,random_equation,40,ep001_vendor_033,DashBite033,False,23.57,32,4.77,1.76,5.92,"[0.28957355815585606, 0.124947596964087, 0.5578526587792484, 0.027626186100808532]"
episode_001,dominated,value,random_equation,41,ep001_vendor_090,BlinkHub090,False,24.89,17,4.71,3.06,4.2,"[0.07680575333593574, 0.6716966039036647, 0.14581420914339527, 0.10568343361700447]"
episode_001,dominated,value,random_equation,42,ep001_vendor_001,NoshNow001,False,18.73,24,4.4,2.15,3.0,"[0.5085894664810902, 0.3974373030385428, 0.03200055069946859, 0.06197267978089845]"
episode_001,dominated,value,random_equation,43,ep001_vendor_030,RocketCart030,False,24.49,68,4.88,2.2,5.02,"[0.08902876776436075, 0.019835173923248423, 0.7835040847918849, 0.10763197352050595]"
episode_001,dominated,value,random_equation,44,ep001_vendor_030,RocketCart030,False,24.49,68,4.88,2.2,5.02,"[0.005653618032701475, 0.03700182971772407, 0.8541573614492074, 0.1031871908003672]"
episode_001,dominated,value,random_equation,45,ep001_vendor_008,GoNow008,False,23.83,65,4.81,0.99,4.91,"[0.14373067446807306, 0.06894870400656614, 0.21744561693402548, 0.5698750045913352]"
episode_001,dominated,value,random_equation,46,ep001_vendor_008,GoNow008,False,23.83,65,4.81,0.99,4.91,"[0.37569397614642863, 0.015001075622954817, 0.3237963366049706, 0.285508611625646]"
episode_001,dominated,value,random_equation,47,ep001_vendor_001,NoshNow001,False,18.73,24,4.4,2.15,3.0,"[0.6804656616280591, 0.1966611976799657, 0.050600884319538963, 0.07227225637243621]"
episode_001,dominated,value,random_equation,48,ep001_vendor_001,NoshNow001,False,18.73,24,4.4,2.15,3.0,"[0.43442299036729315, 0.23963763216795955, 0.2515033652016923, 0.07443601226305493]"
episode_001,dominated,value,random_equation,49,ep001_vendor_090,BlinkHub090,False,24.89,17,4.71,3.06,4.2,"[0.16711773380498424, 0.2453575957478091, 0.5082529030652537, 0.07927176738195296]"
episode_001,dominated,value,random_equation,50,ep001_vendor_090,BlinkHub090,False,24.89,17,4.71,3.06,4.2,"[0.0024268409447688716, 0.27140625015452957, 0.6208476380904676, 0.10531927081023393]"
episode_001,dominated,value,random_equation,51,ep001_vendor_090,BlinkHub090,False,24.89,17,4.71,3.06,4.2,"[0.18006979254355657, 0.31231666498331895, 0.3623920847035785, 0.14522145776954593]"
episode_001,dominated,value,random_equation,52,ep001_vendor_008,GoNow008,False,23.83,65,4.81,0.99,4.91,"[0.14541751099295935, 0.03035365250722616, 0.11712870782790513, 0.7071001286719094]"
episode_001,dominated,value,random_equation,53,ep001_vendor_033,DashBite033,False,23.57,32,4.77,1.76,5.92,"[0.17554795037222512, 0.12839717618451274, 0.5343781438220474, 0.16167672962121477]"
episode_001,dominated,value,random_equation,54,ep001_vendor_001,NoshNow001,False,18.73,24,4.4,2.15,3.0,"[0.1562070884073178, 0.2888017382062593, 0.2327229479093884, 0.32226822547703454]"
episode_001,dominated,value,random_equation,55,ep001_vendor_090,BlinkHub090,False,24.89,17,4.71,3.06,4.2,"[0.29608508664648453, 0.5388875272127019, 0.15229764996891781, 0.012729736171895652]"
episode_001,dominated,value,random_equation,56,ep001_vendor_090,BlinkHub090,False,24.89,17,4.71,3.06,4.2,"[0.20857524518058987, 0.1744717859621869, 0.5210651968392552, 0.09588777201796816]"
episode_001,dominated,value,random_equation,57,ep001_vendor_033,DashBite033,False,23.57,32,4.77,1.76,5.92,"[0.029668250563078237, 0.1639439833252766, 0.5250275016969167, 0.28136026441472856]"
episode_001,dominated,value,random_equation,58,ep001_vendor_033,DashBite033,False,23.57,32,4.77,1.76,5.92,"[0.07069752552629924, 0.16152698495447562, 0.5573822847109691, 0.21039320480825613]"
episode_001,dominated,value,random_equation,59,ep001_vendor_008,GoNow008,False,23.83,65,4.81,0.99,4.91,"[0.01533050632988665, 0.03431066532727577, 0.03385720276079414, 0.9165016255820435]"
episode_001,dominated,value,random_equation,60,ep001_vendor_090,BlinkHub090,False,24.89,17,4.71,3.06,4.2,"[0.1400580670136327, 0.2091548464894883, 0.5448155037372908, 0.10597158275958811]"
episode_001,dominated,value,random_equation,61,ep001_vendor_001,NoshNow001,False,18.73,24,4.4,2.15,3.0,"[0.30569936616556276, 0.20273913248785097, 0.12426435279043987, 0.3672971485561464]"
episode_001,dominated,value,random_equation,62,ep001_vendor_090,BlinkHub090,False,24.89,17,4.71,3.06,4.2,"[0.13343904690252187, 0.40190189039932195, 0.3606005757333012, 0.10405848696485505]"
episode_001,dominated,value,random_equation,63,ep001_vendor_033,DashBite033,False,23.57,32,4.77,1.76,5.92,"[0.1496271571908897, 0.12956574541754132, 0.4578656181370057, 0.26294147925456324]"
episode_001,dominated,value,random_equation,64,ep001_vendor_064,FeastFleet064,False,23.84,48,4.11,1.07,11.87,"[0.05459594108485271, 0.07624027147877824, 0.04637432799227315, 0.822789459444096]"
episode_001,dominated,value,random_equation,65,ep001_vendor_090,BlinkHub090,False,24.89,17,4.71,3.06,4.2,"[0.03621554503157114, 0.5074832448881609, 0.28966677534115776, 0.1666344347391101]"
episode_001,dominated,value,random_equation,66,ep001_vendor_033,DashBite033,False,23.57,32,4.77,1.76,5.92,"[0.0022316513232303855, 0.23471153569066003, 0.22154934176807878, 0.5415074712180308]"
episode_001,dominated,value,random_equation,67,ep001_vendor_090,BlinkHub090,False,24.89,17,4.71,3.06,4.2,"[0.2899659649127117, 0.555728535649879, 0.141598135389664, 0.012707364047745208]"
episode_001,dominated,value,random_equation,68,ep001_vendor_001,NoshNow001,False,18.73,24,4.4,2.15,3.0,"[0.43359727798955383, 0.17946126191319403, 0.08539382882907949, 0.3015476312681725]"
episode_001,dominated,value,random_equation,69,ep001_vendor_033,DashBite033,False,23.57,32,4.77,1.76,5.92,"[0.09724678823879646, 0.11462593865118609, 0.5196877216519523, 0.2684395514580652]"
episode_001,dominated,value,random_equation,70,ep001_vendor_001,NoshNow001,False,18.73,24,4.4,2.15,3.0,"[0.36026847880811796, 0.3021415877845351, 0.23384750269646412, 0.10374243071088288]"
episode_001,dominated,value,random_equation,71,ep001_vendor_001,NoshNow001,False,18.73,24,4.4,2.15,3.0,"[0.3994837313159059, 0.09391680906971904, 0.050229512260514524, 0.45636994735386066]"
episode_001,dominated,value,random_equation,72,ep001_vendor_001,NoshNow001,False,18.73,24,4.4,2.15,3.0,"[0.6426275651132893, 0.3229051591379541, 0.03382577946464998, 0.0006414962841064936]"
episode_001,dominated,value,random_equation,73,ep001_vendor_001,NoshNow001,False,18.73,24,4.4,2.15,3.0,"[0.32329946477997745, 0.25994426069523924, 0.3640122127014008, 0.05274406182338268]"
episode_001,dominated,value,random_equation,74,ep001_vendor_001,NoshNow001,False,18.73,24,4.4,2.15,3.0,"[0.29723412174036523, 0.5511010205720098, 0.040520961756505686, 0.11114389593111931]"
episode_001,dominated,value,random_equation,75,ep001_vendor_090,BlinkHub090,False,24.89,17,4.71,3.06,4.2,"[0.12965079190657328, 0.5169023415251096, 0.20952573706391212, 0.14392112950440505]"
episode_001,dominated,value,random_equation,76,ep001_vendor_001,NoshNow001,False,18.73,24,4.4,2.15,3.0,"[0.2920921985386722, 0.296985743124781, 0.2515051784460038, 0.15941687989054293]"
episode_001,dominated,value,random_equation,77,ep001_vendor_001,NoshNow001,False,18.73,24,4.4,2.15,3.0,"[0.37983943935649994, 0.329314082333481, 0.28763604964484896, 0.0032104286651702015]"
episode_001,dominated,value,random_equation,78,ep001_vendor_090,BlinkHub090,False,24.89,17,4.71,3.06,4.2,"[0.10450614851894749, 0.4496012463490545, 0.33326818357935534, 0.11262442155264271]"
episode_001,dominated,value,random_equation,79,ep001_vendor_033,DashBite033,False,23.57,32,4.77,1.76,5.92,"[0.057257075116247565, 0.26872907979376137, 0.18631663467497442, 0.48769721041501674]"
episode_001,dominated,value,random_equation,80,ep001_vendor_033,DashBite033,False,23.57,32,4.77,1.76,5.92,"[0.24867173332632003, 0.158142948750682, 0.43987492960335933, 0.15331038831963867]"
episode_001,dominated,value,random_equation,81,ep001_vendor_033,DashBite033,False,23.57,32,4.77,1.76,5.92,"[0.05851276426834367, 0.05022234579455642, 0.7655991356739753, 0.12566575426312473]"
episode_001,dominated,value,random_equation,82,ep001_vendor_001,NoshNow001,False,18.73,24,4.4,2.15,3.0,"[0.3972906032433513, 0.1285798731655171, 0.14023991895417537, 0.3338896046369561]"
episode_001,dominated,value,random_equation,83,ep001_vendor_008,GoNow008,False,23.83,65,4.81,0.99,4.91,"[0.05766097477624935, 0.03971535492680223, 0.22408426787939423, 0.6785394024175542]"
episode_001,dominated,value,random_equation,84,ep001_vendor_001,NoshNow001,False,18.73,24,4.4,2.15,3.0,"[0.550122518999219, 0.29425743679599653, 0.007731990615242256, 0.14788805358954224]"
episode_001,dominated,value,random_equation,85,ep001_vendor_040,FeastDrop040,False,28.92,36,4.84,4.6,0.22,"[0.003958868264322861, 0.053982938107725684, 0.9035961762561907, 0.038462017371760804]"
episode_001,dominated,value,random_equation,86,ep001_vendor_039,NoshFleet039,False,29.25,19,4.02,1.49,16.35,"[0.06204688591785227, 0.4212340593370801, 0.03556364646547211, 0.4811554082795955]"
episode_001,dominated,value,random_equation,87,ep001_vendor_008,GoNow008,False,23.83,65,4.81,0.99,4.91,"[0.23100433654207217, 0.04319623683962132, 0.3665719469807104, 0.35922747963759605]"
episode_001,dominated,value,random_equation,88,ep001_vendor_033,DashBite033,False,23.57,32,4.77,1.76,5.92,"[0.05004874169853346, 0.10831437761320252, 0.40389339384489187, 0.4377434868433722]"
episode_001,dominated,value,random_equation,89,ep001_vendor_001,NoshNow001,False,18.73,24,4.4,2.15,3.0,"[0.3064086123185382, 0.2539204088490122, 0.10968051579058696, 0.3299904630418626]"
episode_001,dominated,value,random_equation,90,ep001_vendor_001,NoshNow001,False,18.73,24,4.4,2.15,3.0,"[0.575429041757629, 0.2407652237466456, 0.14022827875480717, 0.04357745574091826]"
episode_001,dominated,value,random_equation,91,ep001_vendor_001,NoshNow001,False,18.73,24,4.4,2.15,3.0,"[0.9710858573929653, 0.009089582468402715, 0.0016317475185139102, 0.018192812620117942]"
episode_001,dominated,value,random_equation,92,ep001_vendor_090,BlinkHub090,False,24.89,17,4.71,3.06,4.2,"[0.07953896036093643, 0.3029662432396869, 0.41710146247197233, 0.2003933339274043]"
episode_001,dominated,value,random_equation,93,ep001_vendor_001,NoshNow001,False,18.73,24,4.4,2.15,3.0,"[0.5137633179058078, 0.03928355307074158, 0.02662147291732921, 0.4203316561061215]"
episode_001,dominated,value,random_equation,94,ep001_vendor_033,DashBite033,False,23.57,32,4.77,1.76,5.92,"[0.09233488894801875, 0.10220005194465057, 0.6186846711273629, 0.1867803879799678]"
episode_001,dominated,value,random_equation,95,ep001_vendor_008,GoNow008,False,23.83,65,4.81,0.99,4.91,"[0.18267803095158203, 0.028157695004842075, 0.5768106152846006, 0.21235365875897533]"
episode_001,dominated,value,random_equation,96,ep001_vendor_001,NoshNow001,False,18.73,24,4.4,2.15,3.0,"[0.23471710335861493, 0.44008989325254433, 0.06886416326317196, 0.2563288401256688]"
episode_001,dominated,value,random_equation,97,ep001_vendor_001,NoshNow001,False,18.73,24,4.4,2.15,3.0,"[0.8657211925417543, 0.06425221796238122, 0.05855598486903993, 0.011470604626824482]"
episode_001,dominated,value,random_equation,98,ep001_vendor_001,NoshNow001,False,18.73,24,4.4,2.15,3.0,"[0.3254217947598442, 0.18746908745037558, 0.4055673077124473, 0.08154181007733291]"
episode_001,dominated,value,random_equation,99,ep001_vendor_001,NoshNow001,False,18.73,24,4.4,2.15,3.0,"[0.42894819073462853, 0.12992827748101973, 0.2849705566923824, 0.15615297509196946]"
episode_002,dominated,fast,price_first,,ep002_vendor_001,DashFleet001,False,21.66,26,4.29,1.74,5.43,
episode_002,dominated,fast,eta_first,,ep002_vendor_058,DashHub058,False,26.59,15,4.81,3.49,9.29,
episode_002,dominated,fast,rating_first,,ep002_vendor_011,CityDrop011,False,28.17,60,4.88,6.91,12.03,
episode_002,dominated,fast,balanced_equation,,ep002_vendor_001,DashFleet001,False,21.66,26,4.29,1.74,5.43,
episode_002,dominated,fast,random_equation,0,ep002_vendor_058,DashHub058,False,26.59,15,4.81,3.49,9.29,"[0.022059803525483437, 0.09046081630750506, 0.7640169090572188, 0.12346247110979273]"
episode_002,dominated,fast,random_equation,1,ep002_vendor_025,BlinkDrop025,False,24.95,41,4.68,1.74,10.49,"[0.17871524067135322, 0.007681952446145657, 0.4806064493015204, 0.33299635758098056]"
episode_002,dominated,fast,random_equation,2,ep002_vendor_058,DashHub058,False,26.59,15,4.81,3.49,9.29,"[0.1694294266806202, 0.7520783032767434, 1.3378699875821468e-05, 0.07847889134276063]"
episode_002,dominated,fast,random_equation,3,ep002_vendor_001,DashFleet001,False,21.66,26,4.29,1.74,5.43,"[0.43340054520401433, 0.15027506211109615, 0.14107734615887274, 0.2752470465260168]"
episode_002,dominated,fast,random_equation,4,ep002_vendor_058,DashHub058,False,26.59,15,4.81,3.49,9.29,"[0.0860249101419077, 0.42490397162783733, 0.1252314452743543, 0.36383967295590064]"
episode_002,dominated,fast,random_equation,5,ep002_vendor_056,GoBite056,False,25.61,30,4.53,1.16,16.36,"[0.14105464524771338, 0.07724257328746276, 0.20697658204510072, 0.5747261994197231]"
episode_002,dominated,fast,random_equation,6,ep002_vendor_001,DashFleet001,False,21.66,26,4.29,1.74,5.43,"[0.3479179011718308, 0.4156446033105098, 0.021037233359423525, 0.21540026215823574]"
episode_002,dominated,fast,random_equation,7,ep002_vendor_058,DashHub058,False,26.59,15,4.81,3.49,9.29,"[0.10773505289532302, 0.7407763623105712, 0.024796976034865758, 0.12669160875924]"
episode_002,dominated,fast,random_equation,8,ep002_vendor_058,DashHub058,False,26.59,15,4.81,3.49,9.29,"[0.19439357306773172, 0.09192134571641031, 0.6755017799073327, 0.038183301308525174]"
episode_002,dominated,fast,random_equation,9,ep002_vendor_056,GoBite056,False,25.61,30,4.53,1.16,16.36,"[0.005056402669298314, 0.2562798093467296, 0.24736200436944758, 0.4913017836145245]"
episode_002,dominated,fast,random_equation,10,ep002_vendor_058,DashHub058,False,26.59,15,4.81,3.49,9.29,"[0.255484337715721, 0.27779892263843137, 0.3027865712480687, 0.16393016839777902]"
episode_002,dominated,fast,random_equation,11,ep002_vendor_058,DashHub058,False,26.59,15,4.81,3.49,9.29,"[0.2615775325720308, 0.039801717585571286, 0.5777703156939944, 0.12085043414840338]"
episode_002,dominated,fast,random_equation,12,ep002_vendor_001,DashFleet001,False,21.66,26,4.29,1.74,5.43,"[0.661816965691211, 0.11813010072575122, 0.21968407572735896, 0.0003688578556788393]"
episode_002,dominated,fast,random_equation,13,ep002_vendor_001,DashFleet001,False,21.66,26,4.29,1.74,5.43,"[0.815395520053917, 0.10635382074477828, 0.03421084363049167, 0.044039815570812914]"
episode_002,dominated,fast,random_equation,14,ep002_vendor_001,DashFleet001,False,21.66,26,4.29,1.74,5.43,"[0.5565001639983125, 0.21527020370401173, 0.131000250644611, 0.09722938165306476]"
episode_002,dominated,fast,random_equation,15,ep002_vendor_001,DashFleet001,False,21.66,26,4.29,1.74,5.43,"[0.222727298379272, 0.32278841866500196, 0.023080330875994724, 0.43140395207973137]"
episode_002,dominated,fast,random_equation,16,ep002_vendor_058,DashHub058,False,26.59,15,4.81,3.49,9.29,"[0.08533883017553943, 0.31325046459436523, 0.32524673233084855, 0.2761639728992469]"
episode_002,dominated,fast,random_equation,17,ep002_vendor_001,DashFleet001,False,21.66,26,4.29,1.74,5.43,"[0.7240866432012902, 0.08914569755353398, 0.1385555598457407, 0.04821209939943505]"
episode_002,dominated,fast,random_equation,18,ep002_vendor_056,GoBite056,False,25.61,30,4.53,1.16,16.36,"[0.03025766595638769, 0.2148388216578092, 0.11646634599144934, 0.6384371663943538]"
episode_002,dominated,fast,random_equation,19,ep002_vendor_058,DashHub058,False,26.59,15,4.81,3.49,9.29,"[0.16129811294589833, 0.30124842291379716, 0.32528361807112116, 0.21216984606918338]"
episode_002,dominated,fast,random_equation,20,ep002_vendor_089,DashLane089,False,23.5,35,4.51,1.43,11.92,"[0.3480241828928614, 0.015262314279676161, 0.45117195447656117, 0.1855415483509013]"
episode_002,dominated,fast,random_equation,21,ep002_vendor_001,DashFleet001,False,21.66,26,4.29,1.74,5.43,"[0.21581467975413554, 0.2126071585176894, 0.011454602239335466, 0.5601235594888396]"
episode_002,dominated,fast,random_equation,22,ep002_vendor_058,DashHub058,False,26.59,15,4.81,3.49,9.29,"[0.23113129574233168, 0.07656276940512843, 0.575183832534084, 0.11712210231845584]"
episode_002,dominated,fast,random_equation,23,ep002_vendor_001,DashFleet001,False,21.66,26,4.29,1.74,5.43,"[0.29997989429769695, 0.20078455981705576, 0.1279815974302116, 0.3712539484550357]"
episode_002,dominated,fast,random_equation,24,ep002_vendor_001,DashFleet001,False,21.66,26,4.29,1.74,5.43,"[0.30535294010057595, 0.10041975884751396, 0.3788753305427458, 0.2153519705091643]"
episode_002,dominated,fast,random_equation,25,ep002_vendor_058,DashHub058,False,26.59,15,4.81,3.49,9.29,"[0.08934462718752224, 0.39177830183584766, 0.12876789099897668, 0.39010917997765343]"
episode_002,dominated,fast,random_equation,26,ep002_vendor_001,DashFleet001,False,21.66,26,4.29,1.74,5.43,"[0.32070623185905134, 0.221788753553625, 0.2626726072565286, 0.1948324073307951]"
episode_002,dominated,fast,random_equation,27,ep002_vendor_001,DashFleet001,False,21.66,26,4.29,1.74,5.43,"[0.13002987167548533, 0.22484701237001484, 0.06648403423130536, 0.5786390817231946]"
episode_002,dominated,fast,random_equation,28,ep002_vendor_001,DashFleet001,False,21.66,26,4.29,1.74,5.43,"[0.6466975353737797, 0.03601659075616187, 0.1033688490592908, 0.2139170248107676]"
episode_002,dominated,fast,random_equation,29,ep002_vendor_001,DashFleet001,False,21.66,26,4.29,1.74,5.43,"[0.41131165825978283, 0.08620695169103038, 0.31390126748451674, 0.1885801225646701]"
episode_002,dominated,fast,random_equation,30,ep002_vendor_001,DashFleet001,False,21.66,26,4.29,1.74,5.43,"[0.20571562789091868, 0.12565671848611448, 0.02858828897958447, 0.6400393646433824]"
episode_002,dominated,fast,random_equation,31,ep002_vendor_001,DashFleet001,False,21.66,26,4.29,1.74,5.43,"[0.5717972360035117, 0.04530910272376338, 0.20623623258394336, 0.17665742868878148]"
episode_002,dominated,fast,random_equation,32,ep002_vendor_001,DashFleet001,False,21.66,26,4.29,1.74,5.43,"[0.172480227034149, 0.2619748947715865, 0.039714733815084675, 0.5258301443791799]"
episode_002,dominated,fast,random_equation,33,ep002_vendor_058,DashHub058,False,26.59,15,4.81,3.49,9.29,"[0.3199634377396665, 0.024885034959408584, 0.6306382153443146, 0.02451331195661018]"
episode_002,dominated,fast,random_equation,34,ep002_vendor_001,DashFleet001,False,21.66,26,4.29,1.74,5.43,"[0.5963348112869044, 0.11841893850144847, 0.06416550867373591, 0.2210807415379113]"
episode_002,dominated,fast,random_equation,35,ep002_vendor_001,DashFleet001,False,21.66,26,4.29,1.74,5.43,"[0.3766698044776435, 0.5174611121997534, 0.032347174485501985, 0.07352190883710122]"
episode_002,dominated,fast,random_equation,36,ep002_vendor_056,GoBite056,False,25.61,30,4.53,1.16,16.36,"[0.029099119691101318, 0.06263966692922948, 0.029143409423709233, 0.87911780395596]"
episode_002,dominated,fast,random_equation,37,ep002_vendor_001,DashFleet001,False,21.66,26,4.29,1.74,5.43,"[0.3672589849344393, 0.2907415506455285, 0.13673864869602187, 0.20526081572401045]"
episode_002,dominated,fast,random_equation,38,ep002_vendor_001,DashFleet001,False,21.66,26,4.29,1.74,5.43,"[0.44189545175969, 0.4002270429724571, 0.07100864018450886, 0.086868865083344]"
episode_002,dominated,fast,random_equation,39,ep002_vendor_001,DashFleet001,False,21.66,26,4.29,1.74,5.43,"[0.44445906181870737, 0.386830321120137, 0.12734439520551716, 0.04136622185563842]"
episode_002,dominated,fast,random_equation,40,ep002_vendor_056,GoBite056,False,25.61,30,4.53,1.16,16.36,"[0.08116118389921838, 0.15837395466616885, 0.2789524905065255, 0.4815123709280872]"
episode_002,dominated,fast,random_equation,41,ep002_vendor_056,GoBite056,False,25.61,30,4.53,1.16,16.36,"[0.013367779998776107, 0.17868725166732852, 0.405992227369445, 0.4019527409644503]"
episode_002,dominated,fast,random_equation,42,ep002_vendor_058,DashHub058,False,26.59,15,4.81,3.49,9.29,"[0.03132703964314855, 0.37165772656697155, 0.5332273530069911, 0.06378788078288888]"
episode_002,dominated,fast,random_equation,43,ep002_vendor_058,DashHub058,False,26.59,15,4.81,3.49,9.29,"[0.07479864099892244, 0.060009381810526216, 0.6380774353282577, 0.22711454186229355]"
episode_002,dominated,fast,random_equation,44,ep002_vendor_056,GoBite056,False,25.61,30,4.53,1.16,16.36,"[0.07940542550148995, 0.07108907632641798, 0.2040029775430317, 0.6455025206290603]"
episode_002,dominated,fast,random_equation,45,ep002_vendor_001,DashFleet001,False,21.66,26,4.29,1.74,5.43,"[0.46364346620307056, 0.5082186429056939, 0.004176355738810988, 0.02396153515242451]"
episode_002,dominated,fast,random_equation,46,ep002_vendor_058,DashHub058,False,26.59,15,4.81,3.49,9.29,"[0.10649152986510113, 0.1534394570218787, 0.5943546191854535, 0.14571439392756674]"
episode_002,dominated,fast,random_equation,47,ep002_vendor_001,DashFleet001,False,21.66,26,4.29,1.74,5.43,"[0.41970503691683436, 0.14906369516177784, 0.28976459236180163, 0.14146667555958614]"
episode_002,dominated,fast,random_equation,48,ep002_vendor_001,DashFleet001,False,21.66,26,4.29,1.74,5.43,"[0.18807926009241985, 0.38054289747169473, 0.03354720705046922, 0.3978306353854162]"
episode_002,dominated,fast,random_equation,49,ep002_vendor_058,DashHub058,False,26.59,15,4.81,3.49,9.29,"[0.05781159077868651, 0.6204614206710528, 0.2891401638070324, 0.032586824743228285]"
episode_002,dominated,fast,random_equation,50,ep002_vendor_058,DashHub058,False,26.59,15,4.81,3.49,9.29,"[0.014970710121636826, 0.39037925153416875, 0.43356766401702357, 0.16108237432717099]"
episode_002,dominated,fast,random_equation,51,ep002_vendor_001,DashFleet001,False,21.66,26,4.29,1.74,5.43,"[0.2375670350538329, 0.267504920755075, 0.0032070360693043525, 0.4917210081217877]"
episode_002,dominated,fast,random_equation,52,ep002_vendor_089,DashLane089,False,23.5,35,4.51,1.43,11.92,"[0.17555416490014417, 0.01310127299427049, 0.2264991695713756, 0.5848453925342096]"
episode_002,dominated,fast,random_equation,53,ep002_vendor_001,DashFleet001,False,21.66,26,4.29,1.74,5.43,"[0.559267867103072, 0.16594807217412272, 0.2585220987952698, 0.016261961927535446]"
episode_002,dominated,fast,random_equation,54,ep002_vendor_001,DashFleet001,False,21.66,26,4.29,1.74,5.43,"[0.40448414796908383, 0.02639069619587971, 0.0889090473969197, 0.48021610843811674]"
episode_002,dominated,fast,random_equation,55,ep002_vendor_056,GoBite056,False,25.61,30,4.53,1.16,16.36,"[0.08354405947568534, 0.31030849849705633, 0.0774940614133091, 0.5286533806139493]"
episode_002,dominated,fast,random_equation,56,ep002_vendor_001,DashFleet001,False,21.66,26,4.29,1.74,5.43,"[0.35259540291017016, 0.23930570172951088, 0.2725890149982856, 0.13550988036203326]"
episode_002,dominated,fast,random_equation,57,ep002_vendor_056,GoBite056,False,25.61,30,4.53,1.16,16.36,"[0.09258505023967745, 0.2538076709185457, 0.19925039241601286, 0.4543568864257639]"
episode_002,dominated,fast,random_equation,58,ep002_vendor_001,DashFleet001,False,21.66,26,4.29,1.74,5.43,"[0.3909180570402416, 0.07084952912237373, 0.05715830846841916, 0.4810741053689655]"
episode_002,dominated,fast,random_equation,59,ep002_vendor_001,DashFleet001,False,21.66,26,4.29,1.74,5.43,"[0.5480213220545243, 0.34399794988265625, 0.06335583628008754, 0.04462489178273199]"
episode_002,dominated,fast,random_equation,60,ep002_vendor_058,DashHub058,False,26.59,15,4.81,3.49,9.29,"[0.3024898412945813, 0.1687160968825028, 0.5134409640147989, 0.015353097808117064]"
episode_002,dominated,fast,random_equation,61,ep002_vendor_058,DashHub058,False,26.59,15,4.81,3.49,9.29,"[0.16711414991892498, 0.46682358749926406, 0.34090879041714867, 0.025153472164662346]"
episode_002,dominated,fast,random_equation,62,ep002_vendor_001,DashFleet001,False,21.66,26,4.29,1.74,5.43,"[0.3803936202294307, 0.06695794645408742, 0.013994622714752308, 0.5386538106017296]"
episode_002,dominated,fast,random_equation,63,ep002_vendor_058,DashHub058,False,26.59,15,4.81,3.49,9.29,"[0.025046833936493124, 0.5864989382122869, 0.1962554495664828, 0.19219877828473714]"
episode_002,dominated,fast,random_equation,64,ep002_vendor_001,DashFleet001,False,21.66,26,4.29,1.74,5.43,"[0.47293973986118504, 0.37324632027031207, 0.1273640782587226, 0.02644986160978035]"
episode_002,dominated,fast,random_equation,65,ep002_vendor_058,DashHub058,False,26.59,15,4.81,3.49,9.29,"[0.15601128527872182, 0.030545715094729947, 0.626403634022597, 0.18703936560395132]"
episode_002,dominated,fast,random_equation,66,ep002_vendor_058,DashHub058,False,26.59,15,4.81,3.49,9.29,"[0.19371373516662274, 0.07243534721562037, 0.653749679368018, 0.0801012382497389]"
episode_002,dominated,fast,random_equation,67,ep002_vendor_058,DashHub058,False,26.59,15,4.81,3.49,9.29,"[0.23394939720533914, 0.27869673428640307, 0.356841508041654, 0.13051236046660375]"
episode_002,dominated,fast,random_equation,68,ep002_vendor_058,DashHub058,False,26.59,15,4.81,3.49,9.29,"[0.15325502308280514, 0.6318402612072908, 0.1452882632777323, 0.06961645243217188]"
episode_002,dominated,fast,random_equation,69,ep002_vendor_001,DashFleet001,False,21.66,26,4.29,1.74,5.43,"[0.20641664876723836, 0.3705464455168273, 0.1191184465281961, 0.30391845918773824]"
episode_002,dominated,fast,random_equation,70,ep002_vendor_001,DashFleet001,False,21.66,26,4.29,1.74,5.43,"[0.3982947526909518, 0.059136910140213994, 0.32709670601589647, 0.21547163115293783]"
episode_002,dominated,fast,random_equation,71,ep002_vendor_058,DashHub058,False,26.59,15,4.81,3.49,9.29,"[0.37579056270159966, 0.2928958601449968, 0.2994704439184266, 0.03184313323497693]"
episode_002,dominated,fast,random_equation,72,ep002_vendor_001,DashFleet001,False,21.66,26,4.29,1.74,5.43,"[0.14092098929607738, 0.39397584574774386, 0.09890994515928274, 0.366193219796896]"
episode_002,dominated,fast,random_equation,73,ep002_vendor_058,DashHub058,False,26.59,15,4.81,3.49,9.29,"[0.03690556745951425, 0.414758519773375, 0.2993219385562444, 0.24901397421086624]"
episode_002,dominated,fast,random_equation,74,ep002_vendor_058,DashHub058,False,26.59,15,4.81,3.49,9.29,"[0.06466063849040397, 0.6763019336937798, 0.08562677823249164, 0.1734106495833246]"
episode_002,dominated,fast,random_equation,75,ep002_vendor_001,DashFleet001,False,21.66,26,4.29,1.74,5.43,"[0.44115695618148676, 0.24517170186911882, 0.2030141807454815, 0.11065716120391304]"
episode_002,dominated,fast,random_equation,76,ep002_vendor_058,DashHub058,False,26.59,15,4.81,3.49,9.29,"[0.04409914020622898, 0.2533164391441303, 0.5231680439500468, 0.17941637669959382]"
episode_002,dominated,fast,random_equation,77,ep002_vendor_056,GoBite056,False,25.61,30,4.53,1.16,16.36,"[0.07430172570506549, 0.2632959672616884, 0.024854654146678336, 0.6375476528865678]"
episode_002,dominated,fast,random_equation,78,ep002_vendor_001,DashFleet001,False,21.66,26,4.29,1.74,5.43,"[0.7177896442018261, 0.0007925097287399211, 0.18970813579394932, 0.09170971027548465]"
episode_002,dominated,fast,random_equation,79,ep002_vendor_056,GoBite056,False,25.61,30,4.53,1.16,16.36,"[0.042375659820402284, 0.019064312813237103, 0.14540743395050781, 0.7931525934158528]"
episode_002,dominated,fast,random_equation,80,ep002_vendor_058,DashHub058,False,26.59,15,4.81,3.49,9.29,"[0.28877451161796325, 0.46542504419398534, 0.22767545502436057, 0.018124989163690874]"
episode_002,dominated,fast,random_equation,81,ep002_vendor_001,DashFleet001,False,21.66,26,4.29,1.74,5.43,"[0.36777022243144325, 0.18917577296419474, 0.19801529637429974, 0.24503870823006232]"
episode_002,dominated,fast,random_equation,82,ep002_vendor_025,BlinkDrop025,False,24.95,41,4.68,1.74,10.49,"[0.04682616992981293, 0.04682034316352795, 0.579387857001535, 0.3269656299051243]"
episode_002,dominated,fast,random_equation,83,ep002_vendor_089,DashLane089,False,23.5,35,4.51,1.43,11.92,"[0.2781928257990649, 0.07496737816165325, 0.35863476858312954, 0.2882050274561524]"
episode_002,dominated,fast,random_equation,84,ep002_vendor_058,DashHub058,False,26.59,15,4.81,3.49,9.29,"[0.15094470436526708, 0.008055917469351623, 0.8000325914002113, 0.04096678676516992]"
episode_002,dominated,fast,random_equation,85,ep002_vendor_001,DashFleet001,False,21.66,26,4.29,1.74,5.43,"[0.5435274810301884, 0.23582396651216347, 0.02152386848933421, 0.19912468396831393]"
episode_002,dominated,fast,random_equation,86,ep002_vendor_058,DashHub058,False,26.59,15,4.81,3.49,9.29,"[0.2124077908197802, 0.4143274047106317, 0.29168309625727057, 0.08158170821231757]"
episode_002,dominated,fast,random_equation,87,ep002_vendor_058,DashHub058,False,26.59,15,4.81,3.49,9.29,"[0.0787142096049528, 0.21941585175952089, 0.5514126656726638, 0.1504572729628625]"
episode_002,dominated,fast,random_equation,88,ep002_vendor_001,DashFleet001,False,21.66,26,4.29,1.74,5.43,"[0.6416479896310237, 0.09178928401089767, 0.02523704728712202, 0.24132567907095656]"
episode_002,dominated,fast,random_equation,89,ep002_vendor_001,DashFleet001,False,21.66,26,4.29,1.74,5.43,"[0.5126491028731982, 0.1799302767164347, 0.1735313196623189, 0.13388930074804822]"
episode_002,dominated,fast,random_equation,90,ep002_vendor_058,DashHub058,False,26.59,15,4.81,3.49,9.29,"[0.3289206682320844, 0.4412265427631105, 0.17479099179483792, 0.05506179720996709]"
episode_002,dominated,fast,random_equation,91,ep002_vendor_056,GoBite056,False,25.61,30,4.53,1.16,16.36,"[0.15151835667948133, 0.06847305687336518, 0.3099313266187656, 0.47007725982838783]"
episode_002,dominated,fast,random_equation,92,ep002_vendor_056,GoBite056,False,25.61,30,4.53,1.16,16.36,"[0.003492583863445457, 0.07051596019529924, 0.21844399890560195, 0.7075474570356534]"
episode_002,dominated,fast,random_equation,93,ep002_vendor_001,DashFleet001,False,21.66,26,4.29,1.74,5.43,"[0.3349392898492289, 0.16519146589964842, 0.10693209373091545, 0.3929371505202074]"
episode_002,dominated,fast,random_equation,94,ep002_vendor_089,DashLane089,False,23.5,35,4.51,1.43,11.92,"[0.21142384161106575, 0.05172736208735922, 0.2621763580612925, 0.4746724382402825]"
episode_002,dominated,fast,random_equation,95,ep002_vendor_001,DashFleet001,False,21.66,26,4.29,1.74,5.43,"[0.3407253194152477, 0.08521353567395122, 0.3002788627993972, 0.273782282111404]"
episode_002,dominated,fast,random_equation,96,ep002_vendor_058,DashHub058,False,26.59,15,4.81,3.49,9.29,"[0.025875388885111372, 0.37399369037003805, 0.23092867332801137, 0.3692022474168392]"
episode_002,dominated,fast,random_equation,97,ep002_vendor_001,DashFleet001,False,21.66,26,4.29,1.74,5.43,"[0.24719624635961307, 0.38529425318003624, 0.14193488245277391, 0.2255746180075768]"
episode_002,dominated,fast,random_equation,98,ep002_vendor_001,DashFleet001,False,21.66,26,4.29,1.74,5.43,"[0.4300696938964024, 0.30986483647479746, 0.08873103104355773, 0.1713344385852424]"
episode_002,dominated,fast,random_equation,99,ep002_vendor_001,DashFleet001,False,21.66,26,4.29,1.74,5.43,"[0.6210646994703733, 0.15534847079081232, 0.11078785357398976, 0.11279897616482458]"
episode_003,dominated,balanced,price_first,,ep003_vendor_022,DashFleet022,False,45.01,43,3.17,2.23,0.14,
episode_003,dominated,balanced,eta_first,,ep003_vendor_050,RocketMeals050,False,48.4,16,2.86,4.19,0.26,
episode_003,dominated,balanced,rating_first,,ep003_vendor_090,SwiftHub090,False,60.64,55,4.87,9.38,13.85,
episode_003,dominated,balanced,balanced_equation,,ep003_vendor_001,GoRunner001,False,46.38,27,4.51,1.66,1.65,
episode_003,dominated,balanced,random_equation,0,ep003_vendor_001,GoRunner001,False,46.38,27,4.51,1.66,1.65,"[0.18862098642892966, 0.22849035394053058, 0.46540192139631537, 0.11748673823422437]"
episode_003,dominated,balanced,random_equation,1,ep003_vendor_001,GoRunner001,False,46.38,27,4.51,1.66,1.65,"[0.3969292865586346, 0.2479172737796693, 0.24557005122034328, 0.10958338844135286]"
episode_003,dominated,balanced,random_equation,2,ep003_vendor_001,GoRunner001,False,46.38,27,4.51,1.66,1.65,"[0.2213476724388478, 0.2490082146575178, 0.13745635858794122, 0.39218775431569314]"
episode_003,dominated,balanced,random_equation,3,ep003_vendor_001,GoRunner001,False,46.38,27,4.51,1.66,1.65,"[0.3500011495320666, 0.03617911154706956, 0.18647387832812443, 0.42734586059273943]"
episode_003,dominated,balanced,random_equation,4,ep003_vendor_006,GoRunner006,False,55.39,33,4.55,1.33,16.71,"[0.03800141398694297, 0.0392692016956881, 0.08740536594955986, 0.8353240183678091]"
episode_003,dominated,balanced,random_equation,5,ep003_vendor_074,QuickCart074,False,63.52,18,4.8,6.12,14.64,"[0.13396981190738325, 0.1410349878624092, 0.7220864572881632, 0.0029087429420445207]"
episode_003,dominated,balanced,random_equation,6,ep003_vendor_006,GoRunner006,False,55.39,33,4.55,1.33,16.71,"[0.030321604865621247, 0.08959417822641436, 0.42649410847425584, 0.4535901084337085]"
episode_003,dominated,balanced,random_equation,7,ep003_vendor_001,GoRunner001,False,46.38,27,4.51,1.66,1.65,"[0.21265295797956382, 0.3768799774097221, 0.17721287186601986, 0.2332541927446943]"
episode_003,dominated,balanced,random_equation,8,ep003_vendor_001,GoRunner001,False,46.38,27,4.51,1.66,1.65,"[0.2150318780505172, 0.09597083235439571, 0.5104430827316732, 0.17855420686341394]"
episode_003,dominated,balanced,random_equation,9,ep003_vendor_001,GoRunner001,False,46.38,27,4.51,1.66,1.65,"[0.3658221602242185, 0.12814543804391842, 0.0876043234533566, 0.4184280782785066]"
episode_003,dominated,balanced,random_equation,10,ep003_vendor_029,GoNow029,False,63.4,51,4.86,6.73,6.28,"[0.08123584221736253, 0.013437085395468212, 0.7700891364315098, 0.1352379359556595]"
episode_003,dominated,balanced,random_equation,11,ep003_vendor_074,QuickCart074,False,63.52,18,4.8,6.12,14.64,"[0.035190102474482676, 0.4136532287979876, 0.4618841543587527, 0.08927251436877703]"
episode_003,dominated,balanced,random_equation,12,ep003_vendor_001,GoRunner001,False,46.38,27,4.51,1.66,1.65,"[0.729904012125335, 0.1538771532417297, 0.08333944794709772, 0.032879386685837474]"
episode_003,dominated,balanced,random_equation,13,ep003_vendor_001,GoRunner001,False,46.38,27,4.51,1.66,1.65,"[0.38748979099719566, 0.14075105196183982, 0.10940895100330748, 0.36235020603765705]"
episode_003,dominated,balanced,random_equation,14,ep003_vendor_001,GoRunner001,False,46.38,27,4.51,1.66,1.65,"[0.06928642785241076, 0.17761081737581122, 0.3008920175323279, 0.4522107372394502]"
episode_003,dominated,balanced,random_equation,15,ep003_vendor_001,GoRunner001,False,46.38,27,4.51,1.66,1.65,"[0.1849583466390071, 0.24891817535902275, 0.4761857698752182, 0.08993770812675207]"
episode_003,dominated,balanced,random_equation,16,ep003_vendor_001,GoRunner001,False,46.38,27,4.51,1.66,1.65,"[0.25654692963640885, 0.355032517075355, 0.14647208532124958, 0.24194846796698663]"
episode_003,dominated,balanced,random_equation,17,ep003_vendor_001,GoRunner001,False,46.38,27,4.51,1.66,1.65,"[0.4169403942528446, 0.2599213605878823, 0.11734058756507082, 0.2057976575942023]"
episode_003,dominated,balanced,random_equation,18,ep003_vendor_010,NoshHub010,False,59.58,16,4.39,2.11,14.1,"[0.051133927190208664, 0.43666242550356016, 0.31221275152843153, 0.19999089577779947]"
episode_003,dominated,balanced,random_equation,19,ep003_vendor_001,GoRunner001,False,46.38,27,4.51,1.66,1.65,"[0.11611712945131689, 0.2996625466764756, 0.42476188468368037, 0.15945843918852706]"
episode_003,dominated,balanced,random_equation,20,ep003_vendor_001,GoRunner001,False,46.38,27,4.51,1.66,1.65,"[0.31340165002720255, 0.18840234232299027, 0.23057197869026416, 0.26762402895954296]"
episode_003,dominated,balanced,random_equation,21,ep003_vendor_001,GoRunner001,False,46.38,27,4.51,1.66,1.65,"[0.4589095182313074, 0.021153372820606236, 0.08092795836787349, 0.4390091505802129]"
episode_003,dominated,balanced,random_equation,22,ep003_vendor_010,NoshHub010,False,59.58,16,4.39,2.11,14.1,"[0.052651276834709305, 0.351610065938379, 0.42792175515731967, 0.1678169020695921]"
episode_003,dominated,balanced,random_equation,23,ep003_vendor_001,GoRunner001,False,46.38,27,4.51,1.66,1.65,"[0.2775612541818028, 0.2527721412044399, 0.16238183456380656, 0.3072847700499508]"
episode_003,dominated,balanced,random_equation,24,ep003_vendor_001,GoRunner001,False,46.38,27,4.51,1.66,1.65,"[0.16331963624312243, 0.22823023260976497, 0.5050449800923235, 0.10340515105478915]"
episode_003,dominated,balanced,random_equation,25,ep003_vendor_001,GoRunner001,False,46.38,27,4.51,1.66,1.65,"[0.7920080494478466, 0.060390502315693186, 0.06455783972003969, 0.08304360851642052]"
episode_003,dominated,balanced,random_equation,26,ep003_vendor_010,NoshHub010,False,59.58,16,4.39,2.11,14.1,"[0.06581931845428494, 0.3901830772106149, 0.40531650583112216, 0.13868109850397792]"
episode_003,dominated,balanced,random_equation,27,ep003_vendor_001,GoRunner001,False,46.38,27,4.51,1.66,1.65,"[0.2898254715483916, 0.2953110194845838, 0.18871493564245628, 0.22614857332456836]"
episode_003,dominated,balanced,random_equation,28,ep003_vendor_001,GoRunner001,False,46.38,27,4.51,1.66,1.65,"[0.6138295963380632, 0.10839467279573636, 0.08312006986887997, 0.19465566099732032]"
episode_003,dominated,balanced,random_equation,29,ep003_vendor_006,GoRunner006,False,55.39,33,4.55,1.33,16.71,"[0.07427510612007804, 0.02952047749169479, 0.4516330168440257, 0.4445713995442015]"
episode_003,dominated,balanced,random_equation,30,ep003_vendor_074,QuickCart074,False,63.52,18,4.8,6.12,14.64,"[0.12790853887786285, 0.5137128049922386, 0.35666027915184656, 0.0017183769780520386]"
episode_003,dominated,balanced,random_equation,31,ep003_vendor_050,RocketMeals050,False,48.4,16,2.86,4.19,0.26,"[0.5582686216250582, 0.3739692762315831, 0.024730674282761725, 0.043031427860596945]"
episode_003,dominated,balanced,random_equation,32,ep003_vendor_001,GoRunner001,False,46.38,27,4.51,1.66,1.65,"[0.013601671660000442, 0.22182807703699256, 0.3258145404999094, 0.4387557108030976]"
episode_003,dominated,balanced,random_equation,33,ep003_vendor_001,GoRunner001,False,46.38,27,4.51,1.66,1.65,"[0.2172469414439858, 0.1918305718289032, 0.42662246834989975, 0.1643000183772112]"
episode_003,dominated,balanced,random_equation,34,ep003_vendor_001,GoRunner001,False,46.38,27,4.51,1.66,1.65,"[0.49793198684336365, 0.0347912787866015, 0.34597795906074263, 0.12129877530929208]"
episode_003,dominated,balanced,random_equation,35,ep003_vendor_001,GoRunner001,False,46.38,27,4.51,1.66,1.65,"[0.2264306382960515, 0.13243062865865518, 0.2605194181338173, 0.380619314911476]"
episode_003,dominated,balanced,random_equation,36,ep003_vendor_006,GoRunner006,False,55.39,33,4.55,1.33,16.71,"[0.04421707934229402, 0.004639272072457773, 0.4438134378337778, 0.5073302107514703]"
episode_003,dominated,balanced,random_equation,37,ep003_vendor_010,NoshHub010,False,59.58,16,4.39,2.11,14.1,"[0.15019411038643654, 0.4385501415780739, 0.29663948771791926, 0.11461626031757022]"
episode_003,dominated,balanced,random_equation,38,ep003_vendor_024,QuickLane024,False,51.07,19,3.55,1.58,9.32,"[0.0751478808625527, 0.30479867357340445, 0.036446032900954356, 0.5836074126630885]"
episode_003,dominated,balanced,random_equation,39,ep003_vendor_001,GoRunner001,False,46.38,27,4.51,1.66,1.65,"[0.6714860095303242, 0.2319174595424724, 0.046435628971926136, 0.05016090195527736]"
episode_003,dominated,balanced,random_equation,40,ep003_vendor_001,GoRunner001,False,46.38,27,4.51,1.66,1.65,"[0.18352743698134752, 0.14540303291245607, 0.47000304686704314, 0.20106648323915335]"
episode_003,dominated,balanced,random_equation,41,ep003_vendor_001,GoRunner001,False,46.38,27,4.51,1.66,1.65,"[0.136150076192044, 0.16064022577046924, 0.3113618104654759, 0.39184788757201083]"
episode_003,dominated,balanced,random_equation,42,ep003_vendor_001,GoRunner001,False,46.38,27,4.51,1.66,1.65,"[0.10158656524455444, 0.227627946900077, 0.5026742464616669, 0.16811124139370162]"
episode_003,dominated,balanced,random_equation,43,ep003_vendor_001,GoRunner001,False,46.38,27,4.51,1.66,1.65,"[0.6345939021221763, 0.13490981790709997, 0.009651177971771688, 0.220845101998952]"
episode_003,dominated,balanced,random_equation,44,ep003_vendor_001,GoRunner001,False,46.38,27,4.51,1.66,1.65,"[0.11931966814844269, 0.041501925101680194, 0.564959476379485, 0.2742189303703922]"
episode_003,dominated,balanced,random_equation,45,ep003_vendor_001,GoRunner001,False,46.38,27,4.51,1.66,1.65,"[0.816607519562521, 0.012631345798296582, 0.08689696931229422, 0.0838641653268882]"
episode_003,dominated,balanced,random_equation,46,ep003_vendor_001,GoRunner001,False,46.38,27,4.51,1.66,1.65,"[0.40723245576411565, 0.02260336494910516, 0.22474120400537215, 0.3454229752814071]"
episode_003,dominated,balanced,random_equation,47,ep003_vendor_024,QuickLane024,False,51.07,19,3.55,1.58,9.32,"[0.30080277543945877, 0.42905025577281014, 0.025992875221079913, 0.24415409356665121]"
episode_003,dominated,balanced,random_equation,48,ep003_vendor_001,GoRunner001,False,46.38,27,4.51,1.66,1.65,"[0.22490982945896731, 0.2709511274969005, 0.37326614954864, 0.13087289349549225]"
episode_003,dominated,balanced,random_equation,49,ep003_vendor_010,NoshHub010,False,59.58,16,4.39,2.11,14.1,"[0.05586285133023028, 0.7724229990111842, 0.10358674497243932, 0.06812740468614617]"
episode_003,dominated,balanced,random_equation,50,ep003_vendor_010,NoshHub010,False,59.58,16,4.39,2.11,14.1,"[0.055451663625638845, 0.5173105895544841, 0.23950717791757267, 0.1877305689023045]"
episode_003,dominated,balanced,random_equation,51,ep003_vendor_001,GoRunner001,False,46.38,27,4.51,1.66,1.65,"[0.2561296093201938, 0.3405118598036853, 0.07286338699413587, 0.3304951438819851]"
episode_003,dominated,balanced,random_equation,52,ep003_vendor_010,NoshHub010,False,59.58,16,4.39,2.11,14.1,"[0.1757902787349468, 0.48786874256635626, 0.14309128380368927, 0.19324969489500782]"
episode_003,dominated,balanced,random_equation,53,ep003_vendor_001,GoRunner001,False,46.38,27,4.51,1.66,1.65,"[0.5845268264931202, 0.08527502176700838, 0.23160192541528574, 0.0985962263245857]"
episode_003,dominated,balanced,random_equation,54,ep003_vendor_001,GoRunner001,False,46.38,27,4.51,1.66,1.65,"[0.22389513778041642, 0.19883021507348836, 0.4069589236396261, 0.17031572350646929]"
episode_003,dominated,balanced,random_equation,55,ep003_vendor_001,GoRunner001,False,46.38,27,4.51,1.66,1.65,"[0.20349512904009798, 0.16768006639616392, 0.28275562578028773, 0.34606917878345045]"
episode_003,dominated,balanced,random_equation,56,ep003_vendor_001,GoRunner001,False,46.38,27,4.51,1.66,1.65,"[0.3214360758230456, 0.08266880291997358, 0.13733244857410765, 0.4585626726828732]"
episode_003,dominated,balanced,random_equation,57,ep003_vendor_001,GoRunner001,False,46.38,27,4.51,1.66,1.65,"[0.19444931855281122, 0.23800588356573665, 0.22620936428617427, 0.3413354335952778]"
episode_003,dominated,balanced,random_equation,58,ep003_vendor_010,NoshHub010,False,59.58,16,4.39,2.11,14.1,"[0.010652637713691314, 0.4577253423574096, 0.1514820255535926, 0.3801399943753065]"
episode_003,dominated,balanced,random_equation,59,ep003_vendor_074,QuickCart074,False,63.52,18,4.8,6.12,14.64,"[0.12419975164991297, 0.061267170124340325, 0.7993379018133915, 0.01519517641235508]"
episode_003,dominated,balanced,random_equation,60,ep003_vendor_074,QuickCart074,False,63.52,18,4.8,6.12,14.64,"[0.09620682576687183, 0.3915983103187537, 0.40029458397649315, 0.11190027993788153]"
episode_003,dominated,balanced,random_equation,61,ep003_vendor_001,GoRunner001,False,46.38,27,4.51,1.66,1.65,"[0.1287046399979142, 0.3655041370772846, 0.35853481890185623, 0.14725640402294501]"
episode_003,dominated,balanced,random_equation,62,ep003_vendor_001,GoRunner001,False,46.38,27,4.51,1.66,1.65,"[0.15131719966150167, 0.21085874373719257, 0.5255285268102574, 0.11229552979104838]"
episode_003,dominated,balanced,random_equation,63,ep003_vendor_010,NoshHub010,False,59.58,16,4.39,2.11,14.1,"[0.05761995247413079, 0.4175938955428083, 0.24813278349753115, 0.27665336848552974]"
episode_003,dominated,balanced,random_equation,64,ep003_vendor_001,GoRunner001,False,46.38,27,4.51,1.66,1.65,"[0.6656153399886396, 0.044064380297271874, 0.25209388472127514, 0.03822639499281323]"
episode_003,dominated,balanced,random_equation,65,ep003_vendor_074,QuickCart074,False,63.52,18,4.8,6.12,14.64,"[0.08100234867811971, 0.607995097564636, 0.293460261626592, 0.017542292130652296]"
episode_003,dominated,balanced,random_equation,66,ep003_vendor_001,GoRunner001,False,46.38,27,4.51,1.66,1.65,"[0.08669990257028526, 0.2229261867422726, 0.3234358279972854, 0.3669380826901567]"
episode_003,dominated,balanced,random_equation,67,ep003_vendor_001,GoRunner001,False,46.38,27,4.51,1.66,1.65,"[0.47067751458530876, 0.03776131770565142, 0.18230759509775227, 0.30925357261128755]"
episode_003,dominated,balanced,random_equation,68,ep003_vendor_001,GoRunner001,False,46.38,27,4.51,1.66,1.65,"[0.07337903994510836, 0.2125446815643729, 0.5100753025150992, 0.20400097597541952]"
episode_003,dominated,balanced,random_equation,69,ep003_vendor_001,GoRunner001,False,46.38,27,4.51,1.66,1.65,"[0.26404903094729826, 0.04523982680693356, 0.12602222873261665, 0.5646889135131516]"
episode_003,dominated,balanced,random_equation,70,ep003_vendor_001,GoRunner001,False,46.38,27,4.51,1.66,1.65,"[0.7392465019842018, 0.008518972787387767, 0.22419460708806707, 0.028039918140343578]"
episode_003,dominated,balanced,random_equation,71,ep003_vendor_001,GoRunner001,False,46.38,27,4.51,1.66,1.65,"[0.2361389624539968, 0.06593497797453599, 0.43800776066652314, 0.25991829890494417]"
episode_003,dominated,balanced,random_equation,72,ep003_vendor_001,GoRunner001,False,46.38,27,4.51,1.66,1.65,"[0.0739849656786977, 0.04099984377162253, 0.6078862331109887, 0.27712895743869115]"
episode_003,dominated,balanced,random_equation,73,ep003_vendor_001,GoRunner001,False,46.38,27,4.51,1.66,1.65,"[0.31904126736619287, 0.03583375624896541, 0.17271602257902383, 0.472408953805818]"
episode_003,dominated,balanced,random_equation,74,ep003_vendor_011,PrimeNow011,False,53.3,20,4.62,6.88,5.24,"[0.15360101355616929, 0.5128781859821635, 0.33273858915045484, 0.0007822113112124434]"
episode_003,dominated,balanced,random_equation,75,ep003_vendor_006,GoRunner006,False,55.39,33,4.55,1.33,16.71,"[0.09346376163086477, 0.001724136531268305, 0.22764208021288926, 0.6771700216249776]"
episode_003,dominated,balanced,random_equation,76,ep003_vendor_074,QuickCart074,False,63.52,18,4.8,6.12,14.64,"[0.09385896412375808, 0.1930395275375493, 0.6001241605387619, 0.11297734779993057]"
episode_003,dominated,balanced,random_equation,77,ep003_vendor_010,NoshHub010,False,59.58,16,4.39,2.11,14.1,"[0.02309467607936834, 0.5907610238264925, 0.05463217511810435, 0.33151212497603466]"
episode_003,dominated,balanced,random_equation,78,ep003_vendor_001,GoRunner001,False,46.38,27,4.51,1.66,1.65,"[0.1990348390031796, 0.028883252449274636, 0.6459736253034358, 0.12610828324411]"
episode_003,dominated,balanced,random_equation,79,ep003_vendor_010,NoshHub010,False,59.58,16,4.39,2.11,14.1,"[0.11697454321734992, 0.764171152228018, 0.029894035556706097, 0.08896026899792592]"
episode_003,dominated,balanced,random_equation,80,ep003_vendor_001,GoRunner001,False,46.38,27,4.51,1.66,1.65,"[0.4029618239701819, 0.06304007148733985, 0.12454859962118757, 0.4094495049212906]"
episode_003,dominated,balanced,random_equation,81,ep003_vendor_001,GoRunner001,False,46.38,27,4.51,1.66,1.65,"[0.6341264886239733, 0.00934383953725648, 0.0802995189270625, 0.2762301529117077]"
episode_003,dominated,balanced,random_equation,82,ep003_vendor_001,GoRunner001,False,46.38,27,4.51,1.66,1.65,"[0.4179008723389942, 0.03464802618487585, 0.42917571054601017, 0.11827539093011981]"
episode_003,dominated,balanced,random_equation,83,ep003_vendor_050,RocketMeals050,False,48.4,16,2.86,4.19,0.26,"[0.5177791855444024, 0.4495428086470703, 0.00201467632628915, 0.03066332948223804]"
episode_003,dominated,balanced,random_equation,84,ep003_vendor_001,GoRunner001,False,46.38,27,4.51,1.66,1.65,"[0.07611785673341985, 0.16988742170594714, 0.33154590076569435, 0.4224488207949388]"
episode_003,dominated,balanced,random_equation,85,ep003_vendor_010,NoshHub010,False,59.58,16,4.39,2.11,14.1,"[0.02168253424750071, 0.6068200638097012, 0.10879762579462914, 0.262699776148169]"
episode_003,dominated,balanced,random_equation,86,ep003_vendor_001,GoRunner001,False,46.38,27,4.51,1.66,1.65,"[0.3356656669574281, 0.19598634156229006, 0.03275069617817507, 0.4355972953021067]"
episode_003,dominated,balanced,random_equation,87,ep003_vendor_074,QuickCart074,False,63.52,18,4.8,6.12,14.64,"[0.13780315445277805, 0.36784123593424817, 0.4559663963348418, 0.03838921327813199]"
episode_003,dominated,balanced,random_equation,88,ep003_vendor_001,GoRunner001,False,46.38,27,4.51,1.66,1.65,"[0.687187947307484, 0.1444654871554317, 0.0034851415278171903, 0.16486142400926707]"
episode_003,dominated,balanced,random_equation,89,ep003_vendor_001,GoRunner001,False,46.38,27,4.51,1.66,1.65,"[0.1636849185276646, 0.37512378615003644, 0.3294308785686049, 0.13176041675369402]"
episode_003,dominated,balanced,random_equation,90,ep003_vendor_001,GoRunner001,False,46.38,27,4.51,1.66,1.65,"[0.1470716976596572, 0.25359387113781034, 0.38373051998514307, 0.21560391121738934]"
episode_003,dominated,balanced,random_equation,91,ep003_vendor_050,RocketMeals050,False,48.4,16,2.86,4.19,0.26,"[0.24314126070718114, 0.5901508778098999, 0.028683298085654126, 0.13802456339726474]"
episode_003,dominated,balanced,random_equation,92,ep003_vendor_001,GoRunner001,False,46.38,27,4.51,1.66,1.65,"[0.25647009408154514, 0.4494379824228354, 0.10267607270717247, 0.19141585078844706]"
episode_003,dominated,balanced,random_equation,93,ep003_vendor_001,GoRunner001,False,46.38,27,4.51,1.66,1.65,"[0.16534814912741555, 0.0893899808648653, 0.10767300569423999, 0.6375888643134792]"
episode_003,dominated,balanced,random_equation,94,ep003_vendor_010,NoshHub010,False,59.58,16,4.39,2.11,14.1,"[0.016034434123854885, 0.6451339526325216, 0.06416985259884894, 0.2746617606447746]"
episode_003,dominated,balanced,random_equation,95,ep003_vendor_010,NoshHub010,False,59.58,16,4.39,2.11,14.1,"[0.06185014181454997, 0.3342638049834154, 0.11464744835097201, 0.4892386048510626]"
episode_003,dominated,balanced,random_equation,96,ep003_vendor_074,QuickCart074,False,63.52,18,4.8,6.12,14.64,"[0.0579279149572203, 0.2961665697730375, 0.6325019375683366, 0.013403577701405565]"
episode_003,dominated,balanced,random_equation,97,ep003_vendor_050,RocketMeals050,False,48.4,16,2.86,4.19,0.26,"[0.1784876307249641, 0.7564259612391637, 0.03256623295372801, 0.032520175082144304]"
episode_003,dominated,balanced,random_equation,98,ep003_vendor_001,GoRunner001,False,46.38,27,4.51,1.66,1.65,"[0.19257216711754546, 0.19208713548797007, 0.090514244791863, 0.5248264526026214]"
episode_003,dominated,balanced,random_equation,99,ep003_vendor_010,NoshHub010,False,59.58,16,4.39,2.11,14.1,"[0.10534946637012749, 0.45599832600001877, 0.1405825630196066, 0.2980696446102472]"
episode_004,dominated,fast,price_first,,ep004_vendor_001,BlinkExpress001,False,18.26,27,4.74,1.15,2.38,
episode_004,dominated,fast,eta_first,,ep004_vendor_043,FeastDrop043,False,30.06,15,4.53,6.83,2.58,
episode_004,dominated,fast,rating_first,,ep004_vendor_086,QuickMeals086,False,27.11,16,4.88,1.88,10.09,
episode_004,dominated,fast,balanced_equation,,ep004_vendor_001,BlinkExpress001,False,18.26,27,4.74,1.15,2.38,
episode_004,dominated,fast,random_equation,0,ep004_vendor_001,BlinkExpress001,False,18.26,27,4.74,1.15,2.38,"[0.4489654279223898, 0.1260650640079925, 0.22837857546371165, 0.1965909326059059]"
episode_004,dominated,fast,random_equation,1,ep004_vendor_086,QuickMeals086,False,27.11,16,4.88,1.88,10.09,"[0.08982214413457419, 0.2571383391227131, 0.569971353101776, 0.08306816364093679]"
episode_004,dominated,fast,random_equation,2,ep004_vendor_086,QuickMeals086,False,27.11,16,4.88,1.88,10.09,"[0.0632839992266937, 0.13248490162611765, 0.5474420314394831, 0.2567890677077055]"
episode_004,dominated,fast,random_equation,3,ep004_vendor_001,BlinkExpress001,False,18.26,27,4.74,1.15,2.38,"[0.3049746834065756, 0.38311599518909567, 0.10803558141121287, 0.20387373999311592]"
episode_004,dominated,fast,random_equation,4,ep004_vendor_001,BlinkExpress001,False,18.26,27,4.74,1.15,2.38,"[0.5686503978912764, 0.2968244608136728, 0.002284468343928674, 0.13224067295112224]"
episode_004,dominated,fast,random_equation,5,ep004_vendor_001,BlinkExpress001,False,18.26,27,4.74,1.15,2.38,"[0.18312235969724294, 0.019759199584239617, 0.6510158910353488, 0.1461025496831686]"
episode_004,dominated,fast,random_equation,6,ep004_vendor_086,QuickMeals086,False,27.11,16,4.88,1.88,10.09,"[0.025703537967939893, 0.5345215074403993, 0.22462408244037418, 0.21515087215128664]"
episode_004,dominated,fast,random_equation,7,ep004_vendor_086,QuickMeals086,False,27.11,16,4.88,1.88,10.09,"[0.08352296460476116, 0.3631537249250953, 0.36390999025383974, 0.18941332021630364]"
episode_004,dominated,fast,random_equation,8,ep004_vendor_001,BlinkExpress001,False,18.26,27,4.74,1.15,2.38,"[0.37854373547518305, 0.1065281141964349, 0.03289492616815033, 0.4820332241602316]"
episode_004,dominated,fast,random_equation,9,ep004_vendor_001,BlinkExpress001,False,18.26,27,4.74,1.15,2.38,"[0.23992578601436804, 0.01146950863541042, 0.0031778862348078338, 0.7454268191154135]"
episode_004,dominated,fast,random_equation,10,ep004_vendor_086,QuickMeals086,False,27.11,16,4.88,1.88,10.09,"[0.2666243547054231, 0.6437101434810494, 0.03238154211966025, 0.05728395969386725]"
episode_004,dominated,fast,random_equation,11,ep004_vendor_001,BlinkExpress001,False,18.26,27,4.74,1.15,2.38,"[0.22883032323343008, 0.3306785034967534, 0.2324129465330343, 0.20807822673678236]"
episode_004,dominated,fast,random_equation,12,ep004_vendor_086,QuickMeals086,False,27.11,16,4.88,1.88,10.09,"[0.19065634903995468, 0.23025351280815604, 0.4800362679992653, 0.09905387015262404]"
episode_004,dominated,fast,random_equation,13,ep004_vendor_001,BlinkExpress001,False,18.26,27,4.74,1.15,2.38,"[0.19874711367920966, 0.04678766550721738, 0.5566151014421477, 0.19785011937142538]"
episode_004,dominated,fast,random_equation,14,ep004_vendor_001,BlinkExpress001,False,18.26,27,4.74,1.15,2.38,"[0.5857388637893269, 0.23459015652209622, 0.08395063091492909, 0.09572034877364773]"
episode_004,dominated,fast,random_equation,15,ep004_vendor_001,BlinkExpress001,False,18.26,27,4.74,1.15,2.38,"[0.36820641909864377, 0.024213084211245947, 0.5400856696236812, 0.06749482706642894]"
episode_004,dominated,fast,random_equation,16,ep004_vendor_001,BlinkExpress001,False,18.26,27,4.74,1.15,2.38,"[0.46718427361921755, 0.08620143615736599, 0.34509205217690064, 0.10152223804651582]"
episode_004,dominated,fast,random_equation,17,ep004_vendor_001,BlinkExpress001,False,18.26,27,4.74,1.15,2.38,"[0.42344899780234435, 0.46532130453667575, 0.004988797346989692, 0.1062409003139901]"
episode_004,dominated,fast,random_equation,18,ep004_vendor_086,QuickMeals086,False,27.11,16,4.88,1.88,10.09,"[0.16660978667433224, 0.625197742850413, 0.0858725588747852, 0.1223199116004697]"
episode_004,dominated,fast,random_equation,19,ep004_vendor_001,BlinkExpress001,False,18.26,27,4.74,1.15,2.38,"[0.5078863536567415, 0.09216634609661029, 0.15936035460216297, 0.2405869456444852]"
episode_004,dominated,fast,random_equation,20,ep004_vendor_001,BlinkExpress001,False,18.26,27,4.74,1.15,2.38,"[0.6811783688435357, 0.06610135421516908, 0.06623435383607747, 0.18648592310521772]"
episode_004,dominated,fast,random_equation,21,ep004_vendor_001,BlinkExpress001,False,18.26,27,4.74,1.15,2.38,"[0.8762685836385551, 0.005307444226408142, 0.06704030154197692, 0.05138367059305979]"
episode_004,dominated,fast,random_equation,22,ep004_vendor_001,BlinkExpress001,False,18.26,27,4.74,1.15,2.38,"[0.504892465938255, 0.20454392287231035, 0.06150006880910417, 0.22906354238033055]"
episode_004,dominated,fast,random_equation,23,ep004_vendor_001,BlinkExpress001,False,18.26,27,4.74,1.15,2.38,"[0.36253609271285486, 0.13651663863968372, 0.23574952302249583, 0.26519774562496556]"
episode_004,dominated,fast,random_equation,24,ep004_vendor_001,BlinkExpress001,False,18.26,27,4.74,1.15,2.38,"[0.3577214162626215, 0.09598572355549706, 0.057330180922755394, 0.488962679259126]"
episode_004,dominated,fast,random_equation,25,ep004_vendor_001,BlinkExpress001,False,18.26,27,4.74,1.15,2.38,"[0.3801712325313471, 0.16055895552464988, 0.2115478904073773, 0.24772192153662573]"
episode_004,dominated,fast,random_equation,26,ep004_vendor_001,BlinkExpress001,False,18.26,27,4.74,1.15,2.38,"[0.19250857570763988, 0.002393188382510212, 0.25511613057278026, 0.5499821053370696]"
episode_004,dominated,fast,random_equation,27,ep004_vendor_086,QuickMeals086,False,27.11,16,4.88,1.88,10.09,"[0.26293309408179566, 0.41781271290720273, 0.20794312094142195, 0.11131107206957964]"
episode_004,dominated,fast,random_equation,28,ep004_vendor_001,BlinkExpress001,False,18.26,27,4.74,1.15,2.38,"[0.5709250607686706, 0.08766231271140669, 0.3229587331883495, 0.01845389333157328]"
episode_004,dominated,fast,random_equation,29,ep004_vendor_086,QuickMeals086,False,27.11,16,4.88,1.88,10.09,"[0.1485389083595977, 0.3533899098674831, 0.26586123262071687, 0.23220994915220236]"
episode_004,dominated,fast,random_equation,30,ep004_vendor_001,BlinkExpress001,False,18.26,27,4.74,1.15,2.38,"[0.1475785018835624, 0.3208975206482706, 0.08248587982959923, 0.4490380976385677]"
episode_004,dominated,fast,random_equation,31,ep004_vendor_001,BlinkExpress001,False,18.26,27,4.74,1.15,2.38,"[0.9691747836278517, 0.024655903887276523, 1.410536325776379e-05, 0.006155207121613852]"
episode_004,dominated,fast,random_equation,32,ep004_vendor_086,QuickMeals086,False,27.11,16,4.88,1.88,10.09,"[0.15707745310261986, 0.6836402815373861, 0.1218657196489934, 0.037416545711000525]"
episode_004,dominated,fast,random_equation,33,ep004_vendor_086,QuickMeals086,False,27.11,16,4.88,1.88,10.09,"[0.10174966168346297, 0.46725886834858826, 0.2786120372079142, 0.15237943276003443]"
episode_004,dominated,fast,random_equation,34,ep004_vendor_086,QuickMeals086,False,27.11,16,4.88,1.88,10.09,"[0.16992939098899063, 0.2553654622750822, 0.3641532706587018, 0.21055187607722545]"
episode_004,dominated,fast,random_equation,35,ep004_vendor_086,QuickMeals086,False,27.11,16,4.88,1.88,10.09,"[0.2416264590563617, 0.5508423775816906, 0.19201675257042491, 0.015514410791522874]"
episode_004,dominated,fast,random_equation,36,ep004_vendor_001,BlinkExpress001,False,18.26,27,4.74,1.15,2.38,"[0.2335052161246601, 0.09033335530856564, 0.17225630502006975, 0.5039051235467047]"
episode_004,dominated,fast,random_equation,37,ep004_vendor_086,QuickMeals086,False,27.11,16,4.88,1.88,10.09,"[0.30712190539422374, 0.4429341128450625, 0.17600890813436262, 0.07393507362635114]"
episode_004,dominated,fast,random_equation,38,ep004_vendor_086,QuickMeals086,False,27.11,16,4.88,1.88,10.09,"[0.10538656107771087, 0.16425772633287522, 0.7214337129764018, 0.008921999613012124]"
episode_004,dominated,fast,random_equation,39,ep004_vendor_001,BlinkExpress001,False,18.26,27,4.74,1.15,2.38,"[0.36664560869239915, 0.19129674790862602, 0.22672615170693428, 0.2153314916920405]"
episode_004,dominated,fast,random_equation,40,ep004_vendor_001,BlinkExpress001,False,18.26,27,4.74,1.15,2.38,"[0.15821310327375, 0.1748510759757846, 0.052115134982982626, 0.6148206857674827]"
episode_004,dominated,fast,random_equation,41,ep004_vendor_001,BlinkExpress001,False,18.26,27,4.74,1.15,2.38,"[0.6841971874723409, 0.0004979876101147442, 0.109377507471241, 0.2059273174463033]"
episode_004,dominated,fast,random_equation,42,ep004_vendor_001,BlinkExpress001,False,18.26,27,4.74,1.15,2.38,"[0.45445755779630576, 0.009093813251393931, 0.38451969216582543, 0.15192893678647487]"
episode_004,dominated,fast,random_equation,43,ep004_vendor_086,QuickMeals086,False,27.11,16,4.88,1.88,10.09,"[0.092640080806976, 0.4703341427200962, 0.32269575090179564, 0.11433002557113213]"
episode_004,dominated,fast,random_equation,44,ep004_vendor_086,QuickMeals086,False,27.11,16,4.88,1.88,10.09,"[0.043360129482457536, 0.37694799628254744, 0.3341279362869214, 0.24556393794807363]"
episode_004,dominated,fast,random_equation,45,ep004_vendor_001,BlinkExpress001,False,18.26,27,4.74,1.15,2.38,"[0.5307328065569925, 0.23301557380430407, 0.23162052847454265, 0.004631091164160929]"
episode_004,dominated,fast,random_equation,46,ep004_vendor_001,BlinkExpress001,False,18.26,27,4.74,1.15,2.38,"[0.32047627558720904, 0.046932449613575726, 0.37732090650938027, 0.25527036828983496]"
episode_004,dominated,fast,random_equation,47,ep004_vendor_001,BlinkExpress001,False,18.26,27,4.74,1.15,2.38,"[0.6148142136085426, 0.25133840482187253, 0.030154848102678183, 0.10369253346690663]"
episode_004,dominated,fast,random_equation,48,ep004_vendor_001,BlinkExpress001,False,18.26,27,4.74,1.15,2.38,"[0.30880220972447764, 0.31487106715831725, 0.29250890814045066, 0.08381781497675454]"
episode_004,dominated,fast,random_equation,49,ep004_vendor_086,QuickMeals086,False,27.11,16,4.88,1.88,10.09,"[0.07031696328478691, 0.0729705504819414, 0.6832628983930735, 0.17344958784019812]"
episode_004,dominated,fast,random_equation,50,ep004_vendor_086,QuickMeals086,False,27.11,16,4.88,1.88,10.09,"[0.09828102530571167, 0.6384224111390833, 0.24785616281800069, 0.015440400737204398]"
episode_004,dominated,fast,random_equation,51,ep004_vendor_001,BlinkExpress001,False,18.26,27,4.74,1.15,2.38,"[0.06077550128740803, 0.23140296515681255, 0.201857791600682, 0.5059637419550973]"
episode_004,dominated,fast,random_equation,52,ep004_vendor_086,QuickMeals086,False,27.11,16,4.88,1.88,10.09,"[0.05552640794652971, 0.2740502567060234, 0.30021786888891805, 0.3702054664585288]"
episode_004,dominated,fast,random_equation,53,ep004_vendor_001,BlinkExpress001,False,18.26,27,4.74,1.15,2.38,"[0.3811569405466053, 0.2859398577852591, 0.1502265849020828, 0.18267661676605287]"
episode_004,dominated,fast,random_equation,54,ep004_vendor_086,QuickMeals086,False,27.11,16,4.88,1.88,10.09,"[0.048205275487708636, 0.22109196057263533, 0.5991187839719041, 0.13158397996775184]"
episode_004,dominated,fast,random_equation,55,ep004_vendor_086,QuickMeals086,False,27.11,16,4.88,1.88,10.09,"[0.0755036698339558, 0.5366743716004087, 0.1975171566275792, 0.19030480193805624]"
episode_004,dominated,fast,random_equation,56,ep004_vendor_086,QuickMeals086,False,27.11,16,4.88,1.88,10.09,"[0.0683389366462787, 0.047346374655955786, 0.8262507134319889, 0.058063975265776654]"
episode_004,dominated,fast,random_equation,57,ep004_vendor_001,BlinkExpress001,False,18.26,27,4.74,1.15,2.38,"[0.6538223129696463, 0.086226815312037, 0.1365486519505009, 0.12340221976781575]"
episode_004,dominated,fast,random_equation,58,ep004_vendor_001,BlinkExpress001,False,18.26,27,4.74,1.15,2.38,"[0.220552092381485, 0.16278939279897162, 0.2993878266396335, 0.3172706881799099]"
episode_004,dominated,fast,random_equation,59,ep004_vendor_086,QuickMeals086,False,27.11,16,4.88,1.88,10.09,"[0.07163915344556897, 0.259088437505992, 0.18829865464760348, 0.4809737544008356]"
episode_004,dominated,fast,random_equation,60,ep004_vendor_001,BlinkExpress001,False,18.26,27,4.74,1.15,2.38,"[0.5246965961356207, 0.17291106166758427, 0.08868975806793171, 0.2137025841288633]"
episode_004,dominated,fast,random_equation,61,ep004_vendor_086,QuickMeals086,False,27.11,16,4.88,1.88,10.09,"[0.14844647291612892, 0.33795459415882106, 0.27239165117803243, 0.2412072817470177]"
episode_004,dominated,fast,random_equation,62,ep004_vendor_001,BlinkExpress001,False,18.26,27,4.74,1.15,2.38,"[0.16352629849567102, 0.034700518013069406, 0.42648609429140594, 0.3752870891998536]"
episode_004,dominated,fast,random_equation,63,ep004_vendor_001,BlinkExpress001,False,18.26,27,4.74,1.15,2.38,"[0.36946563550659, 0.012920217121024459, 0.5372225529659761, 0.08039159440640939]"
episode_004,dominated,fast,random_equation,64,ep004_vendor_086,QuickMeals086,False,27.11,16,4.88,1.88,10.09,"[0.22746308042311775, 0.3598027650267861, 0.3544354551355338, 0.0582986994145624]"
episode_004,dominated,fast,random_equation,65,ep004_vendor_001,BlinkExpress001,False,18.26,27,4.74,1.15,2.38,"[0.4170472886817745, 0.12399011523649593, 0.23827493612413628, 0.22068765995759335]"
episode_004,dominated,fast,random_equation,66,ep004_vendor_086,QuickMeals086,False,27.11,16,4.88,1.88,10.09,"[0.2332568926188316, 0.4330910885686952, 0.19561800295323845, 0.13803401585923467]"
episode_004,dominated,fast,random_equation,67,ep004_vendor_001,BlinkExpress001,False,18.26,27,4.74,1.15,2.38,"[0.2925393561057653, 0.10944248066141438, 0.2612992807404008, 0.33671888249241955]"
episode_004,dominated,fast,random_equation,68,ep004_vendor_086,QuickMeals086,False,27.11,16,4.88,1.88,10.09,"[0.011619280815283505, 0.18080323341750276, 0.7035483543230876, 0.104029131444126]"
episode_004,dominated,fast,random_equation,69,ep004_vendor_001,BlinkExpress001,False,18.26,27,4.74,1.15,2.38,"[0.22057282383954482, 0.11371973491876791, 0.19136530285257805, 0.47434213838910916]"
episode_004,dominated,fast,random_equation,70,ep004_vendor_001,BlinkExpress001,False,18.26,27,4.74,1.15,2.38,"[0.003254583921538602, 0.21772124927455197, 0.07088580056095861, 0.7081383662429508]"
episode_004,dominated,fast,random_equation,71,ep004_vendor_086,QuickMeals086,False,27.11,16,4.88,1.88,10.09,"[0.013103210716590388, 0.527994893448359, 0.2186304422406283, 0.24027145359442237]"
episode_004,dominated,fast,random_equation,72,ep004_vendor_001,BlinkExpress001,False,18.26,27,4.74,1.15,2.38,"[0.21104158798849568, 0.10107963018532426, 0.09139095564640863, 0.5964878261797714]"
episode_004,dominated,fast,random_equation,73,ep004_vendor_001,BlinkExpress001,False,18.26,27,4.74,1.15,2.38,"[0.5237610178233674, 0.03281066681547672, 0.09426519447256446, 0.3491631208885914]"
episode_004,dominated,fast,random_equation,74,ep004_vendor_086,QuickMeals086,False,27.11,16,4.88,1.88,10.09,"[0.0871421319326632, 0.5511453851040464, 0.2643684805238977, 0.0973440024393926]"
episode_004,dominated,fast,random_equation,75,ep004_vendor_086,QuickMeals086,False,27.11,16,4.88,1.88,10.09,"[0.08515348679244604, 0.6098439104010689, 0.08500679974823135, 0.2199958030582537]"
episode_004,dominated,fast,random_equation,76,ep004_vendor_086,QuickMeals086,False,27.11,16,4.88,1.88,10.09,"[0.07916778022031992, 0.14407657640738128, 0.7535353571629497, 0.02322028620934904]"
episode_004,dominated,fast,random_equation,77,ep004_vendor_001,BlinkExpress001,False,18.26,27,4.74,1.15,2.38,"[0.4833601281710433, 0.07389027782337176, 0.4312118632567572, 0.011537730748827949]"
episode_004,dominated,fast,random_equation,78,ep004_vendor_001,BlinkExpress001,False,18.26,27,4.74,1.15,2.38,"[0.4923044680173977, 0.1910064320961481, 0.1940771580348161, 0.12261194185163829]"
episode_004,dominated,fast,random_equation,79,ep004_vendor_004,CityDrop004,False,29.59,16,4.09,1.41,15.59,"[0.08629937358809361, 0.5727161871488196, 0.006609975611117896, 0.3343744636519688]"
episode_004,dominated,fast,random_equation,80,ep004_vendor_001,BlinkExpress001,False,18.26,27,4.74,1.15,2.38,"[0.6743750455547673, 0.10021249852310572, 0.22003523229707941, 0.005377223625047438]"
episode_004,dominated,fast,random_equation,81,ep004_vendor_001,BlinkExpress001,False,18.26,27,4.74,1.15,2.38,"[0.30405812915851466, 0.10171039588935984, 0.06699775611985219, 0.5272337188322733]"
episode_004,dominated,fast,random_equation,82,ep004_vendor_086,QuickMeals086,False,27.11,16,4.88,1.88,10.09,"[0.07801741653722152, 0.4357852470555625, 0.1025465046700404, 0.3836508317371756]"
episode_004,dominated,fast,random_equation,83,ep004_vendor_086,QuickMeals086,False,27.11,16,4.88,1.88,10.09,"[0.11725104952815006, 0.01388948424848275, 0.7159793646653781, 0.152880101557989]"
episode_004,dominated,fast,random_equation,84,ep004_vendor_086,QuickMeals086,False,27.11,16,4.88,1.88,10.09,"[0.2433675698473912, 0.7464653659678955, 0.005610880482243643, 0.004556183702469676]"
episode_004,dominated,fast,random_equation,85,ep004_vendor_004,CityDrop004,False,29.59,16,4.09,1.41,15.59,"[0.03447655696736554, 0.667595999988305, 0.024297746641317394, 0.27362969640301205]"
episode_004,dominated,fast,random_equation,86,ep004_vendor_086,QuickMeals086,False,27.11,16,4.88,1.88,10.09,"[0.03612139232281423, 0.3316354071503391, 0.14391250132849673, 0.48833069919834987]"
episode_004,dominated,fast,random_equation,87,ep004_vendor_001,BlinkExpress001,False,18.26,27,4.74,1.15,2.38,"[0.5711932775983829, 0.09688973548065005, 0.06712605548469329, 0.2647909314362737]"
episode_004,dominated,fast,random_equation,88,ep004_vendor_001,BlinkExpress001,False,18.26,27,4.74,1.15,2.38,"[0.758664501865839, 0.054517462955092584, 0.007478644768672587, 0.17933939041039587]"
episode_004,dominated,fast,random_equation,89,ep004_vendor_086,QuickMeals086,False,27.11,16,4.88,1.88,10.09,"[0.019481883488115227, 0.06242538435303289, 0.49924550435042775, 0.41884722780842415]"
episode_004,dominated,fast,random_equation,90,ep004_vendor_086,QuickMeals086,False,27.11,16,4.88,1.88,10.09,"[0.05331870793591232, 0.2080627252997661, 0.7037676025908917, 0.03485096417342996]"
episode_004,dominated,fast,random_equation,91,ep004_vendor_001,BlinkExpress001,False,18.26,27,4.74,1.15,2.38,"[0.22041900279694968, 0.000545047657735446, 0.12909953535472393, 0.6499364141905909]"
episode_004,dominated,fast,random_equation,92,ep004_vendor_001,BlinkExpress001,False,18.26,27,4.74,1.15,2.38,"[0.22195161312980277, 0.04991521493861424, 0.6227824518014364, 0.10535072013014651]"
episode_004,dominated,fast,random_equation,93,ep004_vendor_086,QuickMeals086,False,27.11,16,4.88,1.88,10.09,"[0.2358869741478151, 0.19983387099151004, 0.5333847851116702, 0.03089436974900484]"
episode_004,dominated,fast,random_equation,94,ep004_vendor_086,QuickMeals086,False,27.11,16,4.88,1.88,10.09,"[0.05035435650886308, 0.5338383021458094, 0.3752390257204457, 0.04056831562488169]"
episode_004,dominated,fast,random_equation,95,ep004_vendor_001,BlinkExpress001,False,18.26,27,4.74,1.15,2.38,"[0.027267190471017323, 0.14467268075726877, 0.15243493325470864, 0.6756251955170054]"
episode_004,dominated,fast,random_equation,96,ep004_vendor_001,BlinkExpress001,False,18.26,27,4.74,1.15,2.38,"[0.5268503669960486, 0.432264746366515, 0.006793472157356719, 0.03409141448007958]"
episode_004,dominated,fast,random_equation,97,ep004_vendor_086,QuickMeals086,False,27.11,16,4.88,1.88,10.09,"[0.08234917769009364, 0.23608118008081042, 0.45004864093485264, 0.2315210012942433]"
episode_004,dominated,fast,random_equation,98,ep004_vendor_001,BlinkExpress001,False,18.26,27,4.74,1.15,2.38,"[0.11911723063612639, 0.21330032272967214, 0.010441223275515187, 0.6571412233586863]"
episode_004,dominated,fast,random_equation,99,ep004_vendor_001,BlinkExpress001,False,18.26,27,4.74,1.15,2.38,"[0.2794331142881359, 0.10143630557318127, 0.03449781940461758, 0.5846327607340653]"
episode_005,dominated,balanced,price_first,,ep005_vendor_001,SwiftHub001,False,25.85,24,4.89,0.99,5.71,
episode_005,dominated,balanced,eta_first,,ep005_vendor_060,GoBite060,False,38.55,16,3.27,3.91,9.58,
episode_005,dominated,balanced,rating_first,,ep005_vendor_001,SwiftHub001,False,25.85,24,4.89,0.99,5.71,
episode_005,dominated,balanced,balanced_equation,,ep005_vendor_001,SwiftHub001,False,25.85,24,4.89,0.99,5.71,
episode_005,dominated,balanced,random_equation,0,ep005_vendor_001,SwiftHub001,False,25.85,24,4.89,0.99,5.71,"[0.4108928764864465, 0.26624144019106705, 0.18736796500691247, 0.135497718315574]"
episode_005,dominated,balanced,random_equation,1,ep005_vendor_001,SwiftHub001,False,25.85,24,4.89,0.99,5.71,"[0.046894521191614094, 0.3060002494919931, 0.04491438107107456, 0.6021908482453182]"
episode_005,dominated,balanced,random_equation,2,ep005_vendor_001,SwiftHub001,False,25.85,24,4.89,0.99,5.71,"[0.28429697234373774, 0.09831322383574453, 0.4163627637675985, 0.20102704005291913]"
episode_005,dominated,balanced,random_equation,3,ep005_vendor_001,SwiftHub001,False,25.85,24,4.89,0.99,5.71,"[0.15779312050785163, 0.05500449071607666, 0.6452803682099024, 0.14192202056616934]"
episode_005,dominated,balanced,random_equation,4,ep005_vendor_001,SwiftHub001,False,25.85,24,4.89,0.99,5.71,"[0.19712479047270484, 0.5924283821140581, 0.1217418698716465, 0.08870495754159058]"
episode_005,dominated,balanced,random_equation,5,ep005_vendor_001,SwiftHub001,False,25.85,24,4.89,0.99,5.71,"[0.21841702381097408, 0.32414334863445815, 0.09958072153304871, 0.35785890602151893]"
episode_005,dominated,balanced,random_equation,6,ep005_vendor_001,SwiftHub001,False,25.85,24,4.89,0.99,5.71,"[0.026788852213573727, 0.45221388822430886, 0.1954481735498489, 0.3255490860122685]"
episode_005,dominated,balanced,random_equation,7,ep005_vendor_001,SwiftHub001,False,25.85,24,4.89,0.99,5.71,"[0.24075030458394012, 0.1015625661583375, 0.43947819214112355, 0.2182089371165988]"
episode_005,dominated,balanced,random_equation,8,ep005_vendor_001,SwiftHub001,False,25.85,24,4.89,0.99,5.71,"[0.032100749513229825, 0.5682577993811725, 0.09174029332153893, 0.3079011577840587]"
episode_005,dominated,balanced,random_equation,9,ep005_vendor_001,SwiftHub001,False,25.85,24,4.89,0.99,5.71,"[0.18911409230584764, 0.16328970475720436, 0.6230767739369929, 0.024519428999955042]"
episode_005,dominated,balanced,random_equation,10,ep005_vendor_001,SwiftHub001,False,25.85,24,4.89,0.99,5.71,"[0.059629906295058224, 0.1796281238834717, 0.05320250698783647, 0.7075394628336336]"
episode_005,dominated,balanced,random_equation,11,ep005_vendor_001,SwiftHub001,False,25.85,24,4.89,0.99,5.71,"[0.6364966579319212, 0.11492903307478103, 0.18546320599174076, 0.06311110300155684]"
episode_005,dominated,balanced,random_equation,12,ep005_vendor_001,SwiftHub001,False,25.85,24,4.89,0.99,5.71,"[0.11538125976287893, 0.4201378699489241, 0.2782116873250643, 0.18626918296313258]"
episode_005,dominated,balanced,random_equation,13,ep005_vendor_001,SwiftHub001,False,25.85,24,4.89,0.99,5.71,"[0.12014362211926922, 0.020613435055064397, 0.20666669758179287, 0.6525762452438734]"
episode_005,dominated,balanced,random_equation,14,ep005_vendor_001,SwiftHub001,False,25.85,24,4.89,0.99,5.71,"[0.13806909277254045, 0.2534155884860888, 0.5897658578181979, 0.018749460923172836]"
episode_005,dominated,balanced,random_equation,15,ep005_vendor_001,SwiftHub001,False,25.85,24,4.89,0.99,5.71,"[0.01412442369974081, 0.14198780257019508, 0.7150232888997309, 0.1288644848303333]"
episode_005,dominated,balanced,random_equation,16,ep005_vendor_001,SwiftHub001,False,25.85,24,4.89,0.99,5.71,"[0.08327272858049635, 0.6166967642104122, 0.2173775883559839, 0.08265291885310752]"
episode_005,dominated,balanced,random_equation,17,ep005_vendor_001,SwiftHub001,False,25.85,24,4.89,0.99,5.71,"[0.552137417925688, 0.040465824914712595, 0.37825296457841207, 0.029143792581187142]"
episode_005,dominated,balanced,random_equation,18,ep005_vendor_001,SwiftHub001,False,25.85,24,4.89,0.99,5.71,"[0.20691268677740587, 0.41427536147391747, 0.16796439848049227, 0.21084755326818438]"
episode_005,dominated,balanced,random_equation,19,ep005_vendor_001,SwiftHub001,False,25.85,24,4.89,0.99,5.71,"[0.08637634893027954, 0.08509878196968586, 0.19342885259432668, 0.6350960165057079]"
episode_005,dominated,balanced,random_equation,20,ep005_vendor_001,SwiftHub001,False,25.85,24,4.89,0.99,5.71,"[0.019756212395741074, 0.15970008004249758, 0.8030143492829642, 0.017529358278797095]"
episode_005,dominated,balanced,random_equation,21,ep005_vendor_001,SwiftHub001,False,25.85,24,4.89,0.99,5.71,"[0.4124889553608072, 0.11307662315474508, 0.29671360650211837, 0.17772081498232933]"
episode_005,dominated,balanced,random_equation,22,ep005_vendor_001,SwiftHub001,False,25.85,24,4.89,0.99,5.71,"[0.7789856416624357, 0.03575887972431843, 0.18264584833046685, 0.0026096302827790865]"
episode_005,dominated,balanced,random_equation,23,ep005_vendor_001,SwiftHub001,False,25.85,24,4.89,0.99,5.71,"[0.05104618553759189, 0.14538884655209172, 0.3539458047343881, 0.4496191631759284]"
episode_005,dominated,balanced,random_equation,24,ep005_vendor_001,SwiftHub001,False,25.85,24,4.89,0.99,5.71,"[0.0937619916666006, 0.448258228375612, 0.18465920201730823, 0.27332057794047904]"
episode_005,dominated,balanced,random_equation,25,ep005_vendor_001,SwiftHub001,False,25.85,24,4.89,0.99,5.71,"[0.11594311488187323, 0.10314770866800713, 0.20415630520735528, 0.5767528712427644]"
episode_005,dominated,balanced,random_equation,26,ep005_vendor_001,SwiftHub001,False,25.85,24,4.89,0.99,5.71,"[0.4195593061770538, 0.24525306514964113, 0.015168544258920714, 0.3200190844143844]"
episode_005,dominated,balanced,random_equation,27,ep005_vendor_001,SwiftHub001,False,25.85,24,4.89,0.99,5.71,"[0.09277698620195486, 0.1232795892685424, 0.5096065378843586, 0.2743368866451441]"
episode_005,dominated,balanced,random_equation,28,ep005_vendor_001,SwiftHub001,False,25.85,24,4.89,0.99,5.71,"[0.3023031868781747, 0.06600693290731344, 0.4736160314320398, 0.15807384878247202]"
episode_005,dominated,balanced,random_equation,29,ep005_vendor_001,SwiftHub001,False,25.85,24,4.89,0.99,5.71,"[0.5706474141313885, 0.2327437270934852, 0.07484415558420911, 0.12176470319091713]"
episode_005,dominated,balanced,random_equation,30,ep005_vendor_001,SwiftHub001,False,25.85,24,4.89,0.99,5.71,"[0.3305551375224581, 0.3481449149427464, 0.15289984702801265, 0.16840010050678278]"
episode_005,dominated,balanced,random_equation,31,ep005_vendor_001,SwiftHub001,False,25.85,24,4.89,0.99,5.71,"[0.21891441139761014, 0.06469909725694577, 0.3407449053502515, 0.37564158599519254]"
episode_005,dominated,balanced,random_equation,32,ep005_vendor_001,SwiftHub001,False,25.85,24,4.89,0.99,5.71,"[0.2685754454271821, 0.39629860318528404, 0.2511424781523158, 0.08398347323521813]"
episode_005,dominated,balanced,random_equation,33,ep005_vendor_001,SwiftHub001,False,25.85,24,4.89,0.99,5.71,"[0.34412363101078863, 0.03721382580457489, 0.13618502183378312, 0.48247752135085326]"
episode_005,dominated,balanced,random_equation,34,ep005_vendor_060,GoBite060,False,38.55,16,3.27,3.91,9.58,"[0.05628369856669988, 0.8536618870000524, 0.027356151105787214, 0.06269826332746058]"
episode_005,dominated,balanced,random_equation,35,ep005_vendor_001,SwiftHub001,False,25.85,24,4.89,0.99,5.71,"[0.4396981163659438, 0.224504566064765, 0.33116039571085787, 0.004636921858433415]"
episode_005,dominated,balanced,random_equation,36,ep005_vendor_001,SwiftHub001,False,25.85,24,4.89,0.99,5.71,"[0.5823639327886307, 0.14252274513865654, 0.12336702910738102, 0.15174629296533176]"
episode_005,dominated,balanced,random_equation,37,ep005_vendor_001,SwiftHub001,False,25.85,24,4.89,0.99,5.71,"[0.11804389794040657, 0.08268382720220363, 0.327252766671758, 0.4720195081856318]"
episode_005,dominated,balanced,random_equation,38,ep005_vendor_001,SwiftHub001,False,25.85,24,4.89,0.99,5.71,"[0.605277850208076, 0.3238379549811626, 0.03927012523351562, 0.031614069577245885]"
episode_005,dominated,balanced,random_equation,39,ep005_vendor_001,SwiftHub001,False,25.85,24,4.89,0.99,5.71,"[0.3829993712204809, 0.3851291762606469, 0.23064517588905628, 0.0012262766298160451]"
episode_005,dominated,balanced,random_equation,40,ep005_vendor_001,SwiftHub001,False,25.85,24,4.89,0.99,5.71,"[0.024687976545217528, 0.1892847775216912, 0.015496661149148577, 0.7705305847839427]"
episode_005,dominated,balanced,random_equation,41,ep005_vendor_001,SwiftHub001,False,25.85,24,4.89,0.99,5.71,"[0.1478046650634273, 0.5357614859673236, 0.031107200166889674, 0.2853266488023593]"
episode_005,dominated,balanced,random_equation,42,ep005_vendor_001,SwiftHub001,False,25.85,24,4.89,0.99,5.71,"[0.029473675216675817, 0.28109577880405934, 0.6550509161404463, 0.034379629838818496]"
episode_005,dominated,balanced,random_equation,43,ep005_vendor_001,SwiftHub001,False,25.85,24,4.89,0.99,5.71,"[0.520280930371698, 0.2977879946835467, 0.0393360030768181, 0.1425950718679372]"
episode_005,dominated,balanced,random_equation,44,ep005_vendor_001,SwiftHub001,False,25.85,24,4.89,0.99,5.71,"[0.2355233987300351, 0.04970116090190948, 0.6296231563002509, 0.08515228406780455]"
episode_005,dominated,balanced,random_equation,45,ep005_vendor_001,SwiftHub001,False,25.85,24,4.89,0.99,5.71,"[0.04182298294383721, 0.2877082532800757, 0.3192858673089678, 0.3511828964671193]"
episode_005,dominated,balanced,random_equation,46,ep005_vendor_001,SwiftHub001,False,25.85,24,4.89,0.99,5.71,"[0.522871800607999, 0.0647879150490471, 0.21616323047897062, 0.1961770538639833]"
episode_005,dominated,balanced,random_equation,47,ep005_vendor_001,SwiftHub001,False,25.85,24,4.89,0.99,5.71,"[0.27898608084224946, 0.43515439908457615, 0.007396444460413788, 0.27846307561276057]"
episode_005,dominated,balanced,random_equation,48,ep005_vendor_001,SwiftHub001,False,25.85,24,4.89,0.99,5.71,"[0.22518761685771357, 0.35900525847619097, 0.04509025816256765, 0.37071686650352764]"
episode_005,dominated,balanced,random_equation,49,ep005_vendor_001,SwiftHub001,False,25.85,24,4.89,0.99,5.71,"[0.45196722462771466, 0.521369497513073, 0.009641485418049807, 0.0170217924411625]"
episode_005,dominated,balanced,random_equation,50,ep005_vendor_001,SwiftHub001,False,25.85,24,4.89,0.99,5.71,"[0.6626871391251307, 0.07680027051907844, 0.20596166255342552, 0.05455092780236548]"
episode_005,dominated,balanced,random_equation,51,ep005_vendor_001,SwiftHub001,False,25.85,24,4.89,0.99,5.71,"[0.3878895972241881, 0.14031077443631684, 0.18220239710178304, 0.289597231237712]"
episode_005,dominated,balanced,random_equation,52,ep005_vendor_001,SwiftHub001,False,25.85,24,4.89,0.99,5.71,"[0.4833891071955944, 0.13617333763985828, 0.3719499545816866, 0.008487600582860648]"
episode_005,dominated,balanced,random_equation,53,ep005_vendor_001,SwiftHub001,False,25.85,24,4.89,0.99,5.71,"[0.5131950630200193, 0.14886860392338117, 0.04148406060868747, 0.2964522724479122]"
episode_005,dominated,balanced,random_equation,54,ep005_vendor_001,SwiftHub001,False,25.85,24,4.89,0.99,5.71,"[0.006844123670912745, 0.6335316708269769, 0.29803846630210395, 0.0615857392000063]"
episode_005,dominated,balanced,random_equation,55,ep005_vendor_001,SwiftHub001,False,25.85,24,4.89,0.99,5.71,"[0.5632687555038466, 0.168864361128004, 0.05928008064534991, 0.2085868027227994]"
episode_005,dominated,balanced,random_equation,56,ep005_vendor_001,SwiftHub001,False,25.85,24,4.89,0.99,5.71,"[0.07479678498736518, 0.019121275187497552, 0.8594025019063974, 0.04667943791873972]"
episode_005,dominated,balanced,random_equation,57,ep005_vendor_001,SwiftHub001,False,25.85,24,4.89,0.99,5.71,"[0.42533763846690115, 0.4972126762244436, 0.000337460054544158, 0.07711222525411113]"
episode_005,dominated,balanced,random_equation,58,ep005_vendor_001,SwiftHub001,False,25.85,24,4.89,0.99,5.71,"[0.20018212199946414, 0.510195693426654, 0.13310533054444024, 0.15651685402944154]"
episode_005,dominated,balanced,random_equation,59,ep005_vendor_001,SwiftHub001,False,25.85,24,4.89,0.99,5.71,"[0.2149172756546942, 0.3132859882411942, 0.1858015797346435, 0.2859951563694681]"
episode_005,dominated,balanced,random_equation,60,ep005_vendor_001,SwiftHub001,False,25.85,24,4.89,0.99,5.71,"[0.0683879352298626, 0.14417751132885326, 0.454720096004545, 0.3327144574367391]"
episode_005,dominated,balanced,random_equation,61,ep005_vendor_001,SwiftHub001,False,25.85,24,4.89,0.99,5.71,"[0.04224180661937074, 0.5077860117980778, 0.4216248464809281, 0.02834733510162345]"
episode_005,dominated,balanced,random_equation,62,ep005_vendor_001,SwiftHub001,False,25.85,24,4.89,0.99,5.71,"[0.4848472625686837, 0.15275508136232105, 0.03624363894468669, 0.3261540171243086]"
episode_005,dominated,balanced,random_equation,63,ep005_vendor_001,SwiftHub001,False,25.85,24,4.89,0.99,5.71,"[0.0015975473630502146, 0.048111368662731, 0.030872013029690816, 0.919419070944528]"
episode_005,dominated,balanced,random_equation,64,ep005_vendor_001,SwiftHub001,False,25.85,24,4.89,0.99,5.71,"[0.05299506762335219, 0.3364148340142771, 0.4204739208726697, 0.19011617748970105]"
episode_005,dominated,balanced,random_equation,65,ep005_vendor_001,SwiftHub001,False,25.85,24,4.89,0.99,5.71,"[0.3689136759172369, 0.2200700737266213, 0.3301359820385088, 0.08088026831763315]"
episode_005,dominated,balanced,random_equation,66,ep005_vendor_001,SwiftHub001,False,25.85,24,4.89,0.99,5.71,"[0.11972588556643508, 0.7090188412095022, 0.08965375625643497, 0.08160151696762784]"
episode_005,dominated,balanced,random_equation,67,ep005_vendor_001,SwiftHub001,False,25.85,24,4.89,0.99,5.71,"[0.04690181951656806, 0.3806344632467773, 0.27826532493871536, 0.2941983922979392]"
episode_005,dominated,balanced,random_equation,68,ep005_vendor_001,SwiftHub001,False,25.85,24,4.89,0.99,5.71,"[0.0461553766650897, 0.014686430766610572, 0.2929374897472175, 0.6462207028210822]"
episode_005,dominated,balanced,random_equation,69,ep005_vendor_001,SwiftHub001,False,25.85,24,4.89,0.99,5.71,"[0.1653170714896172, 0.3372891209495375, 0.12530188566463632, 0.372091921896209]"
episode_005,dominated,balanced,random_equation,70,ep005_vendor_001,SwiftHub001,False,25.85,24,4.89,0.99,5.71,"[0.07955630687751002, 0.03570278856323677, 0.6561663143137675, 0.2285745902454858]"
episode_005,dominated,balanced,random_equation,71,ep005_vendor_001,SwiftHub001,False,25.85,24,4.89,0.99,5.71,"[0.052520539033819424, 0.215900812892332, 0.5130665275187304, 0.21851212055511815]"
episode_005,dominated,balanced,random_equation,72,ep005_vendor_001,SwiftHub001,False,25.85,24,4.89,0.99,5.71,"[0.6090114267158068, 0.1052541873049864, 0.10626915479367939, 0.17946523118552749]"
episode_005,dominated,balanced,random_equation,73,ep005_vendor_001,SwiftHub001,False,25.85,24,4.89,0.99,5.71,"[0.7037856492909611, 0.16970774551242312, 0.10275103927780362, 0.023755565918812258]"
episode_005,dominated,balanced,random_equation,74,ep005_vendor_001,SwiftHub001,False,25.85,24,4.89,0.99,5.71,"[0.4130469475186019, 0.3097207864953603, 0.22625881399788422, 0.05097345198815361]"
episode_005,dominated,balanced,random_equation,75,ep005_vendor_001,SwiftHub001,False,25.85,24,4.89,0.99,5.71,"[0.1672965227162573, 0.05798532514114909, 0.05821110981843851, 0.7165070423241551]"
episode_005,dominated,balanced,random_equation,76,ep005_vendor_001,SwiftHub001,False,25.85,24,4.89,0.99,5.71,"[0.3416168304286799, 0.006491001201193782, 0.502425511125228, 0.14946665724489822]"
episode_005,dominated,balanced,random_equation,77,ep005_vendor_001,SwiftHub001,False,25.85,24,4.89,0.99,5.71,"[0.18121759067924684, 0.41398337792736095, 0.06251243389041831, 0.3422865975029739]"
episode_005,dominated,balanced,random_equation,78,ep005_vendor_001,SwiftHub001,False,25.85,24,4.89,0.99,5.71,"[0.1827385154624919, 0.03944611647766006, 0.0753894247436766, 0.7024259433161715]"
episode_005,dominated,balanced,random_equation,79,ep005_vendor_001,SwiftHub001,False,25.85,24,4.89,0.99,5.71,"[0.06074265907721745, 0.46358508749773264, 0.12021288349574043, 0.35545936992930954]"
episode_005,dominated,balanced,random_equation,80,ep005_vendor_001,SwiftHub001,False,25.85,24,4.89,0.99,5.71,"[0.10346526310032236, 0.21556970519607208, 0.4905164485543828, 0.19044858314922286]"
episode_005,dominated,balanced,random_equation,81,ep005_vendor_001,SwiftHub001,False,25.85,24,4.89,0.99,5.71,"[0.05622190737707131, 0.6514082615538003, 0.22888863848677218, 0.0634811925823562]"
episode_005,dominated,balanced,random_equation,82,ep005_vendor_001,SwiftHub001,False,25.85,24,4.89,0.99,5.71,"[0.2847669722183918, 0.3228943576514372, 0.16434247723001422, 0.2279961929001567]"
episode_005,dominated,balanced,random_equation,83,ep005_vendor_001,SwiftHub001,False,25.85,24,4.89,0.99,5.71,"[0.11228905768459511, 0.2628174663434086, 0.3367572454713928, 0.28813623050060355]"
episode_005,dominated,balanced,random_equation,84,ep005_vendor_051,BlinkNow051,False,42.81,17,4.19,3.21,17.51,"[0.01885154722731698, 0.8676016453821138, 0.06611707117826608, 0.04742973621230311]"
episode_005,dominated,balanced,random_equation,85,ep005_vendor_001,SwiftHub001,False,25.85,24,4.89,0.99,5.71,"[0.6792554541774278, 0.015546962016162897, 0.10745237467151668, 0.19774520913489266]"
episode_005,dominated,balanced,random_equation,86,ep005_vendor_001,SwiftHub001,False,25.85,24,4.89,0.99,5.71,"[0.36907401458211153, 0.4735712716671134, 0.08500300328630908, 0.07235171046446606]"
episode_005,dominated,balanced,random_equation,87,ep005_vendor_001,SwiftHub001,False,25.85,24,4.89,0.99,5.71,"[0.22646179593804486, 0.23415349155996418, 0.3328645573921828, 0.20652015510980812]"
episode_005,dominated,balanced,random_equation,88,ep005_vendor_001,SwiftHub001,False,25.85,24,4.89,0.99,5.71,"[0.261198967586656, 0.25270650008781625, 0.3841782109644245, 0.10191632136110321]"
episode_005,dominated,balanced,random_equation,89,ep005_vendor_001,SwiftHub001,False,25.85,24,4.89,0.99,5.71,"[0.22641438773013758, 0.01571361098871866, 0.4986946429208829, 0.2591773583602609]"
episode_005,dominated,balanced,random_equation,90,ep005_vendor_001,SwiftHub001,False,25.85,24,4.89,0.99,5.71,"[0.13139853491988304, 0.5176421364481699, 0.22936774554655778, 0.12159158308538918]"
episode_005,dominated,balanced,random_equation,91,ep005_vendor_001,SwiftHub001,False,25.85,24,4.89,0.99,5.71,"[0.1455792499977505, 0.3240898126372879, 0.44191421665926517, 0.08841672070569641]"
episode_005,dominated,balanced,random_equation,92,ep005_vendor_001,SwiftHub001,False,25.85,24,4.89,0.99,5.71,"[0.21892228866760893, 0.19036621602996082, 0.059486722152651494, 0.5312247731497788]"
episode_005,dominated,balanced,random_equation,93,ep005_vendor_001,SwiftHub001,False,25.85,24,4.89,0.99,5.71,"[0.039805092062854264, 0.1239320508008401, 0.6779719954870804, 0.15829086164922532]"
episode_005,dominated,balanced,random_equation,94,ep005_vendor_001,SwiftHub001,False,25.85,24,4.89,0.99,5.71,"[0.0023083041039089806, 0.4058364832708014, 0.2142500252436242, 0.37760518738166554]"
episode_005,dominated,balanced,random_equation,95,ep005_vendor_001,SwiftHub001,False,25.85,24,4.89,0.99,5.71,"[0.05662357840388221, 0.12711069794810786, 0.5458712755988545, 0.27039444804915536]"
episode_005,dominated,balanced,random_equation,96,ep005_vendor_001,SwiftHub001,False,25.85,24,4.89,0.99,5.71,"[0.15896408542296545, 0.2465211051832814, 0.4326357484126119, 0.1618790609811413]"
episode_005,dominated,balanced,random_equation,97,ep005_vendor_001,SwiftHub001,False,25.85,24,4.89,0.99,5.71,"[0.1246557614864392, 0.03894453031942169, 0.5954181668468369, 0.24098154134730213]"
episode_005,dominated,balanced,random_equation,98,ep005_vendor_001,SwiftHub001,False,25.85,24,4.89,0.99,5.71,"[0.29264589710193634, 0.521149969211163, 0.16647542688029648, 0.01972870680660432]"
episode_005,dominated,balanced,random_equation,99,ep005_vendor_001,SwiftHub001,False,25.85,24,4.89,0.99,5.71,"[0.5770984340055353, 0.016007861167385205, 0.14976987948368914, 0.2571238253433904]"
episode_006,dominated,fast,price_first,,ep006_vendor_001,NoshLane001,False,18.06,20,4.77,1.96,3.44,
episode_006,dominated,fast,eta_first,,ep006_vendor_023,DashCart023,False,27.02,15,3.36,5.01,4.81,
episode_006,dominated,fast,rating_first,,ep006_vendor_090,GoRunner090,False,24.43,59,4.88,3.65,12.64,
episode_006,dominated,fast,balanced_equation,,ep006_vendor_001,NoshLane001,False,18.06,20,4.77,1.96,3.44,
episode_006,dominated,fast,random_equation,0,ep006_vendor_001,NoshLane001,False,18.06,20,4.77,1.96,3.44,"[0.2614156961134368, 0.3600460093882142, 0.0468631010872246, 0.3316751934111244]"
episode_006,dominated,fast,random_equation,1,ep006_vendor_001,NoshLane001,False,18.06,20,4.77,1.96,3.44,"[0.14662848052031116, 0.5281909661522778, 0.03479860721553132, 0.2903819461118797]"
episode_006,dominated,fast,random_equation,2,ep006_vendor_001,NoshLane001,False,18.06,20,4.77,1.96,3.44,"[0.13809975096540072, 0.30046277458146237, 0.02593155037385234, 0.5355059240792845]"
episode_006,dominated,fast,random_equation,3,ep006_vendor_001,NoshLane001,False,18.06,20,4.77,1.96,3.44,"[0.13235693965347067, 0.6916966624374188, 0.11738923969372748, 0.058557158215382966]"
episode_006,dominated,fast,random_equation,4,ep006_vendor_001,NoshLane001,False,18.06,20,4.77,1.96,3.44,"[0.01864962776272686, 0.5581907694007303, 0.16907518467580496, 0.254084418160738]"
episode_006,dominated,fast,random_equation,5,ep006_vendor_001,NoshLane001,False,18.06,20,4.77,1.96,3.44,"[0.18759267277288796, 0.44949194713280394, 0.3366514823982614, 0.02626389769604668]"
episode_006,dominated,fast,random_equation,6,ep006_vendor_001,NoshLane001,False,18.06,20,4.77,1.96,3.44,"[0.08901344352612353, 0.3205946232565946, 0.36183612947698574, 0.22855580374029616]"
episode_006,dominated,fast,random_equation,7,ep006_vendor_001,NoshLane001,False,18.06,20,4.77,1.96,3.44,"[0.30433085690066985, 0.11794344387565421, 0.016297530598919335, 0.5614281686247565]"
episode_006,dominated,fast,random_equation,8,ep006_vendor_001,NoshLane001,False,18.06,20,4.77,1.96,3.44,"[0.20990617126558167, 0.032120400728209465, 0.45385046965376696, 0.3041229583524419]"
episode_006,dominated,fast,random_equation,9,ep006_vendor_001,NoshLane001,False,18.06,20,4.77,1.96,3.44,"[0.1434572465090967, 0.1533023578636739, 0.5859056635280522, 0.11733473209917719]"
episode_006,dominated,fast,random_equation,10,ep006_vendor_001,NoshLane001,False,18.06,20,4.77,1.96,3.44,"[0.08912215745925785, 0.23608764948824795, 0.4991166377163057, 0.17567355533618847]"
episode_006,dominated,fast,random_equation,11,ep006_vendor_001,NoshLane001,False,18.06,20,4.77,1.96,3.44,"[0.0686793418729349, 0.1475926733445817, 0.7451401554536166, 0.03858782932886677]"
episode_006,dominated,fast,random_equation,12,ep006_vendor_001,NoshLane001,False,18.06,20,4.77,1.96,3.44,"[0.09876560496018146, 0.14141213977407038, 0.45052508054059737, 0.3092971747251508]"
episode_006,dominated,fast,random_equation,13,ep006_vendor_001,NoshLane001,False,18.06,20,4.77,1.96,3.44,"[0.11741556186590664, 0.0654822308961736, 0.10130738148973101, 0.7157948257481888]"
episode_006,dominated,fast,random_equation,14,ep006_vendor_001,NoshLane001,False,18.06,20,4.77,1.96,3.44,"[0.09375023535948619, 0.19232500103421465, 0.3801226690410899, 0.33380209456520926]"
episode_006,dominated,fast,random_equation,15,ep006_vendor_001,NoshLane001,False,18.06,20,4.77,1.96,3.44,"[0.049519948007468825, 0.07333005588907704, 0.3988715012118932, 0.47827849489156105]"
episode_006,dominated,fast,random_equation,16,ep006_vendor_001,NoshLane001,False,18.06,20,4.77,1.96,3.44,"[0.15818164765880008, 0.08802044907762908, 0.5759529443243013, 0.17784495893926947]"
episode_006,dominated,fast,random_equation,17,ep006_vendor_001,NoshLane001,False,18.06,20,4.77,1.96,3.44,"[0.08561573249574979, 0.16606962801141953, 0.16756141908293745, 0.5807532204098933]"
episode_006,dominated,fast,random_equation,18,ep006_vendor_001,NoshLane001,False,18.06,20,4.77,1.96,3.44,"[0.5853918043850923, 0.04913471861230703, 0.27020034807922017, 0.09527312892338066]"
episode_006,dominated,fast,random_equation,19,ep006_vendor_001,NoshLane001,False,18.06,20,4.77,1.96,3.44,"[0.0770207594445004, 0.1977328047075502, 0.4662892322950506, 0.2589572035528988]"
episode_006,dominated,fast,random_equation,20,ep006_vendor_023,DashCart023,False,27.02,15,3.36,5.01,4.81,"[0.0164144626397842, 0.8945971142702505, 0.037872034639834004, 0.05111638845013129]"
episode_006,dominated,fast,random_equation,21,ep006_vendor_001,NoshLane001,False,18.06,20,4.77,1.96,3.44,"[0.5002144884536346, 0.02687204219966325, 0.16615062822221996, 0.3067628411244823]"
episode_006,dominated,fast,random_equation,22,ep006_vendor_001,NoshLane001,False,18.06,20,4.77,1.96,3.44,"[0.2227356832874953, 0.02675496490362804, 0.4409922645257293, 0.30951708728314736]"
episode_006,dominated,fast,random_equation,23,ep006_vendor_001,NoshLane001,False,18.06,20,4.77,1.96,3.44,"[0.15896358337656974, 0.2076929066029508, 0.13563408782498615, 0.4977094221954933]"
episode_006,dominated,fast,random_equation,24,ep006_vendor_001,NoshLane001,False,18.06,20,4.77,1.96,3.44,"[0.599390288189743, 0.12226947204562674, 0.04780703536465435, 0.23053320439997593]"
episode_006,dominated,fast,random_equation,25,ep006_vendor_001,NoshLane001,False,18.06,20,4.77,1.96,3.44,"[0.15817757210387404, 0.08444181282005712, 0.485516488674882, 0.2718641264011868]"
episode_006,dominated,fast,random_equation,26,ep006_vendor_001,NoshLane001,False,18.06,20,4.77,1.96,3.44,"[0.43893797869370077, 0.19154036563474236, 0.0658340975645299, 0.3036875581070269]"
episode_006,dominated,fast,random_equation,27,ep006_vendor_001,NoshLane001,False,18.06,20,4.77,1.96,3.44,"[0.42191580207989493, 0.0753609900374789, 0.021898732607503198, 0.48082447527512295]"
episode_006,dominated,fast,random_equation,28,ep006_vendor_001,NoshLane001,False,18.06,20,4.77,1.96,3.44,"[0.49643259412367846, 0.017400460231626936, 0.2596792096029834, 0.22648773604171105]"
episode_006,dominated,fast,random_equation,29,ep006_vendor_001,NoshLane001,False,18.06,20,4.77,1.96,3.44,"[0.059442020277365185, 0.42211306534908116, 0.3323285314361495, 0.1861163829374041]"
episode_006,dominated,fast,random_equation,30,ep006_vendor_001,NoshLane001,False,18.06,20,4.77,1.96,3.44,"[0.03432656186240565, 0.25846731998598726, 0.4974031040568239, 0.20980301409478327]"
episode_006,dominated,fast,random_equation,31,ep006_vendor_001,NoshLane001,False,18.06,20,4.77,1.96,3.44,"[0.2680785993790807, 0.23163923033047298, 0.3817462291771448, 0.1185359411133016]"
episode_006,dominated,fast,random_equation,32,ep006_vendor_001,NoshLane001,False,18.06,20,4.77,1.96,3.44,"[0.0005609634184040123, 0.1847934774384127, 0.5479702866557448, 0.2666752724874385]"
episode_006,dominated,fast,random_equation,33,ep006_vendor_001,NoshLane001,False,18.06,20,4.77,1.96,3.44,"[0.11543429173278281, 0.6055557712622467, 0.038519618402046894, 0.2404903186029235]"
episode_006,dominated,fast,random_equation,34,ep006_vendor_001,NoshLane001,False,18.06,20,4.77,1.96,3.44,"[0.5311263150525498, 0.1039485301497527, 0.27521080105466245, 0.08971435374303507]"
episode_006,dominated,fast,random_equation,35,ep006_vendor_001,NoshLane001,False,18.06,20,4.77,1.96,3.44,"[0.11521336448518263, 0.689939355893058, 0.0034298607449314887, 0.19141741887682787]"
episode_006,dominated,fast,random_equation,36,ep006_vendor_001,NoshLane001,False,18.06,20,4.77,1.96,3.44,"[0.040885540077561754, 0.5393670844503455, 0.2899596984019122, 0.1297876770701805]"
episode_006,dominated,fast,random_equation,37,ep006_vendor_001,NoshLane001,False,18.06,20,4.77,1.96,3.44,"[0.11022083975870932, 0.4175241753362821, 0.30434371379582803, 0.16791127110918053]"
episode_006,dominated,fast,random_equation,38,ep006_vendor_001,NoshLane001,False,18.06,20,4.77,1.96,3.44,"[0.07859900148541399, 0.0431947066380673, 0.8681637084125624, 0.010042583463956456]"
episode_006,dominated,fast,random_equation,39,ep006_vendor_001,NoshLane001,False,18.06,20,4.77,1.96,3.44,"[0.1166160103907913, 0.06587332457376796, 0.2674456089418225, 0.5500650560936182]"
episode_006,dominated,fast,random_equation,40,ep006_vendor_001,NoshLane001,False,18.06,20,4.77,1.96,3.44,"[0.21088337405332946, 0.4424045510946827, 0.3240307588577972, 0.0226813159941906]"
episode_006,dominated,fast,random_equation,41,ep006_vendor_001,NoshLane001,False,18.06,20,4.77,1.96,3.44,"[0.5475090673129119, 0.1003518369897136, 0.2375185298091447, 0.11462056588822973]"
episode_006,dominated,fast,random_equation,42,ep006_vendor_001,NoshLane001,False,18.06,20,4.77,1.96,3.44,"[0.07329590821088587, 0.3255776121328616, 0.3462852450445546, 0.2548412346116979]"
episode_006,dominated,fast,random_equation,43,ep006_vendor_001,NoshLane001,False,18.06,20,4.77,1.96,3.44,"[0.24952091631857057, 0.055481996918491795, 0.20501558595560607, 0.48998150080733155]"
episode_006,dominated,fast,random_equation,44,ep006_vendor_001,NoshLane001,False,18.06,20,4.77,1.96,3.44,"[0.7704606562204548, 0.20367417172530464, 0.0013197656075783091, 0.024545406446662442]"
episode_006,dominated,fast,random_equation,45,ep006_vendor_001,NoshLane001,False,18.06,20,4.77,1.96,3.44,"[0.23958658600730298, 0.40503122873093983, 0.31454009121038223, 0.04084209405137488]"
episode_006,dominated,fast,random_equation,46,ep006_vendor_001,NoshLane001,False,18.06,20,4.77,1.96,3.44,"[0.04677769055066857, 0.16509744589039002, 0.4853220361343419, 0.3028028274245995]"
episode_006,dominated,fast,random_equation,47,ep006_vendor_001,NoshLane001,False,18.06,20,4.77,1.96,3.44,"[0.40190096891643357, 0.4327578311613873, 0.14605865372882285, 0.01928254619335627]"
episode_006,dominated,fast,random_equation,48,ep006_vendor_001,NoshLane001,False,18.06,20,4.77,1.96,3.44,"[0.7417537285946281, 0.09502348175391874, 0.0300563840112135, 0.1331664056402397]"
episode_006,dominated,fast,random_equation,49,ep006_vendor_001,NoshLane001,False,18.06,20,4.77,1.96,3.44,"[0.18371909812329884, 0.1496587914700643, 0.0732097332506781, 0.5934123771559587]"
episode_006,dominated,fast,random_equation,50,ep006_vendor_001,NoshLane001,False,18.06,20,4.77,1.96,3.44,"[0.2607985539420045, 0.2126482536862598, 0.10642307831552716, 0.42013011405620854]"
episode_006,dominated,fast,random_equation,51,ep006_vendor_001,NoshLane001,False,18.06,20,4.77,1.96,3.44,"[0.19180864592934788, 0.026521565871019205, 0.2911214975236685, 0.49054829067596445]"
episode_006,dominated,fast,random_equation,52,ep006_vendor_001,NoshLane001,False,18.06,20,4.77,1.96,3.44,"[0.11802703178772445, 0.1809573776655176, 0.6682975710283269, 0.032718019518430994]"
episode_006,dominated,fast,random_equation,53,ep006_vendor_001,NoshLane001,False,18.06,20,4.77,1.96,3.44,"[0.21710338080565586, 0.6494062328769278, 0.1308688271083687, 0.0026215592090476037]"
episode_006,dominated,fast,random_equation,54,ep006_vendor_001,NoshLane001,False,18.06,20,4.77,1.96,3.44,"[0.5179861044947076, 0.08758624466977293, 0.1473569540080053, 0.2470706968275141]"
episode_006,dominated,fast,random_equation,55,ep006_vendor_001,NoshLane001,False,18.06,20,4.77,1.96,3.44,"[0.4168356543989325, 0.1604575483144976, 0.336452853740039, 0.08625394354653096]"
episode_006,dominated,fast,random_equation,56,ep006_vendor_001,NoshLane001,False,18.06,20,4.77,1.96,3.44,"[0.0300982932693775, 0.16039487682834827, 0.3348860680485376, 0.4746207618537366]"
episode_006,dominated,fast,random_equation,57,ep006_vendor_001,NoshLane001,False,18.06,20,4.77,1.96,3.44,"[0.05925998400529676, 0.3235408164395775, 0.5365952493785624, 0.08060395017656337]"
episode_006,dominated,fast,random_equation,58,ep006_vendor_001,NoshLane001,False,18.06,20,4.77,1.96,3.44,"[0.6420356943506615, 0.05639449137572686, 0.2154071429623987, 0.08616267131121286]"
episode_006,dominated,fast,random_equation,59,ep006_vendor_001,NoshLane001,False,18.06,20,4.77,1.96,3.44,"[0.40618845865795555, 0.17805996631065496, 0.388815098010554, 0.02693647702083547]"
episode_006,dominated,fast,random_equation,60,ep006_vendor_001,NoshLane001,False,18.06,20,4.77,1.96,3.44,"[0.6274713989899224, 0.07817942334454288, 0.16625226698667153, 0.12809691067886314]"
episode_006,dominated,fast,random_equation,61,ep006_vendor_001,NoshLane001,False,18.06,20,4.77,1.96,3.44,"[0.09967157510280425, 0.5419390769522022, 0.22609831182657156, 0.13229103611842194]"
episode_006,dominated,fast,random_equation,62,ep006_vendor_001,NoshLane001,False,18.06,20,4.77,1.96,3.44,"[0.252998819921177, 0.20652618343438273, 0.30038837001709245, 0.24008662662734784]"
episode_006,dominated,fast,random_equation,63,ep006_vendor_001,NoshLane001,False,18.06,20,4.77,1.96,3.44,"[0.555172201806238, 0.13445267529011587, 0.0755624526749525, 0.23481267022869348]"
episode_006,dominated,fast,random_equation,64,ep006_vendor_001,NoshLane001,False,18.06,20,4.77,1.96,3.44,"[0.16744353600744458, 0.3615922834100556, 0.35497469824121863, 0.11598948234128126]"
episode_006,dominated,fast,random_equation,65,ep006_vendor_001,NoshLane001,False,18.06,20,4.77,1.96,3.44,"[0.24447681634439042, 0.17871134137326994, 0.31439870003272513, 0.2624131422496145]"
episode_006,dominated,fast,random_equation,66,ep006_vendor_001,NoshLane001,False,18.06,20,4.77,1.96,3.44,"[0.06668427278799977, 0.0981760337418262, 0.14624086401258943, 0.6888988294575846]"
episode_006,dominated,fast,random_equation,67,ep006_vendor_001,NoshLane001,False,18.06,20,4.77,1.96,3.44,"[0.6830082144553832, 0.15974589035080533, 0.02379542924875292, 0.13345046594505855]"
episode_006,dominated,fast,random_equation,68,ep006_vendor_001,NoshLane001,False,18.06,20,4.77,1.96,3.44,"[0.5284284953847014, 0.08083119686861513, 0.15216050352185015, 0.23857980422483335]"
episode_006,dominated,fast,random_equation,69,ep006_vendor_001,NoshLane001,False,18.06,20,4.77,1.96,3.44,"[0.43775654605267517, 0.0273049416926266, 0.09028851112375448, 0.44465000113094366]"
episode_006,dominated,fast,random_equation,70,ep006_vendor_001,NoshLane001,False,18.06,20,4.77,1.96,3.44,"[0.15342955978271552, 0.07040158122643134, 0.5430131233475892, 0.23315573564326403]"
episode_006,dominated,fast,random_equation,71,ep006_vendor_001,NoshLane001,False,18.06,20,4.77,1.96,3.44,"[0.3328067335476366, 0.2638814416491716, 0.3679774127160669, 0.03533441208712486]"
episode_006,dominated,fast,random_equation,72,ep006_vendor_001,NoshLane001,False,18.06,20,4.77,1.96,3.44,"[0.031334511644414254, 0.7379299214153288, 0.22821758021207592, 0.0025179867281809568]"
episode_006,dominated,fast,random_equation,73,ep006_vendor_001,NoshLane001,False,18.06,20,4.77,1.96,3.44,"[0.044987745379806265, 0.1683898842044098, 0.2428607276076781, 0.5437616428081057]"
episode_006,dominated,fast,random_equation,74,ep006_vendor_001,NoshLane001,False,18.06,20,4.77,1.96,3.44,"[0.25098004928117146, 0.2490229708468513, 0.32472162087046597, 0.17527535900151117]"
episode_006,dominated,fast,random_equation,75,ep006_vendor_001,NoshLane001,False,18.06,20,4.77,1.96,3.44,"[0.3156971544641804, 0.12149258228471053, 0.03331621313654193, 0.5294940501145672]"
episode_006,dominated,fast,random_equation,76,ep006_vendor_001,NoshLane001,False,18.06,20,4.77,1.96,3.44,"[0.06928302044471181, 0.01707949861961653, 0.4934263966436769, 0.42021108429199483]"
episode_006,dominated,fast,random_equation,77,ep006_vendor_023,DashCart023,False,27.02,15,3.36,5.01,4.81,"[0.015787793069305063, 0.8943907788111668, 0.04288182164958862, 0.046939606469939485]"
episode_006,dominated,fast,random_equation,78,ep006_vendor_001,NoshLane001,False,18.06,20,4.77,1.96,3.44,"[0.03159970802434418, 0.7185184454173662, 0.21158887276923677, 0.03829297378905279]"
episode_006,dominated,fast,random_equation,79,ep006_vendor_001,NoshLane001,False,18.06,20,4.77,1.96,3.44,"[0.5099727916058555, 0.02441523922991607, 0.2556211942792393, 0.20999077488498913]"
episode_006,dominated,fast,random_equation,80,ep006_vendor_001,NoshLane001,False,18.06,20,4.77,1.96,3.44,"[0.8091861046723489, 0.01653695646887412, 0.04825540112687661, 0.12602153773190036]"
episode_006,dominated,fast,random_equation,81,ep006_vendor_001,NoshLane001,False,18.06,20,4.77,1.96,3.44,"[0.06770771639596401, 0.06042314025303327, 0.09914267742795475, 0.772726465923048]"
episode_006,dominated,fast,random_equation,82,ep006_vendor_001,NoshLane001,False,18.06,20,4.77,1.96,3.44,"[0.17621271173783246, 0.31496172828963814, 0.17771328110486545, 0.33111227886766403]"
episode_006,dominated,fast,random_equation,83,ep006_vendor_001,NoshLane001,False,18.06,20,4.77,1.96,3.44,"[0.13059061622335358, 0.38030302662439547, 0.1810017254552638, 0.3081046316969871]"
episode_006,dominated,fast,random_equation,84,ep006_vendor_001,NoshLane001,False,18.06,20,4.77,1.96,3.44,"[0.061275869796099836, 0.6624038275164124, 0.22452582298358698, 0.05179447970390104]"
episode_006,dominated,fast,random_equation,85,ep006_vendor_001,NoshLane001,False,18.06,20,4.77,1.96,3.44,"[0.4535159936933738, 0.06690101650796544, 0.28525861292243365, 0.194324376876227]"
episode_006,dominated,fast,random_equation,86,ep006_vendor_001,NoshLane001,False,18.06,20,4.77,1.96,3.44,"[0.05755015438622057, 0.12848254596864614, 0.557598043504796, 0.2563692561403373]"
episode_006,dominated,fast,random_equation,87,ep006_vendor_001,NoshLane001,False,18.06,20,4.77,1.96,3.44,"[0.2318200281053771, 0.13193438416761108, 0.2583514522618973, 0.37789413546511447]"
episode_006,dominated,fast,random_equation,88,ep006_vendor_001,NoshLane001,False,18.06,20,4.77,1.96,3.44,"[0.033835533091044506, 0.22255888864376194, 0.6283362977860923, 0.11526928047910116]"
episode_006,dominated,fast,random_equation,89,ep006_vendor_001,NoshLane001,False,18.06,20,4.77,1.96,3.44,"[0.2923323172391183, 0.4454352349777235, 0.17142072679072914, 0.09081172099242905]"
episode_006,dominated,fast,random_equation,90,ep006_vendor_001,NoshLane001,False,18.06,20,4.77,1.96,3.44,"[0.18962036939373847, 0.24179013596547627, 0.492781744010813, 0.0758077506299724]"
episode_006,dominated,fast,random_equation,91,ep006_vendor_001,NoshLane001,False,18.06,20,4.77,1.96,3.44,"[0.21082409368241248, 0.09927270773812862, 0.6654941343305828, 0.024409064248876046]"
episode_006,dominated,fast,random_equation,92,ep006_vendor_001,NoshLane001,False,18.06,20,4.77,1.96,3.44,"[0.12490226033442609, 0.3795540853559885, 0.2374017961599849, 0.2581418581496005]"
episode_006,dominated,fast,random_equation,93,ep006_vendor_001,NoshLane001,False,18.06,20,4.77,1.96,3.44,"[0.13750573246654346, 0.49291646506690373, 0.3189118624235282, 0.05066594004302461]"
episode_006,dominated,fast,random_equation,94,ep006_vendor_001,NoshLane001,False,18.06,20,4.77,1.96,3.44,"[0.13719985197020207, 0.17750456786613467, 0.23405938093719753, 0.45123619922646574]"
episode_006,dominated,fast,random_equation,95,ep006_vendor_001,NoshLane001,False,18.06,20,4.77,1.96,3.44,"[0.05610493191729116, 0.08778364348375073, 0.3624734683792695, 0.4936379562196886]"
episode_006,dominated,fast,random_equation,96,ep006_vendor_001,NoshLane001,False,18.06,20,4.77,1.96,3.44,"[0.25268225804486216, 0.6344184491207896, 0.00046610907948466785, 0.11243318375486369]"
episode_006,dominated,fast,random_equation,97,ep006_vendor_001,NoshLane001,False,18.06,20,4.77,1.96,3.44,"[0.18868609741693051, 0.29533085032344486, 0.4224936145566139, 0.09348943770301069]"
episode_006,dominated,fast,random_equation,98,ep006_vendor_001,NoshLane001,False,18.06,20,4.77,1.96,3.44,"[0.025087734368956147, 0.42112309150772703, 0.5176830078089845, 0.03610616631433239]"
episode_006,dominated,fast,random_equation,99,ep006_vendor_001,NoshLane001,False,18.06,20,4.77,1.96,3.44,"[0.5396505335348947, 0.30774119773790404, 0.003309524135583482, 0.14929874459161782]"
episode_007,dominated,value,price_first,,ep007_vendor_001,BlinkCart001,False,23.58,21,4.86,1.78,1.46,
episode_007,dominated,value,eta_first,,ep007_vendor_003,FeastBite003,False,30.12,15,4.79,1.43,13.93,
episode_007,dominated,value,rating_first,,ep007_vendor_078,GoHub078,False,36.45,56,4.9,9.9,0.04,
episode_007,dominated,value,balanced_equation,,ep007_vendor_001,BlinkCart001,False,23.58,21,4.86,1.78,1.46,
episode_007,dominated,value,random_equation,0,ep007_vendor_001,BlinkCart001,False,23.58,21,4.86,1.78,1.46,"[0.19899716474728515, 0.28117316739990056, 0.4423253337960341, 0.0775043340567802]"
episode_007,dominated,value,random_equation,1,ep007_vendor_001,BlinkCart001,False,23.58,21,4.86,1.78,1.46,"[0.24591950047786737, 0.047795027328981575, 0.5170724653016242, 0.18921300689152687]"
episode_007,dominated,value,random_equation,2,ep007_vendor_003,FeastBite003,False,30.12,15,4.79,1.43,13.93,"[0.056452760507680215, 0.5361598333450891, 0.3222946026107331, 0.08509280353649772]"
episode_007,dominated,value,random_equation,3,ep007_vendor_003,FeastBite003,False,30.12,15,4.79,1.43,13.93,"[0.020929765954471165, 0.02994217066130369, 0.3574790287072501, 0.5916490346769749]"
episode_007,dominated,value,random_equation,4,ep007_vendor_001,BlinkCart001,False,23.58,21,4.86,1.78,1.46,"[0.3358459683190335, 0.10819621123240984, 0.2575776219008644, 0.2983801985476922]"
episode_007,dominated,value,random_equation,5,ep007_vendor_001,BlinkCart001,False,23.58,21,4.86,1.78,1.46,"[0.41154259205247706, 0.04956635686461904, 0.04129298637776886, 0.49759806470513507]"
episode_007,dominated,value,random_equation,6,ep007_vendor_001,BlinkCart001,False,23.58,21,4.86,1.78,1.46,"[0.25284379030367055, 0.2968960108770708, 0.41072784747511104, 0.0395323513441476]"
episode_007,dominated,value,random_equation,7,ep007_vendor_003,FeastBite003,False,30.12,15,4.79,1.43,13.93,"[0.06959907379126194, 0.3962745965034338, 0.49811228455311024, 0.03601404515219404]"
episode_007,dominated,value,random_equation,8,ep007_vendor_001,BlinkCart001,False,23.58,21,4.86,1.78,1.46,"[0.30006921256868524, 0.1884839962334945, 0.1661914138850535, 0.34525537731276673]"
episode_007,dominated,value,random_equation,9,ep007_vendor_001,BlinkCart001,False,23.58,21,4.86,1.78,1.46,"[0.2946539630053773, 0.304620222907024, 0.24058200645664488, 0.16014380763095382]"
episode_007,dominated,value,random_equation,10,ep007_vendor_001,BlinkCart001,False,23.58,21,4.86,1.78,1.46,"[0.2645330935565895, 0.1191968556297424, 0.38607790842963613, 0.23019214238403196]"
episode_007,dominated,value,random_equation,11,ep007_vendor_003,FeastBite003,False,30.12,15,4.79,1.43,13.93,"[0.02509945080509295, 0.25858013442041267, 0.36982819549957135, 0.346492219274923]"
episode_007,dominated,value,random_equation,12,ep007_vendor_001,BlinkCart001,False,23.58,21,4.86,1.78,1.46,"[0.41790133189277634, 0.08784551965501845, 0.4933228471689888, 0.0009303012832165017]"
episode_007,dominated,value,random_equation,13,ep007_vendor_001,BlinkCart001,False,23.58,21,4.86,1.78,1.46,"[0.20079604629554132, 0.4091986440503061, 0.17296605342918986, 0.21703925622496276]"
episode_007,dominated,value,random_equation,14,ep007_vendor_001,BlinkCart001,False,23.58,21,4.86,1.78,1.46,"[0.3938918870685251, 0.5330619404297137, 0.051756711352101845, 0.021289461149659298]"
episode_007,dominated,value,random_equation,15,ep007_vendor_001,BlinkCart001,False,23.58,21,4.86,1.78,1.46,"[0.1788510460836109, 0.1451778447985191, 0.4600623940104404, 0.21590871510742948]"
episode_007,dominated,value,random_equation,16,ep007_vendor_001,BlinkCart001,False,23.58,21,4.86,1.78,1.46,"[0.18692960345656295, 0.2285098247096895, 0.16398775516450248, 0.4205728166692451]"
episode_007,dominated,value,random_equation,17,ep007_vendor_001,BlinkCart001,False,23.58,21,4.86,1.78,1.46,"[0.42666950087835914, 0.3610895215536453, 0.029844312832579156, 0.18239666473541638]"
episode_007,dominated,value,random_equation,18,ep007_vendor_001,BlinkCart001,False,23.58,21,4.86,1.78,1.46,"[0.23555150894572086, 0.2759587995026605, 0.3943729610904009, 0.09411673046121774]"
episode_007,dominated,value,random_equation,19,ep007_vendor_003,FeastBite003,False,30.12,15,4.79,1.43,13.93,"[0.13301012989051048, 0.1849189647824155, 0.11458053940781987, 0.5674903659192543]"
episode_007,dominated,value,random_equation,20,ep007_vendor_003,FeastBite003,False,30.12,15,4.79,1.43,13.93,"[0.0930550770330788, 0.5038356729444584, 0.2421975521676175, 0.1609116978548455]"
episode_007,dominated,value,random_equation,21,ep007_vendor_001,BlinkCart001,False,23.58,21,4.86,1.78,1.46,"[0.049981725479267734, 0.21144117333779106, 0.5807953667695156, 0.15778173441342563]"
episode_007,dominated,value,random_equation,22,ep007_vendor_001,BlinkCart001,False,23.58,21,4.86,1.78,1.46,"[0.2675345923375607, 0.06711735802050926, 0.12477065206742304, 0.540577397574507]"
episode_007,dominated,value,random_equation,23,ep007_vendor_001,BlinkCart001,False,23.58,21,4.86,1.78,1.46,"[0.27019566971830694, 0.10379391310970149, 0.29499156547618055, 0.33101885169581113]"
episode_007,dominated,value,random_equation,24,ep007_vendor_003,FeastBite003,False,30.12,15,4.79,1.43,13.93,"[0.08460188160985102, 0.5428770973415699, 0.23317810405975792, 0.13934291698882115]"
episode_007,dominated,value,random_equation,25,ep007_vendor_001,BlinkCart001,False,23.58,21,4.86,1.78,1.46,"[0.38871571277772926, 0.14993729661222813, 0.24554683615051184, 0.21580015445953085]"
episode_007,dominated,value,random_equation,26,ep007_vendor_001,BlinkCart001,False,23.58,21,4.86,1.78,1.46,"[0.6532194610143804, 0.31378822275348667, 0.005426116041277623, 0.02756620019085528]"
episode_007,dominated,value,random_equation,27,ep007_vendor_001,BlinkCart001,False,23.58,21,4.86,1.78,1.46,"[0.2539611360894583, 0.5792172010965243, 0.15872003440703517, 0.008101628406982194]"
episode_007,dominated,value,random_equation,28,ep007_vendor_003,FeastBite003,False,30.12,15,4.79,1.43,13.93,"[0.08370269778793815, 0.22197457327423106, 0.3638736306423072, 0.33044909829552355]"
episode_007,dominated,value,random_equation,29,ep007_vendor_001,BlinkCart001,False,23.58,21,4.86,1.78,1.46,"[0.7424771637432678, 0.039238469655830235, 0.05710342001917087, 0.16118094658173115]"
episode_007,dominated,value,random_equation,30,ep007_vendor_001,BlinkCart001,False,23.58,21,4.86,1.78,1.46,"[0.2387945569029052, 0.1500543281756298, 0.5004812980534618, 0.11066981686800322]"
episode_007,dominated,value,random_equation,31,ep007_vendor_003,FeastBite003,False,30.12,15,4.79,1.43,13.93,"[0.0885659439627052, 0.122068943714124, 0.018471826151968622, 0.7708932861712021]"
episode_007,dominated,value,random_equation,32,ep007_vendor_003,FeastBite003,False,30.12,15,4.79,1.43,13.93,"[0.001966643410722897, 0.33619008838383524, 0.08440897150524694, 0.5774342967001949]"
episode_007,dominated,value,random_equation,33,ep007_vendor_001,BlinkCart001,False,23.58,21,4.86,1.78,1.46,"[0.5707573426963893, 0.013531881352686867, 0.0021675494468680907, 0.4135432265040556]"
episode_007,dominated,value,random_equation,34,ep007_vendor_003,FeastBite003,False,30.12,15,4.79,1.43,13.93,"[0.05039482222432561, 0.6482113350517866, 0.05914214631827109, 0.24225169640561675]"
episode_007,dominated,value,random_equation,35,ep007_vendor_001,BlinkCart001,False,23.58,21,4.86,1.78,1.46,"[0.055931837819286054, 0.04533205452918587, 0.5760041744681165, 0.3227319331834116]"
episode_007,dominated,value,random_equation,36,ep007_vendor_001,BlinkCart001,False,23.58,21,4.86,1.78,1.46,"[0.49583065756952494, 0.1189712776247171, 0.32037887658234027, 0.06481918822341767]"
episode_007,dominated,value,random_equation,37,ep007_vendor_003,FeastBite003,False,30.12,15,4.79,1.43,13.93,"[0.1505346960920229, 0.31084912388487906, 0.1296469204666756, 0.40896925955642244]"
episode_007,dominated,value,random_equation,38,ep007_vendor_001,BlinkCart001,False,23.58,21,4.86,1.78,1.46,"[0.5958742075522923, 0.023427822662352524, 0.09998876691517623, 0.280709202870179]"
episode_007,dominated,value,random_equation,39,ep007_vendor_001,BlinkCart001,False,23.58,21,4.86,1.78,1.46,"[0.8646240472093379, 0.021867655660447242, 0.014262459356078127, 0.09924583777413679]"
episode_007,dominated,value,random_equation,40,ep007_vendor_003,FeastBite003,False,30.12,15,4.79,1.43,13.93,"[0.18550808606039498, 0.2703921000927809, 0.030067716472441913, 0.5140320973743822]"
episode_007,dominated,value,random_equation,41,ep007_vendor_001,BlinkCart001,False,23.58,21,4.86,1.78,1.46,"[0.5524747705118936, 0.3105504345354717, 0.029070210626660414, 0.10790458432597423]"
episode_007,dominated,value,random_equation,42,ep007_vendor_001,BlinkCart001,False,23.58,21,4.86,1.78,1.46,"[0.18052285230904558, 0.0782195051241187, 0.2906732244880565, 0.45058441807877925]"
episode_007,dominated,value,random_equation,43,ep007_vendor_001,BlinkCart001,False,23.58,21,4.86,1.78,1.46,"[0.5906640459722894, 0.22723336766837984, 0.1573982673851381, 0.02470431897419259]"
episode_007,dominated,value,random_equation,44,ep007_vendor_001,BlinkCart001,False,23.58,21,4.86,1.78,1.46,"[0.40325309824328925, 0.2793098026235705, 0.15095381290682247, 0.1664832862263178]"
episode_007,dominated,value,random_equation,45,ep007_vendor_001,BlinkCart001,False,23.58,21,4.86,1.78,1.46,"[0.25861495366457493, 0.041020715123622015, 0.6160667399056032, 0.08429759130619982]"
episode_007,dominated,value,random_equation,46,ep007_vendor_003,FeastBite003,False,30.12,15,4.79,1.43,13.93,"[0.11192959383710653, 0.11579241800808071, 0.05785334984631442, 0.7144246383084983]"
episode_007,dominated,value,random_equation,47,ep007_vendor_001,BlinkCart001,False,23.58,21,4.86,1.78,1.46,"[0.21806518400919686, 0.2340407934769772, 0.04299600116916535, 0.5048980213446607]"
episode_007,dominated,value,random_equation,48,ep007_vendor_001,BlinkCart001,False,23.58,21,4.86,1.78,1.46,"[0.5357847904798693, 0.08133845686399058, 0.16748107289326758, 0.21539567976287255]"
episode_007,dominated,value,random_equation,49,ep007_vendor_003,FeastBite003,False,30.12,15,4.79,1.43,13.93,"[0.0019832911721983236, 0.8027675626971864, 0.08838428104733272, 0.10686486508328275]"
episode_007,dominated,value,random_equation,50,ep007_vendor_001,BlinkCart001,False,23.58,21,4.86,1.78,1.46,"[0.1820249683738923, 0.054191251640359754, 0.060138283287971626, 0.7036454966977763]"
episode_007,dominated,value,random_equation,51,ep007_vendor_001,BlinkCart001,False,23.58,21,4.86,1.78,1.46,"[0.30647707600377616, 0.6321350589501803, 0.06024874764777375, 0.0011391173982698345]"
episode_007,dominated,value,random_equation,52,ep007_vendor_003,FeastBite003,False,30.12,15,4.79,1.43,13.93,"[0.004239838590858629, 0.6664037089357251, 0.08529133011499222, 0.2440651223584241]"
episode_007,dominated,value,random_equation,53,ep007_vendor_001,BlinkCart001,False,23.58,21,4.86,1.78,1.46,"[0.46474135033376884, 0.1022706179117578, 0.18099538479610078, 0.25199264695837265]"
episode_007,dominated,value,random_equation,54,ep007_vendor_003,FeastBite003,False,30.12,15,4.79,1.43,13.93,"[0.08682097597534165, 0.16900969425606413, 0.04696679474320766, 0.6972025350253865]"
episode_007,dominated,value,random_equation,55,ep007_vendor_003,FeastBite003,False,30.12,15,4.79,1.43,13.93,"[0.0413233432588943, 0.3758672749357513, 0.04626773344378143, 0.536541648361573]"
episode_007,dominated,value,random_equation,56,ep007_vendor_001,BlinkCart001,False,23.58,21,4.86,1.78,1.46,"[0.09768375719769065, 0.25526624297654404, 0.6000738572512365, 0.04697614257452882]"
episode_007,dominated,value,random_equation,57,ep007_vendor_003,FeastBite003,False,30.12,15,4.79,1.43,13.93,"[0.13978821260506666, 0.8105203425189388, 0.005958347778938382, 0.043733097097056146]"
episode_007,dominated,value,random_equation,58,ep007_vendor_007,SwiftExpress007,False,32.26,58,4.89,1.66,13.12,"[0.004867531093548176, 0.0044217568006009525, 0.4875895465459423, 0.5031211655599086]"
episode_007,dominated,value,random_equation,59,ep007_vendor_001,BlinkCart001,False,23.58,21,4.86,1.78,1.46,"[0.6020325483205068, 0.038850815161186186, 0.053675232355472995, 0.30544140416283405]"
episode_007,dominated,value,random_equation,60,ep007_vendor_001,BlinkCart001,False,23.58,21,4.86,1.78,1.46,"[0.14172971906085338, 0.21920049260172955, 0.5479348401192464, 0.09113494821817063]"
episode_007,dominated,value,random_equation,61,ep007_vendor_001,BlinkCart001,False,23.58,21,4.86,1.78,1.46,"[0.3628203341952483, 0.02929134267682264, 0.061868461803700675, 0.5460198613242283]"
episode_007,dominated,value,random_equation,62,ep007_vendor_039,DashCart039,False,30.98,24,4.86,1.6,12.77,"[0.01469054638350403, 0.04511435230906429, 0.5289193811859068, 0.41127572012152497]"
episode_007,dominated,value,random_equation,63,ep007_vendor_001,BlinkCart001,False,23.58,21,4.86,1.78,1.46,"[0.4358262833535711, 0.016759147345389136, 0.21927583004716913, 0.3281387392538708]"
episode_007,dominated,value,random_equation,64,ep007_vendor_001,BlinkCart001,False,23.58,21,4.86,1.78,1.46,"[0.21490931061667468, 0.17768927149894492, 0.0011625946283833435, 0.6062388232559971]"
episode_007,dominated,value,random_equation,65,ep007_vendor_001,BlinkCart001,False,23.58,21,4.86,1.78,1.46,"[0.3761800889739813, 0.19097802359150898, 0.15895716172836066, 0.2738847257061491]"
episode_007,dominated,value,random_equation,66,ep007_vendor_003,FeastBite003,False,30.12,15,4.79,1.43,13.93,"[0.024721460220020832, 0.6420591495543099, 0.25206896706656134, 0.08115042315910796]"
episode_007,dominated,value,random_equation,67,ep007_vendor_001,BlinkCart001,False,23.58,21,4.86,1.78,1.46,"[0.727164848856636, 0.20594027192651634, 0.04507861096805394, 0.02181626824879383]"
episode_007,dominated,value,random_equation,68,ep007_vendor_001,BlinkCart001,False,23.58,21,4.86,1.78,1.46,"[0.26821028955101367, 0.29421456847771954, 0.10353483089111513, 0.33404031108015153]"
episode_007,dominated,value,random_equation,69,ep007_vendor_001,BlinkCart001,False,23.58,21,4.86,1.78,1.46,"[0.583693675639166, 0.09214864343752933, 0.04325290098535845, 0.28090477993794616]"
episode_007,dominated,value,random_equation,70,ep007_vendor_001,BlinkCart001,False,23.58,21,4.86,1.78,1.46,"[0.4167981979608495, 0.029091024893409697, 0.29513996275205495, 0.2589708143936857]"
episode_007,dominated,value,random_equation,71,ep007_vendor_001,BlinkCart001,False,23.58,21,4.86,1.78,1.46,"[0.038774115328331964, 0.11143677500754309, 0.6430882490866475, 0.20670086057747744]"
episode_007,dominated,value,random_equation,72,ep007_vendor_001,BlinkCart001,False,23.58,21,4.86,1.78,1.46,"[0.1692980840179123, 0.0033325401154429978, 0.6259811514347332, 0.2013882244319116]"
episode_007,dominated,value,random_equation,73,ep007_vendor_001,BlinkCart001,False,23.58,21,4.86,1.78,1.46,"[0.180338452734464, 0.0700830012964671, 0.19418037778540984, 0.5553981681836591]"
episode_007,dominated,value,random_equation,74,ep007_vendor_003,FeastBite003,False,30.12,15,4.79,1.43,13.93,"[0.06894716359984171, 0.4788319019303262, 0.41417730302129174, 0.03804363144854028]"
episode_007,dominated,value,random_equation,75,ep007_vendor_003,FeastBite003,False,30.12,15,4.79,1.43,13.93,"[0.038211535441372804, 0.05934995821533054, 0.2151329921773774, 0.6873055141659192]"
episode_007,dominated,value,random_equation,76,ep007_vendor_003,FeastBite003,False,30.12,15,4.79,1.43,13.93,"[0.010657417130979835, 0.39424873442701963, 0.11993964217174427, 0.4751542062702563]"
episode_007,dominated,value,random_equation,77,ep007_vendor_001,BlinkCart001,False,23.58,21,4.86,1.78,1.46,"[0.9162923721540682, 0.023769819086330905, 0.010369834429835863, 0.049567974329764876]"
episode_007,dominated,value,random_equation,78,ep007_vendor_001,BlinkCart001,False,23.58,21,4.86,1.78,1.46,"[0.6550908397075432, 0.3248850225345932, 0.017318891925536872, 0.0027052458323266883]"
episode_007,dominated,value,random_equation,79,ep007_vendor_001,BlinkCart001,False,23.58,21,4.86,1.78,1.46,"[0.29791159242900983, 0.378848468489102, 0.04924807661112701, 0.2739918624707611]"
episode_007,dominated,value,random_equation,80,ep007_vendor_003,FeastBite003,False,30.12,15,4.79,1.43,13.93,"[0.08822855628566208, 0.37732404633989497, 0.36890321775971013, 0.1655441796147328]"
episode_007,dominated,value,random_equation,81,ep007_vendor_001,BlinkCart001,False,23.58,21,4.86,1.78,1.46,"[0.18677410246545567, 0.1222718255785563, 0.44012136113570627, 0.25083271082028175]"
episode_007,dominated,value,random_equation,82,ep007_vendor_001,BlinkCart001,False,23.58,21,4.86,1.78,1.46,"[0.48683998491366787, 0.0634382368082433, 0.2561582690821793, 0.1935635091959095]"
episode_007,dominated,value,random_equation,83,ep007_vendor_003,FeastBite003,False,30.12,15,4.79,1.43,13.93,"[0.0520159488119352, 0.803052064685592, 0.08509796126025831, 0.059834025242214435]"
episode_007,dominated,value,random_equation,84,ep007_vendor_001,BlinkCart001,False,23.58,21,4.86,1.78,1.46,"[0.698139081987238, 0.23966732544203892, 0.03074397256555781, 0.03144962000516538]"
episode_007,dominated,value,random_equation,85,ep007_vendor_003,FeastBite003,False,30.12,15,4.79,1.43,13.93,"[0.20162830097450657, 0.6328569699478952, 0.15143522376175933, 0.01407950531583886]"
episode_007,dominated,value,random_equation,86,ep007_vendor_001,BlinkCart001,False,23.58,21,4.86,1.78,1.46,"[0.4763910494444206, 0.03222717380386698, 0.03031316398073387, 0.4610686127709786]"
episode_007,dominated,value,random_equation,87,ep007_vendor_003,FeastBite003,False,30.12,15,4.79,1.43,13.93,"[0.05783245464537434, 0.3268054958524948, 0.43327712580276945, 0.1820849236993615]"
episode_007,dominated,value,random_equation,88,ep007_vendor_001,BlinkCart001,False,23.58,21,4.86,1.78,1.46,"[0.6117698706640999, 0.16185292172153162, 0.16744250816082837, 0.05893469945354018]"
episode_007,dominated,value,random_equation,89,ep007_vendor_003,FeastBite003,False,30.12,15,4.79,1.43,13.93,"[0.1020137775907571, 0.26894383536023786, 0.007405096923126235, 0.6216372901258788]"
episode_007,dominated,value,random_equation,90,ep007_vendor_001,BlinkCart001,False,23.58,21,4.86,1.78,1.46,"[0.4188889809891749, 0.2480018782415845, 0.08195598135403742, 0.2511531594152031]"
episode_007,dominated,value,random_equation,91,ep007_vendor_001,BlinkCart001,False,23.58,21,4.86,1.78,1.46,"[0.24081731185176625, 0.34990477167336737, 0.000871143973336019, 0.40840677250153035]"
episode_007,dominated,value,random_equation,92,ep007_vendor_001,BlinkCart001,False,23.58,21,4.86,1.78,1.46,"[0.15296894557253105, 0.11715044321269678, 0.553499663787849, 0.17638094742692315]"
episode_007,dominated,value,random_equation,93,ep007_vendor_001,BlinkCart001,False,23.58,21,4.86,1.78,1.46,"[0.18993936781068255, 0.16285597764625132, 0.46972668433463155, 0.17747797020843453]"
episode_007,dominated,value,random_equation,94,ep007_vendor_001,BlinkCart001,False,23.58,21,4.86,1.78,1.46,"[0.25122126862968164, 0.24956792670217812, 0.4293177790183495, 0.06989302564979072]"
episode_007,dominated,value,random_equation,95,ep007_vendor_001,BlinkCart001,False,23.58,21,4.86,1.78,1.46,"[0.17821003551915454, 0.2172594098204095, 0.41606229518173066, 0.18846825947870524]"
episode_007,dominated,value,random_equation,96,ep007_vendor_003,FeastBite003,False,30.12,15,4.79,1.43,13.93,"[0.029388759534153392, 0.04678534920945508, 0.29005847173261695, 0.6337674195237746]"
episode_007,dominated,value,random_equation,97,ep007_vendor_001,BlinkCart001,False,23.58,21,4.86,1.78,1.46,"[0.017338100446324327, 0.03684118763722991, 0.9136413471948833, 0.03217936472156232]"
episode_007,dominated,value,random_equation,98,ep007_vendor_001,BlinkCart001,False,23.58,21,4.86,1.78,1.46,"[0.27470009253714694, 0.31077870933086305, 0.2475012352678516, 0.16701996286413825]"
episode_007,dominated,value,random_equation,99,ep007_vendor_001,BlinkCart001,False,23.58,21,4.86,1.78,1.46,"[0.03625472277693526, 0.22189997593109398, 0.6090954572432402, 0.13274984404873055]"
episode_008,dominated,fast,price_first,,ep008_vendor_001,PrimeRunner001,False,35.67,25,4.83,2.07,5.68,
episode_008,dominated,fast,eta_first,,ep008_vendor_020,GoExpress020,False,39.98,15,4.45,2.1,0.94,
episode_008,dominated,fast,rating_first,,ep008_vendor_086,CityRunner086,False,46.86,20,4.89,5.33,7.77,
episode_008,dominated,fast,balanced_equation,,ep008_vendor_001,PrimeRunner001,False,35.67,25,4.83,2.07,5.68,
episode_008,dominated,fast,random_equation,0,ep008_vendor_001,PrimeRunner001,False,35.67,25,4.83,2.07,5.68,"[0.31804081529436584, 0.2009017587924366, 0.19655922751857616, 0.2844981983946216]"
episode_008,dominated,fast,random_equation,1,ep008_vendor_001,PrimeRunner001,False,35.67,25,4.83,2.07,5.68,"[0.1111458313953954, 0.06960548716996628, 0.5826094551339487, 0.23663922630068962]"
episode_008,dominated,fast,random_equation,2,ep008_vendor_001,PrimeRunner001,False,35.67,25,4.83,2.07,5.68,"[0.4020699558465888, 0.18124423075026785, 0.05917243153067137, 0.3575133818724719]"
episode_008,dominated,fast,random_equation,3,ep008_vendor_025,SwiftFleet025,False,40.98,29,3.96,1.06,4.39,"[0.18634075854634483, 0.09582059656324911, 0.04548000352899797, 0.6723586413614081]"
episode_008,dominated,fast,random_equation,4,ep008_vendor_086,CityRunner086,False,46.86,20,4.89,5.33,7.77,"[0.022666098515684616, 0.20129056515529672, 0.6972586355582429, 0.0787847007707759]"
episode_008,dominated,fast,random_equation,5,ep008_vendor_001,PrimeRunner001,False,35.67,25,4.83,2.07,5.68,"[0.20012433457288373, 0.24064912171552966, 0.45886236630820365, 0.10036417740338308]"
episode_008,dominated,fast,random_equation,6,ep008_vendor_020,GoExpress020,False,39.98,15,4.45,2.1,0.94,"[0.17761646650387536, 0.7676991275349005, 0.01107918246121244, 0.043605223500011774]"
episode_008,dominated,fast,random_equation,7,ep008_vendor_020,GoExpress020,False,39.98,15,4.45,2.1,0.94,"[0.14603294790375165, 0.7303492716111766, 0.03088321251306105, 0.0927345679720108]"
episode_008,dominated,fast,random_equation,8,ep008_vendor_001,PrimeRunner001,False,35.67,25,4.83,2.07,5.68,"[0.11239915532253919, 0.021605707943117163, 0.8532308697637417, 0.012764266970601785]"
episode_008,dominated,fast,random_equation,9,ep008_vendor_001,PrimeRunner001,False,35.67,25,4.83,2.07,5.68,"[0.07138690159923311, 0.15748158904294604, 0.5986091661412584, 0.17252234321656257]"
episode_008,dominated,fast,random_equation,10,ep008_vendor_062,NoshDrop062,False,39.64,54,4.78,1.61,6.49,"[0.1979309096036527, 0.007694626433366511, 0.19239236016674968, 0.6019821037962311]"
episode_008,dominated,fast,random_equation,11,ep008_vendor_020,GoExpress020,False,39.98,15,4.45,2.1,0.94,"[0.14822856756688893, 0.35636004259033904, 0.04971582365118089, 0.4456955661915912]"
episode_008,dominated,fast,random_equation,12,ep008_vendor_020,GoExpress020,False,39.98,15,4.45,2.1,0.94,"[0.04009733388129385, 0.7446510662706057, 0.05853605944847318, 0.15671554039962715]"
episode_008,dominated,fast,random_equation,13,ep008_vendor_001,PrimeRunner001,False,35.67,25,4.83,2.07,5.68,"[0.4382538063122591, 0.12686511540070455, 0.1060847990209881, 0.3287962792660483]"
episode_008,dominated,fast,random_equation,14,ep008_vendor_020,GoExpress020,False,39.98,15,4.45,2.1,0.94,"[0.10731349385811549, 0.5087778158283482, 0.18073035232603263, 0.20317833798750357]"
episode_008,dominated,fast,random_equation,15,ep008_vendor_020,GoExpress020,False,39.98,15,4.45,2.1,0.94,"[0.11827782233370228, 0.3066633841199146, 0.1150673846558037, 0.45999140889057927]"
episode_008,dominated,fast,random_equation,16,ep008_vendor_020,GoExpress020,False,39.98,15,4.45,2.1,0.94,"[0.2839584284494604, 0.29782612146826004, 0.07421576992500512, 0.3439996801572744]"
episode_008,dominated,fast,random_equation,17,ep008_vendor_001,PrimeRunner001,False,35.67,25,4.83,2.07,5.68,"[0.2849058196091848, 0.19811091744806603, 0.08355335320466246, 0.4334299097380866]"
episode_008,dominated,fast,random_equation,18,ep008_vendor_020,GoExpress020,False,39.98,15,4.45,2.1,0.94,"[0.07879759460859655, 0.5929921260386742, 0.07212218643085869, 0.2560880929218705]"
episode_008,dominated,fast,random_equation,19,ep008_vendor_020,GoExpress020,False,39.98,15,4.45,2.1,0.94,"[0.12485029488416807, 0.7399875277315995, 0.05730726601495337, 0.07785491136927901]"
episode_008,dominated,fast,random_equation,20,ep008_vendor_001,PrimeRunner001,False,35.67,25,4.83,2.07,5.68,"[0.47340597231054043, 0.35674887623216617, 0.12045851964187262, 0.04938663181542089]"
episode_008,dominated,fast,random_equation,21,ep008_vendor_001,PrimeRunner001,False,35.67,25,4.83,2.07,5.68,"[0.002091018816036052, 0.16042401899665998, 0.5559299436861748, 0.2815550185011291]"
episode_008,dominated,fast,random_equation,22,ep008_vendor_001,PrimeRunner001,False,35.67,25,4.83,2.07,5.68,"[0.25231040560829493, 0.10653896748396083, 0.3163908614049888, 0.32475976550275537]"
episode_008,dominated,fast,random_equation,23,ep008_vendor_086,CityRunner086,False,46.86,20,4.89,5.33,7.77,"[0.013250313280440533, 0.2215258598330029, 0.7344818354823498, 0.030741991404206706]"
episode_008,dominated,fast,random_equation,24,ep008_vendor_025,SwiftFleet025,False,40.98,29,3.96,1.06,4.39,"[0.019299389014112402, 0.037995123088425814, 0.11336619481847117, 0.8293392930789907]"
episode_008,dominated,fast,random_equation,25,ep008_vendor_001,PrimeRunner001,False,35.67,25,4.83,2.07,5.68,"[0.6365369844437453, 0.10469138428543215, 0.08270282942992827, 0.17606880184089438]"
episode_008,dominated,fast,random_equation,26,ep008_vendor_001,PrimeRunner001,False,35.67,25,4.83,2.07,5.68,"[0.340776199526983, 0.1371653726734909, 0.32034970882421687, 0.2017087189753091]"
episode_008,dominated,fast,random_equation,27,ep008_vendor_001,PrimeRunner001,False,35.67,25,4.83,2.07,5.68,"[0.6547931316793262, 0.23573284221812574, 0.050722636581738804, 0.05875138952080931]"
episode_008,dominated,fast,random_equation,28,ep008_vendor_001,PrimeRunner001,False,35.67,25,4.83,2.07,5.68,"[0.8985923605706229, 0.0297457409293519, 0.024920542777405463, 0.046741355722619775]"
episode_008,dominated,fast,random_equation,29,ep008_vendor_001,PrimeRunner001,False,35.67,25,4.83,2.07,5.68,"[0.16942595591291926, 0.2767086893400928, 0.5376842014063999, 0.016181153340588127]"
episode_008,dominated,fast,random_equation,30,ep008_vendor_001,PrimeRunner001,False,35.67,25,4.83,2.07,5.68,"[0.044477370654369845, 0.06891765162934801, 0.4131225221809017, 0.47348245553538054]"
episode_008,dominated,fast,random_equation,31,ep008_vendor_001,PrimeRunner001,False,35.67,25,4.83,2.07,5.68,"[0.300551590136354, 0.18689153190942964, 0.16388037854186494, 0.34867649941235146]"
episode_008,dominated,fast,random_equation,32,ep008_vendor_001,PrimeRunner001,False,35.67,25,4.83,2.07,5.68,"[0.12264603011433958, 0.19885528598149307, 0.26381524797230277, 0.41468343593186446]"
episode_008,dominated,fast,random_equation,33,ep008_vendor_001,PrimeRunner001,False,35.67,25,4.83,2.07,5.68,"[0.2512313004174295, 0.13071903430310955, 0.2224542672526549, 0.3955953980268061]"
episode_008,dominated,fast,random_equation,34,ep008_vendor_001,PrimeRunner001,False,35.67,25,4.83,2.07,5.68,"[0.10744082126280657, 0.23233230800394508, 0.5898073263815347, 0.07041954435171376]"
episode_008,dominated,fast,random_equation,35,ep008_vendor_086,CityRunner086,False,46.86,20,4.89,5.33,7.77,"[0.020994612239229774, 0.32276464453041925, 0.627987093174537, 0.028253650055813775]"
episode_008,dominated,fast,random_equation,36,ep008_vendor_001,PrimeRunner001,False,35.67,25,4.83,2.07,5.68,"[0.554500742309394, 0.25630182100632054, 0.056018561188974525, 0.13317887549531102]"
episode_008,dominated,fast,random_equation,37,ep008_vendor_001,PrimeRunner001,False,35.67,25,4.83,2.07,5.68,"[0.3430818104200646, 0.13591206073071435, 0.12673978677040548, 0.39426634207881567]"
episode_008,dominated,fast,random_equation,38,ep008_vendor_086,CityRunner086,False,46.86,20,4.89,5.33,7.77,"[0.003948943869002815, 0.38694273174957766, 0.5700963753137128, 0.03901194906770662]"
episode_008,dominated,fast,random_equation,39,ep008_vendor_020,GoExpress020,False,39.98,15,4.45,2.1,0.94,"[0.010232325771412386, 0.39064980259913745, 0.34210333485673056, 0.25701453677271957]"
episode_008,dominated,fast,random_equation,40,ep008_vendor_001,PrimeRunner001,False,35.67,25,4.83,2.07,5.68,"[0.17782503505020233, 0.07381666235483533, 0.2481831292281096, 0.5001751733668527]"
episode_008,dominated,fast,random_equation,41,ep008_vendor_001,PrimeRunner001,False,35.67,25,4.83,2.07,5.68,"[0.33273733437666325, 0.038829269238354114, 0.5490727665415172, 0.07936062984346556]"
episode_008,dominated,fast,random_equation,42,ep008_vendor_020,GoExpress020,False,39.98,15,4.45,2.1,0.94,"[0.2470055210059935, 0.4730705968585143, 0.1046420305355676, 0.1752818515999244]"
episode_008,dominated,fast,random_equation,43,ep008_vendor_025,SwiftFleet025,False,40.98,29,3.96,1.06,4.39,"[0.16269756149793524, 0.012850108212132736, 0.07805328771437256, 0.7463990425755594]"
episode_008,dominated,fast,random_equation,44,ep008_vendor_001,PrimeRunner001,False,35.67,25,4.83,2.07,5.68,"[0.16780528451866022, 0.25713321912776155, 0.4052000302883625, 0.1698614660652157]"
episode_008,dominated,fast,random_equation,45,ep008_vendor_001,PrimeRunner001,False,35.67,25,4.83,2.07,5.68,"[0.31800590792772837, 0.1360510729583327, 0.09075593560585034, 0.45518708350808856]"
episode_008,dominated,fast,random_equation,46,ep008_vendor_025,SwiftFleet025,False,40.98,29,3.96,1.06,4.39,"[0.10091525890146945, 0.15141752389501437, 0.035532471676223726, 0.7121347455272925]"
episode_008,dominated,fast,random_equation,47,ep008_vendor_020,GoExpress020,False,39.98,15,4.45,2.1,0.94,"[0.41147598995453283, 0.4540620189288019, 0.09684331828353909, 0.03761867283312615]"
episode_008,dominated,fast,random_equation,48,ep008_vendor_001,PrimeRunner001,False,35.67,25,4.83,2.07,5.68,"[0.17678357398883743, 0.3543611528555959, 0.2891121169670947, 0.17974315618847192]"
episode_008,dominated,fast,random_equation,49,ep008_vendor_001,PrimeRunner001,False,35.67,25,4.83,2.07,5.68,"[0.08081988011993851, 0.2853462790626878, 0.4273272277152334, 0.20650661310214027]"
episode_008,dominated,fast,random_equation,50,ep008_vendor_020,GoExpress020,False,39.98,15,4.45,2.1,0.94,"[0.15093049338763745, 0.7599771778929362, 0.019926653317088375, 0.06916567540233805]"
episode_008,dominated,fast,random_equation,51,ep008_vendor_001,PrimeRunner001,False,35.67,25,4.83,2.07,5.68,"[0.17950977188625053, 0.3210002633860774, 0.19762626592005303, 0.301863698807619]"
episode_008,dominated,fast,random_equation,52,ep008_vendor_001,PrimeRunner001,False,35.67,25,4.83,2.07,5.68,"[0.6025293994233353, 0.11440425208166576, 0.21417255171525962, 0.06889379677973924]"
episode_008,dominated,fast,random_equation,53,ep008_vendor_001,PrimeRunner001,False,35.67,25,4.83,2.07,5.68,"[0.3309405636477629, 0.23716808739879716, 0.43116273581141673, 0.0007286131420230916]"
episode_008,dominated,fast,random_equation,54,ep008_vendor_001,PrimeRunner001,False,35.67,25,4.83,2.07,5.68,"[0.5316331548434649, 0.26059880259560486, 0.07419754422911491, 0.1335704983318155]"
episode_008,dominated,fast,random_equation,55,ep008_vendor_020,GoExpress020,False,39.98,15,4.45,2.1,0.94,"[0.04024111751786874, 0.6581212963706397, 0.24043723542792506, 0.06120035068356649]"
episode_008,dominated,fast,random_equation,56,ep008_vendor_001,PrimeRunner001,False,35.67,25,4.83,2.07,5.68,"[0.6422115294361587, 0.0870337140280985, 0.23842256576884188, 0.032332190766900935]"
episode_008,dominated,fast,random_equation,57,ep008_vendor_001,PrimeRunner001,False,35.67,25,4.83,2.07,5.68,"[0.3127177843577661, 0.06397692587242648, 0.17327752621877848, 0.45002776355102886]"
episode_008,dominated,fast,random_equation,58,ep008_vendor_001,PrimeRunner001,False,35.67,25,4.83,2.07,5.68,"[0.07105513737793107, 0.3206503663608667, 0.4582511224904903, 0.1500433737707119]"
episode_008,dominated,fast,random_equation,59,ep008_vendor_001,PrimeRunner001,False,35.67,25,4.83,2.07,5.68,"[0.30801300847054625, 0.07401863982305663, 0.08445808215837905, 0.5335102695480181]"
episode_008,dominated,fast,random_equation,60,ep008_vendor_025,SwiftFleet025,False,40.98,29,3.96,1.06,4.39,"[0.17028836380984333, 0.05803138815114701, 0.06129541776753478, 0.7103848302714748]"
episode_008,dominated,fast,random_equation,61,ep008_vendor_020,GoExpress020,False,39.98,15,4.45,2.1,0.94,"[0.08884341145795217, 0.3860254534739368, 0.21210851614662526, 0.31302261892148586]"
episode_008,dominated,fast,random_equation,62,ep008_vendor_001,PrimeRunner001,False,35.67,25,4.83,2.07,5.68,"[0.3751650480165676, 0.2053423794083242, 0.3931307419194379, 0.02636183065567028]"
episode_008,dominated,fast,random_equation,63,ep008_vendor_001,PrimeRunner001,False,35.67,25,4.83,2.07,5.68,"[0.49053806334416306, 0.34748249896460526, 0.01470607029095943, 0.1472733674002724]"
episode_008,dominated,fast,random_equation,64,ep008_vendor_020,GoExpress020,False,39.98,15,4.45,2.1,0.94,"[0.3394172147595948, 0.42926900111210614, 0.061355705746611276, 0.1699580783816878]"
episode_008,dominated,fast,random_equation,65,ep008_vendor_020,GoExpress020,False,39.98,15,4.45,2.1,0.94,"[0.07866576115379442, 0.7968205623942919, 0.005579919988223306, 0.11893375646369041]"
episode_008,dominated,fast,random_equation,66,ep008_vendor_001,PrimeRunner001,False,35.67,25,4.83,2.07,5.68,"[0.003167422900208628, 0.08702643059512659, 0.4948182727930022, 0.41498787371166257]"
episode_008,dominated,fast,random_equation,67,ep008_vendor_001,PrimeRunner001,False,35.67,25,4.83,2.07,5.68,"[0.16504828995783083, 0.10758084132230603, 0.5615295758392974, 0.16584129288056576]"
episode_008,dominated,fast,random_equation,68,ep008_vendor_025,SwiftFleet025,False,40.98,29,3.96,1.06,4.39,"[0.31575427380249127, 0.1046297142223607, 0.005052849902151328, 0.5745631620729967]"
episode_008,dominated,fast,random_equation,69,ep008_vendor_020,GoExpress020,False,39.98,15,4.45,2.1,0.94,"[0.08606629010101353, 0.6988050133253646, 0.16003121939798562, 0.055097477175636275]"
episode_008,dominated,fast,random_equation,70,ep008_vendor_001,PrimeRunner001,False,35.67,25,4.83,2.07,5.68,"[0.49913940300553233, 0.11555868678030579, 0.3049778903860855, 0.08032401982807633]"
episode_008,dominated,fast,random_equation,71,ep008_vendor_020,GoExpress020,False,39.98,15,4.45,2.1,0.94,"[0.004959104421006664, 0.4514369507434209, 0.11903541240206648, 0.424568532433506]"
episode_008,dominated,fast,random_equation,72,ep008_vendor_001,PrimeRunner001,False,35.67,25,4.83,2.07,5.68,"[0.6679577822478219, 0.07600237255569517, 0.056282828817622206, 0.19975701637886073]"
episode_008,dominated,fast,random_equation,73,ep008_vendor_025,SwiftFleet025,False,40.98,29,3.96,1.06,4.39,"[0.05454056604763096, 0.14933311634593674, 0.020288197934620583, 0.7758381196718117]"
episode_008,dominated,fast,random_equation,74,ep008_vendor_001,PrimeRunner001,False,35.67,25,4.83,2.07,5.68,"[0.29745790983243153, 0.38483878583990516, 0.2884946963163589, 0.029208608011304486]"
episode_008,dominated,fast,random_equation,75,ep008_vendor_001,PrimeRunner001,False,35.67,25,4.83,2.07,5.68,"[0.39477267982686537, 0.25423504262979446, 0.23052689080541458, 0.12046538673792558]"
episode_008,dominated,fast,random_equation,76,ep008_vendor_001,PrimeRunner001,False,35.67,25,4.83,2.07,5.68,"[0.23185918636843084, 0.04691009893605474, 0.14294384150227774, 0.5782868731932366]"
episode_008,dominated,fast,random_equation,77,ep008_vendor_086,CityRunner086,False,46.86,20,4.89,5.33,7.77,"[0.0006123152297076768, 0.23036863547577524, 0.7363178666192477, 0.03270118267526939]"
episode_008,dominated,fast,random_equation,78,ep008_vendor_086,CityRunner086,False,46.86,20,4.89,5.33,7.77,"[0.02812260743552309, 0.3019832284330744, 0.6018993915730592, 0.06799477255834332]"
episode_008,dominated,fast,random_equation,79,ep008_vendor_020,GoExpress020,False,39.98,15,4.45,2.1,0.94,"[0.08368436394503975, 0.2961444837670982, 0.15870359898306946, 0.46146755330479255]"
episode_008,dominated,fast,random_equation,80,ep008_vendor_086,CityRunner086,False,46.86,20,4.89,5.33,7.77,"[0.10832454437039954, 0.4048990836576744, 0.46492514231193055, 0.021851229659995447]"
episode_008,dominated,fast,random_equation,81,ep008_vendor_020,GoExpress020,False,39.98,15,4.45,2.1,0.94,"[0.03018501850429083, 0.8611695141151965, 0.05170632382522064, 0.056939143555292115]"
episode_008,dominated,fast,random_equation,82,ep008_vendor_020,GoExpress020,False,39.98,15,4.45,2.1,0.94,"[0.13730516608498208, 0.4338912220533313, 0.17260512092599523, 0.25619849093569136]"
episode_008,dominated,fast,random_equation,83,ep008_vendor_020,GoExpress020,False,39.98,15,4.45,2.1,0.94,"[0.05501630483153622, 0.8664264863930998, 0.046548639244152736, 0.03200856953121136]"
episode_008,dominated,fast,random_equation,84,ep008_vendor_001,PrimeRunner001,False,35.67,25,4.83,2.07,5.68,"[0.19846866717548822, 0.32710819481603337, 0.21048350114542536, 0.263939636863053]"
episode_008,dominated,fast,random_equation,85,ep008_vendor_086,CityRunner086,False,46.86,20,4.89,5.33,7.77,"[0.07708208356214077, 0.5382101852096768, 0.36219763824849915, 0.022510092979683358]"
episode_008,dominated,fast,random_equation,86,ep008_vendor_001,PrimeRunner001,False,35.67,25,4.83,2.07,5.68,"[0.4614940054710382, 0.0998991588584088, 0.2435923095280504, 0.1950145261425026]"
episode_008,dominated,fast,random_equation,87,ep008_vendor_001,PrimeRunner001,False,35.67,25,4.83,2.07,5.68,"[0.18470395231535502, 0.43034945264681584, 0.3817529359068165, 0.0031936591310126007]"
episode_008,dominated,fast,random_equation,88,ep008_vendor_001,PrimeRunner001,False,35.67,25,4.83,2.07,5.68,"[0.21454800952377284, 0.40099664968327553, 0.37744788544573765, 0.0070074553472139565]"
episode_008,dominated,fast,random_equation,89,ep008_vendor_020,GoExpress020,False,39.98,15,4.45,2.1,0.94,"[0.012253907058823678, 0.45228191971905557, 0.10868231437011328, 0.4267818588520076]"
episode_008,dominated,fast,random_equation,90,ep008_vendor_001,PrimeRunner001,False,35.67,25,4.83,2.07,5.68,"[0.4207178404136485, 0.2214425826647844, 0.32690394491044455, 0.030935632011122476]"
episode_008,dominated,fast,random_equation,91,ep008_vendor_001,PrimeRunner001,False,35.67,25,4.83,2.07,5.68,"[0.046731052712572524, 0.24799525287083363, 0.5471643179748142, 0.15810937644177958]"
episode_008,dominated,fast,random_equation,92,ep008_vendor_001,PrimeRunner001,False,35.67,25,4.83,2.07,5.68,"[0.16851595020487264, 0.19262205671148885, 0.16566439258462415, 0.4731976004990144]"
episode_008,dominated,fast,random_equation,93,ep008_vendor_001,PrimeRunner001,False,35.67,25,4.83,2.07,5.68,"[0.7326362269279622, 0.007685979921918101, 0.08099882113107049, 0.17867897201904914]"
episode_008,dominated,fast,random_equation,94,ep008_vendor_020,GoExpress020,False,39.98,15,4.45,2.1,0.94,"[0.2614097698973385, 0.5218483154217827, 0.10412628392230956, 0.11261563075856929]"
episode_008,dominated,fast,random_equation,95,ep008_vendor_020,GoExpress020,False,39.98,15,4.45,2.1,0.94,"[0.18436269451239506, 0.636239168757664, 0.16084156751468187, 0.018556569215259087]"
episode_008,dominated,fast,random_equation,96,ep008_vendor_001,PrimeRunner001,False,35.67,25,4.83,2.07,5.68,"[0.4665484443502559, 0.10298982285040074, 0.12021086246258994, 0.3102508703367535]"
episode_008,dominated,fast,random_equation,97,ep008_vendor_020,GoExpress020,False,39.98,15,4.45,2.1,0.94,"[0.018438071654412472, 0.552336910816344, 0.33779338791201635, 0.09143162961722706]"
episode_008,dominated,fast,random_equation,98,ep008_vendor_001,PrimeRunner001,False,35.67,25,4.83,2.07,5.68,"[0.19252913704003183, 0.2787308892302688, 0.23227903036919678, 0.29646094336050255]"
episode_008,dominated,fast,random_equation,99,ep008_vendor_001,PrimeRunner001,False,35.67,25,4.83,2.07,5.68,"[0.1500173760030443, 0.06997420684093685, 0.7616705947486571, 0.0183378224073618]"
episode_009,dominated,rating,price_first,,ep009_vendor_001,NoshMeals001,False,62.02,28,4.64,2.38,3.8,
episode_009,dominated,rating,eta_first,,ep009_vendor_033,DashNow033,False,69.72,15,4.64,2.22,2.05,
episode_009,dominated,rating,rating_first,,ep009_vendor_002,CityHub002,False,77.5,57,4.89,6.11,4.04,
episode_009,dominated,rating,balanced_equation,,ep009_vendor_001,NoshMeals001,False,62.02,28,4.64,2.38,3.8,
episode_009,dominated,rating,random_equation,0,ep009_vendor_001,NoshMeals001,False,62.02,28,4.64,2.38,3.8,"[0.23392954670024244, 0.0458189752299724, 0.43283425403546766, 0.2874172240343175]"
episode_009,dominated,rating,random_equation,1,ep009_vendor_052,RocketHub052,False,77.86,16,4.87,4.46,3.56,"[0.002520469549637035, 0.6982167989414567, 0.2854590277722661, 0.013803703736640138]"
episode_009,dominated,rating,random_equation,2,ep009_vendor_033,DashNow033,False,69.72,15,4.64,2.22,2.05,"[0.14796093058833382, 0.7887414853246505, 0.05700739434065837, 0.006290189746357308]"
episode_009,dominated,rating,random_equation,3,ep009_vendor_033,DashNow033,False,69.72,15,4.64,2.22,2.05,"[0.07024084715851295, 0.38628556989425095, 0.13748532988771206, 0.4059882530595241]"
episode_009,dominated,rating,random_equation,4,ep009_vendor_058,NoshDrop058,False,74.19,43,4.46,1.05,8.0,"[0.15937943003256674, 0.052942841334169835, 0.06461070856533757, 0.723067020067926]"
episode_009,dominated,rating,random_equation,5,ep009_vendor_033,DashNow033,False,69.72,15,4.64,2.22,2.05,"[0.3356157510828342, 0.46291672731241235, 0.03563289339026866, 0.16583462821448489]"
episode_009,dominated,rating,random_equation,6,ep009_vendor_001,NoshMeals001,False,62.02,28,4.64,2.38,3.8,"[0.37372875318025517, 0.14424368006000707, 0.1667628870608286, 0.3152646796989091]"
episode_009,dominated,rating,random_equation,7,ep009_vendor_001,NoshMeals001,False,62.02,28,4.64,2.38,3.8,"[0.6873792087148342, 0.186064258787209, 0.07736844243587966, 0.04918809006207714]"
episode_009,dominated,rating,random_equation,8,ep009_vendor_033,DashNow033,False,69.72,15,4.64,2.22,2.05,"[0.025146539557115273, 0.7569091488992619, 0.13204003243816448, 0.0859042791054585]"
episode_009,dominated,rating,random_equation,9,ep009_vendor_052,RocketHub052,False,77.86,16,4.87,4.46,3.56,"[0.14833602862870215, 0.40134110763621533, 0.4062319853781837, 0.04409087835689896]"
episode_009,dominated,rating,random_equation,10,ep009_vendor_052,RocketHub052,False,77.86,16,4.87,4.46,3.56,"[0.003564007314186327, 0.5680615272765691, 0.3760836563307157, 0.05229080907852883]"
episode_009,dominated,rating,random_equation,11,ep009_vendor_058,NoshDrop058,False,74.19,43,4.46,1.05,8.0,"[0.17575844623666698, 0.019641922754274607, 0.07600997591622148, 0.7285896550928369]"
episode_009,dominated,rating,random_equation,12,ep009_vendor_001,NoshMeals001,False,62.02,28,4.64,2.38,3.8,"[0.3695632172694467, 0.041184788565123066, 0.5834846656757311, 0.005767328489699088]"
episode_009,dominated,rating,random_equation,13,ep009_vendor_033,DashNow033,False,69.72,15,4.64,2.22,2.05,"[0.33085550732902547, 0.27977981995913676, 0.10736325565079208, 0.2820014170610456]"
episode_009,dominated,rating,random_equation,14,ep009_vendor_033,DashNow033,False,69.72,15,4.64,2.22,2.05,"[0.13576835082131394, 0.4339883359680483, 0.13399697470420688, 0.29624633850643084]"
episode_009,dominated,rating,random_equation,15,ep009_vendor_033,DashNow033,False,69.72,15,4.64,2.22,2.05,"[0.24478917606678335, 0.2315155722265786, 0.2947160407398576, 0.2289792109667805]"
episode_009,dominated,rating,random_equation,16,ep009_vendor_001,NoshMeals001,False,62.02,28,4.64,2.38,3.8,"[0.5938609335098026, 0.0016135272967864548, 0.018011596257343592, 0.3865139429360673]"
episode_009,dominated,rating,random_equation,17,ep009_vendor_033,DashNow033,False,69.72,15,4.64,2.22,2.05,"[0.2580527167549196, 0.19908400012447233, 0.075763424711571, 0.46709985840903717]"
episode_009,dominated,rating,random_equation,18,ep009_vendor_052,RocketHub052,False,77.86,16,4.87,4.46,3.56,"[0.04159061499188544, 0.23453420667456326, 0.7037810437413146, 0.02009413459223665]"
episode_009,dominated,rating,random_equation,19,ep009_vendor_001,NoshMeals001,False,62.02,28,4.64,2.38,3.8,"[0.32308595880589425, 0.10489517484086458, 0.32193569624799717, 0.250083170105244]"
episode_009,dominated,rating,random_equation,20,ep009_vendor_033,DashNow033,False,69.72,15,4.64,2.22,2.05,"[0.13467436692839177, 0.30277775664886203, 0.33928702215238926, 0.22326085427035702]"
episode_009,dominated,rating,random_equation,21,ep009_vendor_033,DashNow033,False,69.72,15,4.64,2.22,2.05,"[0.06308833482335775, 0.590799632654786, 0.005820180133005754, 0.3402918523888504]"
episode_009,dominated,rating,random_equation,22,ep009_vendor_001,NoshMeals001,False,62.02,28,4.64,2.38,3.8,"[0.6172034086453028, 0.20221403555925804, 0.05781556576542096, 0.12276699003001809]"
episode_009,dominated,rating,random_equation,23,ep009_vendor_013,QuickFleet013,False,74.91,19,4.17,1.77,1.3,"[0.0014858189477812086, 0.23063997371421766, 0.06458031348045083, 0.7032938938575504]"
episode_009,dominated,rating,random_equation,24,ep009_vendor_033,DashNow033,False,69.72,15,4.64,2.22,2.05,"[0.25012161250636683, 0.1304232495882453, 0.039642907950464636, 0.5798122299549231]"
episode_009,dominated,rating,random_equation,25,ep009_vendor_033,DashNow033,False,69.72,15,4.64,2.22,2.05,"[0.030773997338065785, 0.33584528596273133, 0.2197048406016787, 0.41367587609752415]"
episode_009,dominated,rating,random_equation,26,ep009_vendor_033,DashNow033,False,69.72,15,4.64,2.22,2.05,"[0.10271766247651509, 0.5323464796528172, 0.2374132548690483, 0.1275226030016195]"
episode_009,dominated,rating,random_equation,27,ep009_vendor_033,DashNow033,False,69.72,15,4.64,2.22,2.05,"[0.10549781737822007, 0.5119433286510952, 0.15890912164650858, 0.22364973232417612]"
episode_009,dominated,rating,random_equation,28,ep009_vendor_033,DashNow033,False,69.72,15,4.64,2.22,2.05,"[0.04526113223359127, 0.6335781659914689, 0.05093182116348301, 0.2702288806114569]"
episode_009,dominated,rating,random_equation,29,ep009_vendor_001,NoshMeals001,False,62.02,28,4.64,2.38,3.8,"[0.5615629142088069, 0.13616989389822637, 0.2897220119368998, 0.01254517995606709]"
episode_009,dominated,rating,random_equation,30,ep009_vendor_052,RocketHub052,False,77.86,16,4.87,4.46,3.56,"[0.11498166306987918, 0.08320167349169813, 0.746530086532059, 0.05528657690636361]"
episode_009,dominated,rating,random_equation,31,ep009_vendor_068,GoMeals068,False,76.74,31,4.77,2.99,4.85,"[0.02812911600362357, 0.03810985133966868, 0.6698677266978765, 0.2638933059588312]"
episode_009,dominated,rating,random_equation,32,ep009_vendor_033,DashNow033,False,69.72,15,4.64,2.22,2.05,"[0.20300944466045232, 0.6014982137121763, 0.07975908912176913, 0.11573325250560225]"
episode_009,dominated,rating,random_equation,33,ep009_vendor_033,DashNow033,False,69.72,15,4.64,2.22,2.05,"[0.32235523268568317, 0.4048522222187741, 0.041393325280009025, 0.2313992198155338]"
episode_009,dominated,rating,random_equation,34,ep009_vendor_033,DashNow033,False,69.72,15,4.64,2.22,2.05,"[0.10532066115162725, 0.5303059043909746, 0.2465458474461661, 0.11782758701123205]"
episode_009,dominated,rating,random_equation,35,ep009_vendor_033,DashNow033,False,69.72,15,4.64,2.22,2.05,"[0.2676706241161081, 0.15562918417832367, 0.4146216672287005, 0.16207852447686777]"
episode_009,dominated,rating,random_equation,36,ep009_vendor_052,RocketHub052,False,77.86,16,4.87,4.46,3.56,"[0.1738620706611653, 0.04447546921331749, 0.671088026754554, 0.11057443337096313]"
episode_009,dominated,rating,random_equation,37,ep009_vendor_058,NoshDrop058,False,74.19,43,4.46,1.05,8.0,"[0.1708136812636635, 0.0631992859120743, 0.016218968208929218, 0.749768064615333]"
episode_009,dominated,rating,random_equation,38,ep009_vendor_033,DashNow033,False,69.72,15,4.64,2.22,2.05,"[0.12078004491058174, 0.6648834637214283, 0.11701566456250317, 0.09732082680548695]"
episode_009,dominated,rating,random_equation,39,ep009_vendor_001,NoshMeals001,False,62.02,28,4.64,2.38,3.8,"[0.6910050929110086, 0.06533630278234306, 0.029785002298751504, 0.2138736020078968]"
episode_009,dominated,rating,random_equation,40,ep009_vendor_033,DashNow033,False,69.72,15,4.64,2.22,2.05,"[0.10356648362285005, 0.6010334720387878, 0.0964011381160735, 0.1989989062222887]"
episode_009,dominated,rating,random_equation,41,ep009_vendor_052,RocketHub052,False,77.86,16,4.87,4.46,3.56,"[0.11315023703634647, 0.1229953649553665, 0.6290516718569475, 0.13480272615133937]"
episode_009,dominated,rating,random_equation,42,ep009_vendor_052,RocketHub052,False,77.86,16,4.87,4.46,3.56,"[0.20096532271390327, 0.24040468373803803, 0.4972511071035059, 0.061378886444552735]"
episode_009,dominated,rating,random_equation,43,ep009_vendor_033,DashNow033,False,69.72,15,4.64,2.22,2.05,"[0.1355727823771276, 0.18978818773997508, 0.10481968250598411, 0.5698193473769133]"
episode_009,dominated,rating,random_equation,44,ep009_vendor_033,DashNow033,False,69.72,15,4.64,2.22,2.05,"[0.38062335372417894, 0.22970596109976577, 0.19227193193404613, 0.19739875324200915]"
episode_009,dominated,rating,random_equation,45,ep009_vendor_001,NoshMeals001,False,62.02,28,4.64,2.38,3.8,"[0.41403866000363676, 0.027682214202741886, 0.4973799278880975, 0.06089919790552374]"
episode_009,dominated,rating,random_equation,46,ep009_vendor_033,DashNow033,False,69.72,15,4.64,2.22,2.05,"[0.42415073684372906, 0.278357146027109, 0.2647873032391728, 0.03270481388998901]"
episode_009,dominated,rating,random_equation,47,ep009_vendor_033,DashNow033,False,69.72,15,4.64,2.22,2.05,"[0.06190062857625427, 0.08843278653775612, 0.5993911787184129, 0.25027540616757676]"
episode_009,dominated,rating,random_equation,48,ep009_vendor_033,DashNow033,False,69.72,15,4.64,2.22,2.05,"[0.32375805102692273, 0.2185963761232838, 0.10968294767988124, 0.3479626251699122]"
episode_009,dominated,rating,random_equation,49,ep009_vendor_001,NoshMeals001,False,62.02,28,4.64,2.38,3.8,"[0.4402684529179366, 0.06503953336675845, 0.481319421048631, 0.0133725926666738]"
episode_009,dominated,rating,random_equation,50,ep009_vendor_001,NoshMeals001,False,62.02,28,4.64,2.38,3.8,"[0.3766407448224149, 0.18836932193782202, 0.41922142169008597, 0.015768511549677233]"
episode_009,dominated,rating,random_equation,51,ep009_vendor_002,CityHub002,False,77.5,57,4.89,6.11,4.04,"[0.17598054642953564, 0.0019202571445937416, 0.8116689746123066, 0.010430221813564003]"
episode_009,dominated,rating,random_equation,52,ep009_vendor_033,DashNow033,False,69.72,15,4.64,2.22,2.05,"[0.003815223591700378, 0.14433078867251084, 0.4789526213685338, 0.3729013663672549]"
episode_009,dominated,rating,random_equation,53,ep009_vendor_001,NoshMeals001,False,62.02,28,4.64,2.38,3.8,"[0.25065688162458977, 0.047726050632069916, 0.39996740109872175, 0.30164966664461856]"
episode_009,dominated,rating,random_equation,54,ep009_vendor_033,DashNow033,False,69.72,15,4.64,2.22,2.05,"[0.4348571097901559, 0.2924090378702607, 0.14404818590138135, 0.12868566643820206]"
episode_009,dominated,rating,random_equation,55,ep009_vendor_033,DashNow033,False,69.72,15,4.64,2.22,2.05,"[0.28381936035674515, 0.1528483975981954, 0.07295369747704285, 0.49037854456801655]"
episode_009,dominated,rating,random_equation,56,ep009_vendor_033,DashNow033,False,69.72,15,4.64,2.22,2.05,"[0.022185031911503037, 0.6509462426985947, 0.26568925093730594, 0.06117947445259629]"
episode_009,dominated,rating,random_equation,57,ep009_vendor_001,NoshMeals001,False,62.02,28,4.64,2.38,3.8,"[0.6335058397359034, 0.1197220649841837, 0.10174490489656146, 0.14502719038335146]"
episode_009,dominated,rating,random_equation,58,ep009_vendor_033,DashNow033,False,69.72,15,4.64,2.22,2.05,"[0.15355934518373135, 0.5923347773896709, 0.15005979088870133, 0.10404608653789638]"
episode_009,dominated,rating,random_equation,59,ep009_vendor_033,DashNow033,False,69.72,15,4.64,2.22,2.05,"[0.4416872998195342, 0.4026805593984125, 0.034623724195516174, 0.1210084165865371]"
episode_009,dominated,rating,random_equation,60,ep009_vendor_001,NoshMeals001,False,62.02,28,4.64,2.38,3.8,"[0.18578992914816142, 0.05308432883380542, 0.5324447025835409, 0.22868103943449233]"
episode_009,dominated,rating,random_equation,61,ep009_vendor_033,DashNow033,False,69.72,15,4.64,2.22,2.05,"[0.0028419121229934833, 0.6345992305963951, 0.1202145702079264, 0.24234428707268504]"
episode_009,dominated,rating,random_equation,62,ep009_vendor_001,NoshMeals001,False,62.02,28,4.64,2.38,3.8,"[0.7713691462729334, 0.03252154654420862, 0.19502687605693134, 0.0010824311259266175]"
episode_009,dominated,rating,random_equation,63,ep009_vendor_001,NoshMeals001,False,62.02,28,4.64,2.38,3.8,"[0.40517674253596125, 0.14754809639085067, 0.4413703988098513, 0.005904762263336771]"
episode_009,dominated,rating,random_equation,64,ep009_vendor_052,RocketHub052,False,77.86,16,4.87,4.46,3.56,"[0.01973617636918407, 0.02872017342664544, 0.9325634987589133, 0.018980151445257224]"
episode_009,dominated,rating,random_equation,65,ep009_vendor_033,DashNow033,False,69.72,15,4.64,2.22,2.05,"[0.265124309546411, 0.2862542273587012, 0.20848427086570967, 0.24013719222917823]"
episode_009,dominated,rating,random_equation,66,ep009_vendor_005,FeastNow005,False,80.84,36,4.57,1.1,16.48,"[0.09074916926374399, 0.15527612584422623, 0.06379384853597624, 0.6901808563560534]"
episode_009,dominated,rating,random_equation,67,ep009_vendor_005,FeastNow005,False,80.84,36,4.57,1.1,16.48,"[0.05892724341854673, 0.07772663065167273, 0.41078280283872515, 0.4525633230910553]"
episode_009,dominated,rating,random_equation,68,ep009_vendor_001,NoshMeals001,False,62.02,28,4.64,2.38,3.8,"[0.5449302681348044, 0.031090073499878655, 0.07095899699136347, 0.3530206613739535]"
episode_009,dominated,rating,random_equation,69,ep009_vendor_001,NoshMeals001,False,62.02,28,4.64,2.38,3.8,"[0.7253550941958384, 0.02649692483882113, 0.07871536897373628, 0.16943261199160398]"
episode_009,dominated,rating,random_equation,70,ep009_vendor_033,DashNow033,False,69.72,15,4.64,2.22,2.05,"[0.1060188114239153, 0.3021357287222876, 0.46227347237146144, 0.12957198748233567]"
episode_009,dominated,rating,random_equation,71,ep009_vendor_052,RocketHub052,False,77.86,16,4.87,4.46,3.56,"[0.12923240615043693, 0.19485719201200324, 0.6609104300858317, 0.01499997175172805]"
episode_009,dominated,rating,random_equation,72,ep009_vendor_033,DashNow033,False,69.72,15,4.64,2.22,2.05,"[0.34926854724542156, 0.4165629351817839, 0.025537495484291878, 0.2086310220885028]"
episode_009,dominated,rating,random_equation,73,ep009_vendor_001,NoshMeals001,False,62.02,28,4.64,2.38,3.8,"[0.19277838044020973, 0.00036216223840292936, 0.5598799271265088, 0.2469795301948785]"
episode_009,dominated,rating,random_equation,74,ep009_vendor_033,DashNow033,False,69.72,15,4.64,2.22,2.05,"[0.18149161228866958, 0.16467089948480157, 0.12662660505235834, 0.5272108831741705]"
episode_009,dominated,rating,random_equation,75,ep009_vendor_033,DashNow033,False,69.72,15,4.64,2.22,2.05,"[0.01262656393727108, 0.2498979176561975, 0.3957204383980969, 0.34175508000843463]"
episode_009,dominated,rating,random_equation,76,ep009_vendor_001,NoshMeals001,False,62.02,28,4.64,2.38,3.8,"[0.4788534112238014, 0.028912040500836747, 0.08838382445351588, 0.403850723821846]"
episode_009,dominated,rating,random_equation,77,ep009_vendor_033,DashNow033,False,69.72,15,4.64,2.22,2.05,"[0.27928056139628266, 0.28161522842486514, 0.3080897687702376, 0.1310144414086145]"
episode_009,dominated,rating,random_equation,78,ep009_vendor_033,DashNow033,False,69.72,15,4.64,2.22,2.05,"[0.31662925548883053, 0.31731110363828763, 0.3628178447896834, 0.0032417960831985643]"
episode_009,dominated,rating,random_equation,79,ep009_vendor_005,FeastNow005,False,80.84,36,4.57,1.1,16.48,"[0.11053346605860483, 0.13207122993829007, 0.11619504424136486, 0.6412002597617402]"
episode_009,dominated,rating,random_equation,80,ep009_vendor_033,DashNow033,False,69.72,15,4.64,2.22,2.05,"[0.13458901672458884, 0.27939722913624565, 0.11414784565640386, 0.47186590848276166]"
episode_009,dominated,rating,random_equation,81,ep009_vendor_033,DashNow033,False,69.72,15,4.64,2.22,2.05,"[0.1461103925436553, 0.4514101147533029, 0.18365506063391024, 0.2188244320691315]"
episode_009,dominated,rating,random_equation,82,ep009_vendor_033,DashNow033,False,69.72,15,4.64,2.22,2.05,"[0.19009114984934275, 0.42732271362431784, 0.11124796988683985, 0.27133816663949956]"
episode_009,dominated,rating,random_equation,83,ep009_vendor_033,DashNow033,False,69.72,15,4.64,2.22,2.05,"[0.24510865715824187, 0.687576513556829, 0.05277780955068971, 0.01453701973423943]"
episode_009,dominated,rating,random_equation,84,ep009_vendor_033,DashNow033,False,69.72,15,4.64,2.22,2.05,"[0.08271611758181587, 0.7316692829194854, 0.0261327697174235, 0.15948182978127523]"
episode_009,dominated,rating,random_equation,85,ep009_vendor_033,DashNow033,False,69.72,15,4.64,2.22,2.05,"[0.5037285685131228, 0.28964742593922443, 0.005774089933936985, 0.2008499156137159]"
episode_009,dominated,rating,random_equation,86,ep009_vendor_033,DashNow033,False,69.72,15,4.64,2.22,2.05,"[0.05563829331857134, 0.5876687596171847, 0.2609435254267346, 0.09574942163750948]"
episode_009,dominated,rating,random_equation,87,ep009_vendor_001,NoshMeals001,False,62.02,28,4.64,2.38,3.8,"[0.5576049089383266, 0.13061424708127511, 0.1794748272922066, 0.13230601668819156]"
episode_009,dominated,rating,random_equation,88,ep009_vendor_033,DashNow033,False,69.72,15,4.64,2.22,2.05,"[0.07346887950132461, 0.2609871990232332, 0.2678375862653961, 0.397706335210046]"
episode_009,dominated,rating,random_equation,89,ep009_vendor_001,NoshMeals001,False,62.02,28,4.64,2.38,3.8,"[0.22336854692543281, 0.08438473219700389, 0.33910266411362205, 0.3531440567639412]"
episode_009,dominated,rating,random_equation,90,ep009_vendor_001,NoshMeals001,False,62.02,28,4.64,2.38,3.8,"[0.3124627140184947, 0.02442841749299281, 0.46972420130841447, 0.19338466718009806]"
episode_009,dominated,rating,random_equation,91,ep009_vendor_001,NoshMeals001,False,62.02,28,4.64,2.38,3.8,"[0.20777138325632516, 0.07458340264164748, 0.45337144636367654, 0.2642737677383508]"
episode_009,dominated,rating,random_equation,92,ep009_vendor_058,NoshDrop058,False,74.19,43,4.46,1.05,8.0,"[0.30519851240993684, 0.0027811325320762025, 0.0156651168283062, 0.6763552382296808]"
episode_009,dominated,rating,random_equation,93,ep009_vendor_033,DashNow033,False,69.72,15,4.64,2.22,2.05,"[0.35674383355565986, 0.4740446260098752, 0.06366946921055217, 0.10554207122391272]"
episode_009,dominated,rating,random_equation,94,ep009_vendor_033,DashNow033,False,69.72,15,4.64,2.22,2.05,"[0.10161769806840458, 0.47151486020626854, 0.15105980710237804, 0.2758076346229489]"
episode_009,dominated,rating,random_equation,95,ep009_vendor_033,DashNow033,False,69.72,15,4.64,2.22,2.05,"[0.13856022824590933, 0.24912735554155493, 0.18982986463666043, 0.4224825515758752]"
episode_009,dominated,rating,random_equation,96,ep009_vendor_033,DashNow033,False,69.72,15,4.64,2.22,2.05,"[0.06304890528676779, 0.34247850162852933, 0.3705911663642141, 0.22388142672048877]"
episode_009,dominated,rating,random_equation,97,ep009_vendor_001,NoshMeals001,False,62.02,28,4.64,2.38,3.8,"[0.8539130181867661, 0.08712388310752149, 0.029743733027752198, 0.029219365677960414]"
episode_009,dominated,rating,random_equation,98,ep009_vendor_033,DashNow033,False,69.72,15,4.64,2.22,2.05,"[0.08666394535950077, 0.07163322699681392, 0.4827124747224129, 0.3589903529212724]"
episode_009,dominated,rating,random_equation,99,ep009_vendor_052,RocketHub052,False,77.86,16,4.87,4.46,3.56,"[0.01984626836824091, 0.13893088323562908, 0.7351836099436312, 0.10603923845249878]"
episode_010,dominated,rating,price_first,,ep010_vendor_001,SwiftExpress001,False,34.1,16,4.7,2.08,1.07,
episode_010,dominated,rating,eta_first,,ep010_vendor_001,SwiftExpress001,False,34.1,16,4.7,2.08,1.07,
episode_010,dominated,rating,rating_first,,ep010_vendor_028,FeastCart028,False,50.54,58,4.9,8.73,9.34,
episode_010,dominated,rating,balanced_equation,,ep010_vendor_001,SwiftExpress001,False,34.1,16,4.7,2.08,1.07,
episode_010,dominated,rating,random_equation,0,ep010_vendor_001,SwiftExpress001,False,34.1,16,4.7,2.08,1.07,"[0.11844476107699915, 0.36302007085959714, 0.11307285462986388, 0.4054623134335397]"
episode_010,dominated,rating,random_equation,1,ep010_vendor_001,SwiftExpress001,False,34.1,16,4.7,2.08,1.07,"[0.46836616351631266, 0.31351877891498164, 0.10126129989304007, 0.11685375767566558]"
episode_010,dominated,rating,random_equation,2,ep010_vendor_001,SwiftExpress001,False,34.1,16,4.7,2.08,1.07,"[0.014475308955637822, 0.2328155741543031, 0.13910213222092785, 0.6136069846691312]"
episode_010,dominated,rating,random_equation,3,ep010_vendor_001,SwiftExpress001,False,34.1,16,4.7,2.08,1.07,"[0.06903713367019029, 0.799457794917794, 0.06179150026714773, 0.06971357114486794]"
episode_010,dominated,rating,random_equation,4,ep010_vendor_001,SwiftExpress001,False,34.1,16,4.7,2.08,1.07,"[0.023349794590569843, 0.15369338703739738, 0.3363364416606927, 0.4866203767113401]"
episode_010,dominated,rating,random_equation,5,ep010_vendor_001,SwiftExpress001,False,34.1,16,4.7,2.08,1.07,"[0.054885839446433604, 0.35065395843810104, 0.16194711492109967, 0.43251308719436565]"
episode_010,dominated,rating,random_equation,6,ep010_vendor_001,SwiftExpress001,False,34.1,16,4.7,2.08,1.07,"[0.41579356702612885, 0.15570763139586677, 0.1542836242747479, 0.2742151773032564]"
episode_010,dominated,rating,random_equation,7,ep010_vendor_001,SwiftExpress001,False,34.1,16,4.7,2.08,1.07,"[0.5563141697813763, 0.10309649006199713, 0.18035276298132674, 0.1602365771752998]"
episode_010,dominated,rating,random_equation,8,ep010_vendor_001,SwiftExpress001,False,34.1,16,4.7,2.08,1.07,"[0.17304160028268709, 0.3914711154763672, 0.4163819834033431, 0.019105300837602642]"
episode_010,dominated,rating,random_equation,9,ep010_vendor_001,SwiftExpress001,False,34.1,16,4.7,2.08,1.07,"[0.01360063783323691, 0.2702389702891269, 0.2562635620417947, 0.45989682983584146]"
episode_010,dominated,rating,random_equation,10,ep010_vendor_001,SwiftExpress001,False,34.1,16,4.7,2.08,1.07,"[0.40741304280522306, 0.4022749846737394, 0.1421608638908922, 0.0481511086301454]"
episode_010,dominated,rating,random_equation,11,ep010_vendor_001,SwiftExpress001,False,34.1,16,4.7,2.08,1.07,"[0.23769726595833318, 0.13763411390221647, 0.2273596149056536, 0.3973090052337967]"
episode_010,dominated,rating,random_equation,12,ep010_vendor_001,SwiftExpress001,False,34.1,16,4.7,2.08,1.07,"[0.14145132128290555, 0.18837629338894205, 0.2909826589177007, 0.3791897264104516]"
episode_010,dominated,rating,random_equation,13,ep010_vendor_001,SwiftExpress001,False,34.1,16,4.7,2.08,1.07,"[0.01131273212199662, 0.24122117955827635, 0.35231120059081417, 0.39515488772891283]"
episode_010,dominated,rating,random_equation,14,ep010_vendor_001,SwiftExpress001,False,34.1,16,4.7,2.08,1.07,"[0.34401283710027664, 0.23006260582445467, 0.033787563046452404, 0.39213699402881624]"
episode_010,dominated,rating,random_equation,15,ep010_vendor_001,SwiftExpress001,False,34.1,16,4.7,2.08,1.07,"[0.33704072830413023, 0.3190586218956546, 0.08216895068094157, 0.2617316991192736]"
episode_010,dominated,rating,random_equation,16,ep010_vendor_001,SwiftExpress001,False,34.1,16,4.7,2.08,1.07,"[0.09465026142603346, 0.020555071741463784, 0.5296972235100866, 0.3550974433224161]"
episode_010,dominated,rating,random_equation,17,ep010_vendor_001,SwiftExpress001,False,34.1,16,4.7,2.08,1.07,"[0.07723009485177007, 0.2863574581373189, 0.11085887150778127, 0.5255535755031298]"
episode_010,dominated,rating,random_equation,18,ep010_vendor_001,SwiftExpress001,False,34.1,16,4.7,2.08,1.07,"[0.554973917624953, 0.18338029784606022, 0.18769967145945604, 0.07394611306953075]"
episode_010,dominated,rating,random_equation,19,ep010_vendor_001,SwiftExpress001,False,34.1,16,4.7,2.08,1.07,"[0.13746694497996767, 0.22661121300204065, 0.062277826508684894, 0.5736440155093069]"
episode_010,dominated,rating,random_equation,20,ep010_vendor_001,SwiftExpress001,False,34.1,16,4.7,2.08,1.07,"[0.1948812345385351, 0.5995431478405437, 0.17108593055307872, 0.03448968706784242]"
episode_010,dominated,rating,random_equation,21,ep010_vendor_001,SwiftExpress001,False,34.1,16,4.7,2.08,1.07,"[0.2140046889696726, 0.3632558460863237, 0.34836982346644424, 0.07436964147755952]"
episode_010,dominated,rating,random_equation,22,ep010_vendor_001,SwiftExpress001,False,34.1,16,4.7,2.08,1.07,"[0.24321789173226196, 0.31237475040111307, 0.2907832005716159, 0.15362415729500922]"
episode_010,dominated,rating,random_equation,23,ep010_vendor_001,SwiftExpress001,False,34.1,16,4.7,2.08,1.07,"[0.4679076213820882, 0.33920253080373547, 0.09587924343639459, 0.09701060437778176]"
episode_010,dominated,rating,random_equation,24,ep010_vendor_001,SwiftExpress001,False,34.1,16,4.7,2.08,1.07,"[0.09525620275547791, 0.6448858638555995, 0.1284935636021494, 0.13136436978677313]"
episode_010,dominated,rating,random_equation,25,ep010_vendor_001,SwiftExpress001,False,34.1,16,4.7,2.08,1.07,"[0.10719154046572996, 0.1614996984089506, 0.599283273842179, 0.13202548728314037]"
episode_010,dominated,rating,random_equation,26,ep010_vendor_001,SwiftExpress001,False,34.1,16,4.7,2.08,1.07,"[0.02410144776704152, 0.09333556700520014, 0.6211932539021227, 0.26136973132563557]"
episode_010,dominated,rating,random_equation,27,ep010_vendor_001,SwiftExpress001,False,34.1,16,4.7,2.08,1.07,"[0.37064781239718536, 0.18725643944939055, 0.04845120012877119, 0.3936445480246529]"
episode_010,dominated,rating,random_equation,28,ep010_vendor_001,SwiftExpress001,False,34.1,16,4.7,2.08,1.07,"[0.27442830707315824, 0.04763838770300922, 0.4738041498987562, 0.20412915532507642]"
episode_010,dominated,rating,random_equation,29,ep010_vendor_001,SwiftExpress001,False,34.1,16,4.7,2.08,1.07,"[0.03228864521809048, 0.2632208658282972, 0.4381082447620701, 0.2663822441915421]"
episode_010,dominated,rating,random_equation,30,ep010_vendor_001,SwiftExpress001,False,34.1,16,4.7,2.08,1.07,"[0.6255857132439897, 0.2222378119463481, 0.05480627517369918, 0.09737019963596298]"
episode_010,dominated,rating,random_equation,31,ep010_vendor_001,SwiftExpress001,False,34.1,16,4.7,2.08,1.07,"[0.22632415622611984, 0.008302974847022132, 0.1113704986261967, 0.6540023703006613]"
episode_010,dominated,rating,random_equation,32,ep010_vendor_001,SwiftExpress001,False,34.1,16,4.7,2.08,1.07,"[0.25136655659490736, 0.48118318100545754, 0.1872028484445873, 0.08024741395504768]"
episode_010,dominated,rating,random_equation,33,ep010_vendor_001,SwiftExpress001,False,34.1,16,4.7,2.08,1.07,"[0.2788363235948529, 0.09513626263013272, 0.1895982115015953, 0.436429202273419]"
episode_010,dominated,rating,random_equation,34,ep010_vendor_001,SwiftExpress001,False,34.1,16,4.7,2.08,1.07,"[0.09062895419441822, 0.25906594021266244, 0.5675041492415395, 0.08280095635137981]"
episode_010,dominated,rating,random_equation,35,ep010_vendor_001,SwiftExpress001,False,34.1,16,4.7,2.08,1.07,"[0.16476389172870048, 0.21004670461881206, 0.0282766808359797, 0.5969127228165079]"
episode_010,dominated,rating,random_equation,36,ep010_vendor_001,SwiftExpress001,False,34.1,16,4.7,2.08,1.07,"[0.8197816208646312, 0.004422072185870372, 0.06074425618223688, 0.11505205076726151]"
episode_010,dominated,rating,random_equation,37,ep010_vendor_036,PrimeHub036,False,44.21,23,3.8,1.02,12.75,"[0.013331474794319668, 0.15995930646286152, 0.07974930060776654, 0.7469599181350522]"
episode_010,dominated,rating,random_equation,38,ep010_vendor_001,SwiftExpress001,False,34.1,16,4.7,2.08,1.07,"[0.16647130163479237, 0.45409557033423775, 0.2882629264448109, 0.09117020158615899]"
episode_010,dominated,rating,random_equation,39,ep010_vendor_001,SwiftExpress001,False,34.1,16,4.7,2.08,1.07,"[0.559504433172145, 0.16492048916662327, 0.15909989553373122, 0.11647518212750044]"
episode_010,dominated,rating,random_equation,40,ep010_vendor_001,SwiftExpress001,False,34.1,16,4.7,2.08,1.07,"[0.6854171986129377, 0.08837628856625473, 0.11931740681268735, 0.10688910600812024]"
episode_010,dominated,rating,random_equation,41,ep010_vendor_001,SwiftExpress001,False,34.1,16,4.7,2.08,1.07,"[0.4638122724333358, 0.17118442926797106, 0.0666745584497881, 0.29832873984890507]"
episode_010,dominated,rating,random_equation,42,ep010_vendor_001,SwiftExpress001,False,34.1,16,4.7,2.08,1.07,"[0.19496908380278957, 0.1202113032673239, 0.6548631919096012, 0.029956421020285406]"
episode_010,dominated,rating,random_equation,43,ep010_vendor_001,SwiftExpress001,False,34.1,16,4.7,2.08,1.07,"[0.35222621149746636, 0.12109969062292532, 0.33336038247984967, 0.19331371539975847]"
episode_010,dominated,rating,random_equation,44,ep010_vendor_001,SwiftExpress001,False,34.1,16,4.7,2.08,1.07,"[0.039875186627028256, 0.3280190735996143, 0.07489691286019241, 0.557208826913165]"
episode_010,dominated,rating,random_equation,45,ep010_vendor_001,SwiftExpress001,False,34.1,16,4.7,2.08,1.07,"[0.07370618087940223, 0.8583788687998879, 0.01663931318944832, 0.0512756371312617]"
episode_010,dominated,rating,random_equation,46,ep010_vendor_001,SwiftExpress001,False,34.1,16,4.7,2.08,1.07,"[0.2729005822371331, 0.22401620858552293, 0.12813487852834018, 0.3749483306490038]"
episode_010,dominated,rating,random_equation,47,ep010_vendor_001,SwiftExpress001,False,34.1,16,4.7,2.08,1.07,"[0.5601746969405116, 0.026066027162682862, 0.2948735645493998, 0.11888571134740582]"
episode_010,dominated,rating,random_equation,48,ep010_vendor_001,SwiftExpress001,False,34.1,16,4.7,2.08,1.07,"[0.11126835208800603, 0.13433465787057616, 0.7081702230410719, 0.04622676700034598]"
episode_010,dominated,rating,random_equation,49,ep010_vendor_001,SwiftExpress001,False,34.1,16,4.7,2.08,1.07,"[0.11198570964816096, 0.307272829653845, 0.37465883178710313, 0.20608262891089088]"
episode_010,dominated,rating,random_equation,50,ep010_vendor_001,SwiftExpress001,False,34.1,16,4.7,2.08,1.07,"[0.026969137142617727, 0.33604303097151667, 0.05404483124871911, 0.5829430006371464]"
episode_010,dominated,rating,random_equation,51,ep010_vendor_036,PrimeHub036,False,44.21,23,3.8,1.02,12.75,"[0.07881617695122198, 0.010869507432198089, 0.1117742156132326, 0.7985401000033474]"
episode_010,dominated,rating,random_equation,52,ep010_vendor_001,SwiftExpress001,False,34.1,16,4.7,2.08,1.07,"[0.3274994356129399, 0.0806916659507791, 0.23382588266749732, 0.35798301576878366]"
episode_010,dominated,rating,random_equation,53,ep010_vendor_001,SwiftExpress001,False,34.1,16,4.7,2.08,1.07,"[0.136266301060944, 0.3485183753030697, 0.3561601963947448, 0.15905512724124152]"
episode_010,dominated,rating,random_equation,54,ep010_vendor_001,SwiftExpress001,False,34.1,16,4.7,2.08,1.07,"[0.5867983161571639, 0.01658596208828528, 0.18243719067035735, 0.2141785310841935]"
episode_010,dominated,rating,random_equation,55,ep010_vendor_036,PrimeHub036,False,44.21,23,3.8,1.02,12.75,"[0.012121609096914563, 0.24660708484332095, 0.05129790246250087, 0.6899734035972637]"
episode_010,dominated,rating,random_equation,56,ep010_vendor_001,SwiftExpress001,False,34.1,16,4.7,2.08,1.07,"[0.16726340075664384, 0.41491600631932507, 0.2694909491296416, 0.1483296437943895]"
episode_010,dominated,rating,random_equation,57,ep010_vendor_036,PrimeHub036,False,44.21,23,3.8,1.02,12.75,"[0.06834500313796316, 0.12208276395825035, 0.05733431270924095, 0.7522379201945455]"
episode_010,dominated,rating,random_equation,58,ep010_vendor_001,SwiftExpress001,False,34.1,16,4.7,2.08,1.07,"[0.3023463238517322, 0.08801514501567478, 0.452733047195918, 0.15690548393667503]"
episode_010,dominated,rating,random_equation,59,ep010_vendor_001,SwiftExpress001,False,34.1,16,4.7,2.08,1.07,"[0.48492922527319243, 0.5011266056764818, 0.01321664206263182, 0.0007275269876938357]"
episode_010,dominated,rating,random_equation,60,ep010_vendor_001,SwiftExpress001,False,34.1,16,4.7,2.08,1.07,"[0.2108535954312116, 0.33992261194760437, 0.20431510612725984, 0.24490868649392428]"
episode_010,dominated,rating,random_equation,61,ep010_vendor_001,SwiftExpress001,False,34.1,16,4.7,2.08,1.07,"[0.5967564976812062, 0.017640437469027482, 0.14068178031985867, 0.24492128452990763]"
episode_010,dominated,rating,random_equation,62,ep010_vendor_001,SwiftExpress001,False,34.1,16,4.7,2.08,1.07,"[0.11791944834996725, 0.22044957406328214, 0.03483974263466312, 0.6267912349520877]"
episode_010,dominated,rating,random_equation,63,ep010_vendor_001,SwiftExpress001,False,34.1,16,4.7,2.08,1.07,"[0.3756360006350524, 0.26615839841733613, 0.056784062975516615, 0.3014215379720947]"
episode_010,dominated,rating,random_equation,64,ep010_vendor_001,SwiftExpress001,False,34.1,16,4.7,2.08,1.07,"[0.1364363178870535, 0.14573916099489473, 0.2865383975737312, 0.43128612354432055]"
episode_010,dominated,rating,random_equation,65,ep010_vendor_001,SwiftExpress001,False,34.1,16,4.7,2.08,1.07,"[0.11844660750208096, 0.16682863833221817, 0.5821450354722494, 0.1325797186934514]"
episode_010,dominated,rating,random_equation,66,ep010_vendor_001,SwiftExpress001,False,34.1,16,4.7,2.08,1.07,"[0.3122458117430395, 0.05134120076686166, 0.14840467505630733, 0.48800831243379156]"
episode_010,dominated,rating,random_equation,67,ep010_vendor_001,SwiftExpress001,False,34.1,16,4.7,2.08,1.07,"[0.25743120793844426, 0.34483960010831105, 0.05094672362121331, 0.34678246833203125]"
episode_010,dominated,rating,random_equation,68,ep010_vendor_001,SwiftExpress001,False,34.1,16,4.7,2.08,1.07,"[0.6348847434071602, 0.22598181818338026, 0.06359358932532261, 0.07553984908413701]"
episode_010,dominated,rating,random_equation,69,ep010_vendor_001,SwiftExpress001,False,34.1,16,4.7,2.08,1.07,"[0.2029288360845529, 0.25870330642745504, 0.19309371914455273, 0.3452741383434393]"
episode_010,dominated,rating,random_equation,70,ep010_vendor_022,SwiftRunner022,False,46.61,16,4.86,7.12,7.74,"[0.028254097957103493, 0.5875368613278094, 0.37582449606490226, 0.008384544650184919]"
episode_010,dominated,rating,random_equation,71,ep010_vendor_001,SwiftExpress001,False,34.1,16,4.7,2.08,1.07,"[0.3070060958985415, 0.24824060854621752, 0.15537386030142783, 0.2893794352538131]"
episode_010,dominated,rating,random_equation,72,ep010_vendor_001,SwiftExpress001,False,34.1,16,4.7,2.08,1.07,"[0.18161284826814325, 0.1063571331165474, 0.4621135034297051, 0.24991651518560423]"
episode_010,dominated,rating,random_equation,73,ep010_vendor_001,SwiftExpress001,False,34.1,16,4.7,2.08,1.07,"[0.21461567971571935, 0.2635190453033021, 0.005576759206593032, 0.5162885157743854]"
episode_010,dominated,rating,random_equation,74,ep010_vendor_001,SwiftExpress001,False,34.1,16,4.7,2.08,1.07,"[0.019427999610965405, 0.6556186921138802, 0.07533401354980257, 0.24961929472535183]"
episode_010,dominated,rating,random_equation,75,ep010_vendor_001,SwiftExpress001,False,34.1,16,4.7,2.08,1.07,"[0.2202188385675273, 0.68233856594268, 0.054321966677267554, 0.04312062881252505]"
episode_010,dominated,rating,random_equation,76,ep010_vendor_001,SwiftExpress001,False,34.1,16,4.7,2.08,1.07,"[0.43325855197657087, 0.38159873868668126, 0.002264363544950616, 0.18287834579179726]"
episode_010,dominated,rating,random_equation,77,ep010_vendor_001,SwiftExpress001,False,34.1,16,4.7,2.08,1.07,"[0.17196829927305082, 0.03373068789825041, 0.7711905535099859, 0.02311045931871283]"
episode_010,dominated,rating,random_equation,78,ep010_vendor_001,SwiftExpress001,False,34.1,16,4.7,2.08,1.07,"[0.11813030024862527, 0.01966389705614352, 0.5941565175918961, 0.2680492851033351]"
episode_010,dominated,rating,random_equation,79,ep010_vendor_001,SwiftExpress001,False,34.1,16,4.7,2.08,1.07,"[0.08238657614023802, 0.79318141374747, 0.07461823106848646, 0.04981377904380563]"
episode_010,dominated,rating,random_equation,80,ep010_vendor_001,SwiftExpress001,False,34.1,16,4.7,2.08,1.07,"[0.390467632192813, 0.27627853545255315, 0.15816356488514358, 0.17509026746949027]"
episode_010,dominated,rating,random_equation,81,ep010_vendor_001,SwiftExpress001,False,34.1,16,4.7,2.08,1.07,"[0.0459368232689329, 0.48225527432757126, 0.10585435454493969, 0.3659535478585561]"
episode_010,dominated,rating,random_equation,82,ep010_vendor_001,SwiftExpress001,False,34.1,16,4.7,2.08,1.07,"[0.21356654249992016, 0.752839283344654, 0.01748474801249347, 0.016109426142932422]"
episode_010,dominated,rating,random_equation,83,ep010_vendor_001,SwiftExpress001,False,34.1,16,4.7,2.08,1.07,"[0.3019946465489348, 0.5178987002757779, 0.166224110987546, 0.01388254218774129]"
episode_010,dominated,rating,random_equation,84,ep010_vendor_001,SwiftExpress001,False,34.1,16,4.7,2.08,1.07,"[0.14182920473450725, 0.26282534816406666, 0.31814303443990805, 0.2772024126615181]"
episode_010,dominated,rating,random_equation,85,ep010_vendor_001,SwiftExpress001,False,34.1,16,4.7,2.08,1.07,"[0.0997324178690745, 0.08548145745182184, 0.15329299473651, 0.6614931299425936]"
episode_010,dominated,rating,random_equation,86,ep010_vendor_001,SwiftExpress001,False,34.1,16,4.7,2.08,1.07,"[0.29714135972354294, 0.30868408030174915, 0.10854057930956287, 0.2856339806651451]"
episode_010,dominated,rating,random_equation,87,ep010_vendor_001,SwiftExpress001,False,34.1,16,4.7,2.08,1.07,"[0.20450834997989656, 0.5797109273831479, 0.14922610510293194, 0.0665546175340238]"
episode_010,dominated,rating,random_equation,88,ep010_vendor_001,SwiftExpress001,False,34.1,16,4.7,2.08,1.07,"[0.04484007816711618, 0.8189773832298303, 0.004660450742944891, 0.13152208786010866]"
episode_010,dominated,rating,random_equation,89,ep010_vendor_001,SwiftExpress001,False,34.1,16,4.7,2.08,1.07,"[0.5394414545156296, 0.07889556917699463, 0.027742365789182745, 0.353920610518193]"
episode_010,dominated,rating,random_equation,90,ep010_vendor_050,GoRunner050,False,48.09,28,4.79,2.41,4.47,"[0.030379327884614477, 0.0238087239428607, 0.7479238923598315, 0.19788805581269348]"
episode_010,dominated,rating,random_equation,91,ep010_vendor_001,SwiftExpress001,False,34.1,16,4.7,2.08,1.07,"[0.18565046337831548, 0.10725351554021585, 0.10691245438717044, 0.6001835666942982]"
episode_010,dominated,rating,random_equation,92,ep010_vendor_001,SwiftExpress001,False,34.1,16,4.7,2.08,1.07,"[0.06571453544724286, 0.5844500107782168, 0.12178064788129112, 0.2280548058932494]"
episode_010,dominated,rating,random_equation,93,ep010_vendor_001,SwiftExpress001,False,34.1,16,4.7,2.08,1.07,"[0.19514958533143473, 0.08501374076356463, 0.2612821196564853, 0.4585545542485154]"
episode_010,dominated,rating,random_equation,94,ep010_vendor_001,SwiftExpress001,False,34.1,16,4.7,2.08,1.07,"[0.05138702252976867, 0.009849083855526181, 0.2959576710137597, 0.6428062226009453]"
episode_010,dominated,rating,random_equation,95,ep010_vendor_001,SwiftExpress001,False,34.1,16,4.7,2.08,1.07,"[0.10619468435465702, 0.4353323965093827, 0.2542623197262874, 0.20421059940967298]"
episode_010,dominated,rating,random_equation,96,ep010_vendor_001,SwiftExpress001,False,34.1,16,4.7,2.08,1.07,"[0.2669639734017522, 0.515655572796758, 0.0243542910103384, 0.19302616279115137]"
episode_010,dominated,rating,random_equation,97,ep010_vendor_001,SwiftExpress001,False,34.1,16,4.7,2.08,1.07,"[0.27693917399942186, 0.5504459900768912, 0.05532392945194834, 0.11729090647173852]"
episode_010,dominated,rating,random_equation,98,ep010_vendor_001,SwiftExpress001,False,34.1,16,4.7,2.08,1.07,"[0.33602001937150544, 0.039642104685581214, 0.37700733126817987, 0.24733054467473353]"
episode_010,dominated,rating,random_equation,99,ep010_vendor_001,SwiftExpress001,False,34.1,16,4.7,2.08,1.07,"[0.39893588274378966, 0.27305016838454393, 0.19592539739215875, 0.13208855147950782]"
episode_011,near_tie,fast,price_first,,ep011_vendor_088,DashCart088,False,28.85,54,3.52,2.5,4.85,
episode_011,near_tie,fast,eta_first,,ep011_vendor_087,CityNow087,False,33.45,15,3.23,4.47,8.24,
episode_011,near_tie,fast,rating_first,,ep011_vendor_046,RocketBite046,False,40.39,47,4.86,9.52,12.69,
episode_011,near_tie,fast,balanced_equation,,ep011_vendor_099,SwiftBite099,False,30.35,34,4.41,2.09,9.17,
episode_011,near_tie,fast,random_equation,0,ep011_vendor_076,FeastNow076,False,31.08,59,4.78,1.36,4.05,"[0.02425897623534415, 0.008275727903170556, 0.6417208977807447, 0.3257443980807405]"
episode_011,near_tie,fast,random_equation,1,ep011_vendor_076,FeastNow076,False,31.08,59,4.78,1.36,4.05,"[0.18910989193324473, 0.0817965984994498, 0.2871271899341174, 0.441966319633188]"
episode_011,near_tie,fast,random_equation,2,ep011_vendor_057,RocketFleet057,False,34.38,23,4.3,2.67,13.62,"[0.04240787535747405, 0.3450788763782353, 0.216389803545619, 0.3961234447186716]"
episode_011,near_tie,fast,random_equation,3,ep011_vendor_006,QuickLane006,False,32.52,23,4.56,3.73,14.9,"[0.15587871347891155, 0.2535574639184782, 0.44237626603423996, 0.14818755656837038]"
episode_011,near_tie,fast,random_equation,4,ep011_vendor_076,FeastNow076,False,31.08,59,4.78,1.36,4.05,"[0.06250258926413858, 0.16681546904969993, 0.2894486971703076, 0.4812332445158538]"
episode_011,near_tie,fast,random_equation,5,ep011_vendor_076,FeastNow076,False,31.08,59,4.78,1.36,4.05,"[0.2726433115638493, 0.13562336590578897, 0.4898190825264241, 0.1019142400039378]"
episode_011,near_tie,fast,random_equation,6,ep011_vendor_087,CityNow087,False,33.45,15,3.23,4.47,8.24,"[0.18974408710812488, 0.7022162740934887, 0.03316408882328443, 0.07487554997510198]"
episode_011,near_tie,fast,random_equation,7,ep011_vendor_001,QuickMeals001,False,32.56,22,4.5,4.85,5.13,"[0.270983645221177, 0.5438626388829613, 0.16491606920143126, 0.020237646694430438]"
episode_011,near_tie,fast,random_equation,8,ep011_vendor_006,QuickLane006,False,32.52,23,4.56,3.73,14.9,"[0.2318846347676384, 0.23999887124361535, 0.394029416417624, 0.1340870775711223]"
episode_011,near_tie,fast,random_equation,9,ep011_vendor_076,FeastNow076,False,31.08,59,4.78,1.36,4.05,"[0.0524808286037376, 0.18447655331996568, 0.2434476169042047, 0.5195950011720921]"
episode_011,near_tie,fast,random_equation,10,ep011_vendor_077,FeastBite077,False,32.58,23,3.4,1.7,8.68,"[0.14578381069648114, 0.41405918664984576, 0.11797426758873973, 0.3221827350649333]"
episode_011,near_tie,fast,random_equation,11,ep011_vendor_019,QuickDrop019,False,32.46,30,3.88,1.26,10.37,"[0.057634695215157766, 0.2896457411133441, 0.04659125073788484, 0.6061283129336134]"
episode_011,near_tie,fast,random_equation,12,ep011_vendor_099,SwiftBite099,False,30.35,34,4.41,2.09,9.17,"[0.39277423917938814, 0.23887175626581234, 0.15781889183900627, 0.21053511271579314]"
episode_011,near_tie,fast,random_equation,13,ep011_vendor_076,FeastNow076,False,31.08,59,4.78,1.36,4.05,"[0.1700847384647664, 0.11164059782449907, 0.5074878417405678, 0.21078682197016665]"
episode_011,near_tie,fast,random_equation,14,ep011_vendor_049,PrimeFleet049,False,39.68,15,4.52,9.91,6.63,"[0.03714409937424815, 0.7602039603660976, 0.19318273596898358, 0.00946920429067075]"
episode_011,near_tie,fast,random_equation,15,ep011_vendor_077,FeastBite077,False,32.58,23,3.4,1.7,8.68,"[0.3087622099591678, 0.43290560751928936, 0.020986725233141462, 0.2373454572884013]"
episode_011,near_tie,fast,random_equation,16,ep011_vendor_052,DashBite052,False,29.67,52,3.75,1.38,6.53,"[0.4709571633495172, 0.06713441105279158, 0.0013013424608890188, 0.46060708313680226]"
episode_011,near_tie,fast,random_equation,17,ep011_vendor_076,FeastNow076,False,31.08,59,4.78,1.36,4.05,"[0.17697506841282534, 0.052473865165862756, 0.1669705670422256, 0.6035804993790864]"
episode_011,near_tie,fast,random_equation,18,ep011_vendor_027,RocketHub027,False,32.02,36,4.68,2.68,3.87,"[0.21692778161541046, 0.18334014933431944, 0.3756893625345525, 0.22404270651571767]"
episode_011,near_tie,fast,random_equation,19,ep011_vendor_006,QuickLane006,False,32.52,23,4.56,3.73,14.9,"[0.2166818558734473, 0.45714940060351295, 0.26827954337333126, 0.057889200149708456]"
episode_011,near_tie,fast,random_equation,20,ep011_vendor_006,QuickLane006,False,32.52,23,4.56,3.73,14.9,"[0.06158614155912991, 0.43870318283846205, 0.3345626906739997, 0.16514798492840843]"
episode_011,near_tie,fast,random_equation,21,ep011_vendor_088,DashCart088,False,28.85,54,3.52,2.5,4.85,"[0.7053459749891147, 0.13471673895001693, 0.016741538628649716, 0.14319574743221858]"
episode_011,near_tie,fast,random_equation,22,ep011_vendor_099,SwiftBite099,False,30.35,34,4.41,2.09,9.17,"[0.5187549420039121, 0.2241692303482716, 0.09655806018280069, 0.1605177674650155]"
episode_011,near_tie,fast,random_equation,23,ep011_vendor_099,SwiftBite099,False,30.35,34,4.41,2.09,9.17,"[0.4499272406548109, 0.3632345109541467, 0.039750463950635424, 0.14708778444040677]"
episode_011,near_tie,fast,random_equation,24,ep011_vendor_077,FeastBite077,False,32.58,23,3.4,1.7,8.68,"[0.006813288908311309, 0.5536245351885297, 0.04164250751325973, 0.39791966838989934]"
episode_011,near_tie,fast,random_equation,25,ep011_vendor_099,SwiftBite099,False,30.35,34,4.41,2.09,9.17,"[0.5565040552050874, 0.17721579755527547, 0.14072458868998627, 0.12555555854965084]"
episode_011,near_tie,fast,random_equation,26,ep011_vendor_099,SwiftBite099,False,30.35,34,4.41,2.09,9.17,"[0.5706661758755013, 0.16401301496200082, 0.19592544862562675, 0.06939536053687112]"
episode_011,near_tie,fast,random_equation,27,ep011_vendor_099,SwiftBite099,False,30.35,34,4.41,2.09,9.17,"[0.5823151645131337, 0.2224317506554468, 0.08802307461168421, 0.10723001021973526]"
episode_011,near_tie,fast,random_equation,28,ep011_vendor_019,QuickDrop019,False,32.46,30,3.88,1.26,10.37,"[0.1958349669679252, 0.0848983407945318, 0.027255171176445398, 0.6920115210610976]"
episode_011,near_tie,fast,random_equation,29,ep011_vendor_076,FeastNow076,False,31.08,59,4.78,1.36,4.05,"[0.3480368223732471, 0.07261631362442046, 0.52106561534155, 0.05828124866078245]"
episode_011,near_tie,fast,random_equation,30,ep011_vendor_077,FeastBite077,False,32.58,23,3.4,1.7,8.68,"[0.09285702355349229, 0.2951412826755254, 0.01786415384584337, 0.594137539925139]"
episode_011,near_tie,fast,random_equation,31,ep011_vendor_006,QuickLane006,False,32.52,23,4.56,3.73,14.9,"[0.18773199287228934, 0.4705599515467312, 0.12381008712338769, 0.21789796845759177]"
episode_011,near_tie,fast,random_equation,32,ep011_vendor_021,FeastFleet021,False,33.22,17,3.67,3.81,7.0,"[0.1458018364850563, 0.5922605873088704, 0.09976995289947736, 0.16216762330659584]"
episode_011,near_tie,fast,random_equation,33,ep011_vendor_099,SwiftBite099,False,30.35,34,4.41,2.09,9.17,"[0.4352373846233428, 0.1305232605521667, 0.2829441072736265, 0.151295247550864]"
episode_011,near_tie,fast,random_equation,34,ep011_vendor_076,FeastNow076,False,31.08,59,4.78,1.36,4.05,"[0.5615399572318815, 0.016404098173404227, 0.2822510256584588, 0.13980491893625546]"
episode_011,near_tie,fast,random_equation,35,ep011_vendor_006,QuickLane006,False,32.52,23,4.56,3.73,14.9,"[0.05070406408176261, 0.45986978437703047, 0.3263639985629535, 0.16306215297825333]"
episode_011,near_tie,fast,random_equation,36,ep011_vendor_099,SwiftBite099,False,30.35,34,4.41,2.09,9.17,"[0.15931858914886252, 0.3659060951811237, 0.1400389345916645, 0.3347363810783492]"
episode_011,near_tie,fast,random_equation,37,ep011_vendor_076,FeastNow076,False,31.08,59,4.78,1.36,4.05,"[0.10814872127264302, 0.06839769130004454, 0.7559000752334852, 0.06755351219382719]"
episode_011,near_tie,fast,random_equation,38,ep011_vendor_076,FeastNow076,False,31.08,59,4.78,1.36,4.05,"[0.1158753985946263, 0.040126088051145925, 0.612888722645709, 0.23110979070851873]"
episode_011,near_tie,fast,random_equation,39,ep011_vendor_057,RocketFleet057,False,34.38,23,4.3,2.67,13.62,"[0.11118287626886962, 0.4061251060824031, 0.14038395681299826, 0.342308060835729]"
episode_011,near_tie,fast,random_equation,40,ep011_vendor_090,GoLane090,False,37.84,23,4.73,6.29,16.41,"[0.013978899648844554, 0.3200270853073734, 0.6453160474066068, 0.02067796763717513]"
episode_011,near_tie,fast,random_equation,41,ep011_vendor_006,QuickLane006,False,32.52,23,4.56,3.73,14.9,"[0.2716481772053174, 0.27303752020820465, 0.4150144205855348, 0.04029988200094332]"
episode_011,near_tie,fast,random_equation,42,ep011_vendor_076,FeastNow076,False,31.08,59,4.78,1.36,4.05,"[0.13303431755409048, 0.10870782626642977, 0.5529800487622667, 0.20527780741721308]"
episode_011,near_tie,fast,random_equation,43,ep011_vendor_099,SwiftBite099,False,30.35,34,4.41,2.09,9.17,"[0.4181971582265725, 0.14547415069482228, 0.37391535369504036, 0.06241333738356481]"
episode_011,near_tie,fast,random_equation,44,ep011_vendor_006,QuickLane006,False,32.52,23,4.56,3.73,14.9,"[0.19975865010339114, 0.4614422538545326, 0.09884807831396324, 0.239951017728113]"
episode_011,near_tie,fast,random_equation,45,ep011_vendor_019,QuickDrop019,False,32.46,30,3.88,1.26,10.37,"[0.11033397003221329, 0.09161513921734737, 0.08721330827194061, 0.7108375824784987]"
episode_011,near_tie,fast,random_equation,46,ep011_vendor_099,SwiftBite099,False,30.35,34,4.41,2.09,9.17,"[0.1829055511671874, 0.25285267646744647, 0.2862811722238306, 0.27796060014153556]"
episode_011,near_tie,fast,random_equation,47,ep011_vendor_019,QuickDrop019,False,32.46,30,3.88,1.26,10.37,"[0.0007770822896435857, 0.2148720439788545, 0.1887138594315696, 0.5956370142999324]"
episode_011,near_tie,fast,random_equation,48,ep011_vendor_076,FeastNow076,False,31.08,59,4.78,1.36,4.05,"[0.040489844344575865, 0.1736193718754679, 0.2608981051593302, 0.524992678620626]"
episode_011,near_tie,fast,random_equation,49,ep011_vendor_019,QuickDrop019,False,32.46,30,3.88,1.26,10.37,"[0.03995536642337517, 0.30952901591952753, 0.05726029912681052, 0.5932553185302869]"
episode_011,near_tie,fast,random_equation,50,ep011_vendor_006,QuickLane006,False,32.52,23,4.56,3.73,14.9,"[0.23650346766332672, 0.3939108241089718, 0.35789590273771205, 0.011689805489989333]"
episode_011,near_tie,fast,random_equation,51,ep011_vendor_031,GoExpress031,False,30.75,58,3.84,1.08,10.45,"[0.006854523013296717, 0.016429304943702764, 0.00777186491760007, 0.9689443071254004]"
episode_011,near_tie,fast,random_equation,52,ep011_vendor_006,QuickLane006,False,32.52,23,4.56,3.73,14.9,"[0.2426970979854833, 0.35283413917101225, 0.22492323934386646, 0.17954552349963798]"
episode_011,near_tie,fast,random_equation,53,ep011_vendor_076,FeastNow076,False,31.08,59,4.78,1.36,4.05,"[0.31358026652446597, 0.0486974021930855, 0.600871710497565, 0.03685062078488349]"
episode_011,near_tie,fast,random_equation,54,ep011_vendor_021,FeastFleet021,False,33.22,17,3.67,3.81,7.0,"[0.12383321225593176, 0.6176094164078068, 0.10970577220295079, 0.14885159913331064]"
episode_011,near_tie,fast,random_equation,55,ep011_vendor_027,RocketHub027,False,32.02,36,4.68,2.68,3.87,"[0.09577298930216827, 0.15998762839946376, 0.5405515853557383, 0.20368779694262962]"
episode_011,near_tie,fast,random_equation,56,ep011_vendor_077,FeastBite077,False,32.58,23,3.4,1.7,8.68,"[0.22840018108426877, 0.2572696556592499, 0.004587988976676829, 0.5097421742798045]"
episode_011,near_tie,fast,random_equation,57,ep011_vendor_099,SwiftBite099,False,30.35,34,4.41,2.09,9.17,"[0.44938590534783696, 0.36928371582067393, 0.09993444182656278, 0.08139593700492627]"
episode_011,near_tie,fast,random_equation,58,ep011_vendor_099,SwiftBite099,False,30.35,34,4.41,2.09,9.17,"[0.48985998058753255, 0.18034435708713367, 0.11166969424493667, 0.21812596808039714]"
episode_011,near_tie,fast,random_equation,59,ep011_vendor_099,SwiftBite099,False,30.35,34,4.41,2.09,9.17,"[0.32934128411068414, 0.19200852228242843, 0.11701145367507489, 0.3616387399318127]"
episode_011,near_tie,fast,random_equation,60,ep011_vendor_076,FeastNow076,False,31.08,59,4.78,1.36,4.05,"[0.19031190172698093, 0.07908611744201498, 0.09007801146839928, 0.6405239693626048]"
episode_011,near_tie,fast,random_equation,61,ep011_vendor_006,QuickLane006,False,32.52,23,4.56,3.73,14.9,"[0.0004555841063823018, 0.442745809251873, 0.2924597831880011, 0.2643388234537436]"
episode_011,near_tie,fast,random_equation,62,ep011_vendor_077,FeastBite077,False,32.58,23,3.4,1.7,8.68,"[0.1828261841693187, 0.5089103467220453, 0.03516282609514181, 0.27310064301349424]"
episode_011,near_tie,fast,random_equation,63,ep011_vendor_006,QuickLane006,False,32.52,23,4.56,3.73,14.9,"[0.29553113011353077, 0.19345301080861274, 0.47065550693779096, 0.04036035214006549]"
episode_011,near_tie,fast,random_equation,64,ep011_vendor_019,QuickDrop019,False,32.46,30,3.88,1.26,10.37,"[0.18767258618887844, 0.21259710762240291, 0.016138523925312658, 0.583591782263406]"
episode_011,near_tie,fast,random_equation,65,ep011_vendor_006,QuickLane006,False,32.52,23,4.56,3.73,14.9,"[0.19116098529696895, 0.2707946239009408, 0.34323556881251915, 0.19480882198957108]"
episode_011,near_tie,fast,random_equation,66,ep011_vendor_099,SwiftBite099,False,30.35,34,4.41,2.09,9.17,"[0.7097797019363972, 0.09420819110056049, 0.17829274182770594, 0.01771936513533642]"
episode_011,near_tie,fast,random_equation,67,ep011_vendor_021,FeastFleet021,False,33.22,17,3.67,3.81,7.0,"[0.002695603138524079, 0.7713453252728398, 0.07974044660333475, 0.14621862498530133]"
episode_011,near_tie,fast,random_equation,68,ep011_vendor_076,FeastNow076,False,31.08,59,4.78,1.36,4.05,"[0.22606456192408403, 0.02586553101745132, 0.612994964275049, 0.13507494278341564]"
episode_011,near_tie,fast,random_equation,69,ep011_vendor_077,FeastBite077,False,32.58,23,3.4,1.7,8.68,"[0.17494768525727034, 0.36747731751820545, 0.07623217553085429, 0.38134282169367]"
episode_011,near_tie,fast,random_equation,70,ep011_vendor_007,CityMeals007,False,30.06,61,4.16,1.27,4.74,"[0.3957047290252908, 0.014700373265674773, 0.07032829679482427, 0.5192666009142102]"
episode_011,near_tie,fast,random_equation,71,ep011_vendor_077,FeastBite077,False,32.58,23,3.4,1.7,8.68,"[0.03610763395156317, 0.6092375639635645, 0.04592741447036824, 0.3087273876145042]"
episode_011,near_tie,fast,random_equation,72,ep011_vendor_099,SwiftBite099,False,30.35,34,4.41,2.09,9.17,"[0.398942780324805, 0.19078573320289596, 0.36185751866794547, 0.04841396780435342]"
episode_011,near_tie,fast,random_equation,73,ep011_vendor_076,FeastNow076,False,31.08,59,4.78,1.36,4.05,"[0.6529869394041197, 0.020842032041098083, 0.23746779062971374, 0.08870323792506855]"
episode_011,near_tie,fast,random_equation,74,ep011_vendor_077,FeastBite077,False,32.58,23,3.4,1.7,8.68,"[0.3213586202038436, 0.3605742849008974, 0.04873146992679221, 0.269335624968467]"
episode_011,near_tie,fast,random_equation,75,ep011_vendor_076,FeastNow076,False,31.08,59,4.78,1.36,4.05,"[0.1262192907090878, 0.004456241973594993, 0.49403372979224347, 0.37529073752507375]"
episode_011,near_tie,fast,random_equation,76,ep011_vendor_076,FeastNow076,False,31.08,59,4.78,1.36,4.05,"[0.42138781491410515, 0.0681939083713949, 0.1463264250250171, 0.3640918516894827]"
episode_011,near_tie,fast,random_equation,77,ep011_vendor_006,QuickLane006,False,32.52,23,4.56,3.73,14.9,"[0.10747820788735779, 0.6103463025414265, 0.17716560135935153, 0.10500988821186416]"
episode_011,near_tie,fast,random_equation,78,ep011_vendor_076,FeastNow076,False,31.08,59,4.78,1.36,4.05,"[0.1869133161154218, 0.08815922673049699, 0.33184478088566255, 0.3930826762684187]"
episode_011,near_tie,fast,random_equation,79,ep011_vendor_087,CityNow087,False,33.45,15,3.23,4.47,8.24,"[0.10072081777980464, 0.7339684351410678, 0.03736378553439922, 0.12794696154472834]"
episode_011,near_tie,fast,random_equation,80,ep011_vendor_006,QuickLane006,False,32.52,23,4.56,3.73,14.9,"[0.22203460328129332, 0.25857533287369555, 0.4832608616400295, 0.036129202204981725]"
episode_011,near_tie,fast,random_equation,81,ep011_vendor_027,RocketHub027,False,32.02,36,4.68,2.68,3.87,"[0.09680630351321591, 0.20968152332043116, 0.4813228045434952, 0.2121893686228577]"
episode_011,near_tie,fast,random_equation,82,ep011_vendor_090,GoLane090,False,37.84,23,4.73,6.29,16.41,"[0.12305357827446359, 0.15153187422611494, 0.7242567955169829, 0.0011577519824386663]"
episode_011,near_tie,fast,random_equation,83,ep011_vendor_077,FeastBite077,False,32.58,23,3.4,1.7,8.68,"[0.2494810315501304, 0.34997896425251585, 0.06892787143878173, 0.33161213275857204]"
episode_011,near_tie,fast,random_equation,84,ep011_vendor_057,RocketFleet057,False,34.38,23,4.3,2.67,13.62,"[0.029717453707621366, 0.2956591963537823, 0.2564269594483173, 0.4181963904902791]"
episode_011,near_tie,fast,random_equation,85,ep011_vendor_076,FeastNow076,False,31.08,59,4.78,1.36,4.05,"[0.2258572477501261, 0.0475057918188969, 0.46050832490064086, 0.2661286355303361]"
episode_011,near_tie,fast,random_equation,86,ep011_vendor_052,DashBite052,False,29.67,52,3.75,1.38,6.53,"[0.6484355237931289, 0.06714419153849356, 0.010850445575703926, 0.2735698390926737]"
episode_011,near_tie,fast,random_equation,87,ep011_vendor_019,QuickDrop019,False,32.46,30,3.88,1.26,10.37,"[0.13602543301105705, 0.129137419319445, 0.11394509923024901, 0.6208920484392488]"
episode_011,near_tie,fast,random_equation,88,ep011_vendor_077,FeastBite077,False,32.58,23,3.4,1.7,8.68,"[0.16583547199662832, 0.49480455112171257, 0.02714747362904177, 0.31221250325261724]"
episode_011,near_tie,fast,random_equation,89,ep011_vendor_076,FeastNow076,False,31.08,59,4.78,1.36,4.05,"[0.11816251158485104, 0.08717244468499577, 0.4206661297916642, 0.37399891393848905]"
episode_011,near_tie,fast,random_equation,90,ep011_vendor_076,FeastNow076,False,31.08,59,4.78,1.36,4.05,"[0.05142772883904623, 0.13506070913767043, 0.3895702482037121, 0.42394131381957134]"
episode_011,near_tie,fast,random_equation,91,ep011_vendor_006,QuickLane006,False,32.52,23,4.56,3.73,14.9,"[0.10040323796749812, 0.5650922151668346, 0.13351458667555852, 0.20098996019010867]"
episode_011,near_tie,fast,random_equation,92,ep011_vendor_087,CityNow087,False,33.45,15,3.23,4.47,8.24,"[0.12062385377616912, 0.6605059777400988, 0.02185955973531698, 0.19701060874841525]"
episode_011,near_tie,fast,random_equation,93,ep011_vendor_076,FeastNow076,False,31.08,59,4.78,1.36,4.05,"[0.02614053054597321, 0.1122893918883189, 0.5900381653251617, 0.2715319122405461]"
episode_011,near_tie,fast,random_equation,94,ep011_vendor_006,QuickLane006,False,32.52,23,4.56,3.73,14.9,"[0.24840320034083332, 0.22685182416367158, 0.40521670767379264, 0.11952826782170248]"
episode_011,near_tie,fast,random_equation,95,ep011_vendor_019,QuickDrop019,False,32.46,30,3.88,1.26,10.37,"[0.22078987756378832, 0.2182098196877212, 0.01641253361075769, 0.5445877691377327]"
episode_011,near_tie,fast,random_equation,96,ep011_vendor_099,SwiftBite099,False,30.35,34,4.41,2.09,9.17,"[0.5692509073993571, 0.2510292763566898, 0.03475593766970875, 0.1449638785742444]"
episode_011,near_tie,fast,random_equation,97,ep011_vendor_076,FeastNow076,False,31.08,59,4.78,1.36,4.05,"[0.323660120725967, 0.07094605748590309, 0.1338634294424726, 0.47153039234565747]"
episode_011,near_tie,fast,random_equation,98,ep011_vendor_076,FeastNow076,False,31.08,59,4.78,1.36,4.05,"[0.2086095442260432, 0.0437597488644967, 0.5233602755690828, 0.22427043134037733]"
episode_011,near_tie,fast,random_equation,99,ep011_vendor_077,FeastBite077,False,32.58,23,3.4,1.7,8.68,"[0.02685881355639378, 0.4809255938738219, 0.09690734325595614, 0.39530824931382824]"
episode_012,near_tie,value,price_first,,ep012_vendor_053,PrimeExpress053,False,25.24,30,4.77,1.31,0.43,
episode_012,near_tie,value,eta_first,,ep012_vendor_061,QuickHub061,False,25.7,16,3.92,1.12,5.81,
episode_012,near_tie,value,rating_first,,ep012_vendor_007,NoshCart007,False,27.63,18,4.84,2.59,12.56,
episode_012,near_tie,value,balanced_equation,,ep012_vendor_053,PrimeExpress053,False,25.24,30,4.77,1.31,0.43,
episode_012,near_tie,value,random_equation,0,ep012_vendor_061,QuickHub061,False,25.7,16,3.92,1.12,5.81,"[0.3834962168997533, 0.4133285819385742, 0.08904776761468358, 0.114127433546989]"
episode_012,near_tie,value,random_equation,1,ep012_vendor_061,QuickHub061,False,25.7,16,3.92,1.12,5.81,"[0.045484790766505336, 0.36842033367599153, 0.0011319942472299196, 0.5849628813102732]"
episode_012,near_tie,value,random_equation,2,ep012_vendor_053,PrimeExpress053,False,25.24,30,4.77,1.31,0.43,"[0.34743113831805567, 0.18200777535591883, 0.14477771235700612, 0.32578337396901935]"
episode_012,near_tie,value,random_equation,3,ep012_vendor_061,QuickHub061,False,25.7,16,3.92,1.12,5.81,"[0.26150087215161516, 0.3878093315401657, 0.13870525247148713, 0.21198454383673182]"
episode_012,near_tie,value,random_equation,4,ep012_vendor_061,QuickHub061,False,25.7,16,3.92,1.12,5.81,"[0.24991832985487442, 0.25458842720274644, 0.02847829850558763, 0.46701494443679153]"
episode_012,near_tie,value,random_equation,5,ep012_vendor_061,QuickHub061,False,25.7,16,3.92,1.12,5.81,"[0.3935487675066685, 0.263650637772626, 0.09580840297071719, 0.24699219174998835]"
episode_012,near_tie,value,random_equation,6,ep012_vendor_061,QuickHub061,False,25.7,16,3.92,1.12,5.81,"[0.29149622522699264, 0.33442287113179997, 0.011494780363368205, 0.36258612327783923]"
episode_012,near_tie,value,random_equation,7,ep012_vendor_053,PrimeExpress053,False,25.24,30,4.77,1.31,0.43,"[0.11132406061074092, 0.03921049109409671, 0.0983025150725027, 0.7511629332226596]"
episode_012,near_tie,value,random_equation,8,ep012_vendor_007,NoshCart007,False,27.63,18,4.84,2.59,12.56,"[0.168528079049593, 0.46617205948616486, 0.17351799198543583, 0.1917818694788064]"
episode_012,near_tie,value,random_equation,9,ep012_vendor_053,PrimeExpress053,False,25.24,30,4.77,1.31,0.43,"[0.4066235377581383, 0.13302570991673196, 0.17939120632190256, 0.2809595460032271]"
episode_012,near_tie,value,random_equation,10,ep012_vendor_061,QuickHub061,False,25.7,16,3.92,1.12,5.81,"[0.12638988017595137, 0.48117338338193494, 0.11586977247577081, 0.27656696396634295]"
episode_012,near_tie,value,random_equation,11,ep012_vendor_007,NoshCart007,False,27.63,18,4.84,2.59,12.56,"[0.19906725580705362, 0.24177719658039604, 0.4933835102564778, 0.06577203735607237]"
episode_012,near_tie,value,random_equation,12,ep012_vendor_061,QuickHub061,False,25.7,16,3.92,1.12,5.81,"[0.30983294015641655, 0.4831823968458303, 0.061194930814395775, 0.14578973218335722]"
episode_012,near_tie,value,random_equation,13,ep012_vendor_007,NoshCart007,False,27.63,18,4.84,2.59,12.56,"[0.16765773781489096, 0.4645661367205985, 0.23820024949687613, 0.1295758759676343]"
episode_012,near_tie,value,random_equation,14,ep012_vendor_007,NoshCart007,False,27.63,18,4.84,2.59,12.56,"[0.33553513745878527, 0.3747196769519856, 0.19276438839294638, 0.09698079719628266]"
episode_012,near_tie,value,random_equation,15,ep012_vendor_053,PrimeExpress053,False,25.24,30,4.77,1.31,0.43,"[0.3461679340806298, 0.08972236833182659, 0.06765899186097678, 0.49645070572656697]"
episode_012,near_tie,value,random_equation,16,ep012_vendor_061,QuickHub061,False,25.7,16,3.92,1.12,5.81,"[0.26629565361120283, 0.16494637386555655, 0.09984672764168662, 0.46891124488155395]"
episode_012,near_tie,value,random_equation,17,ep012_vendor_061,QuickHub061,False,25.7,16,3.92,1.12,5.81,"[0.3817655498336766, 0.34603393971077673, 0.10487174668787606, 0.16732876376767067]"
episode_012,near_tie,value,random_equation,18,ep012_vendor_053,PrimeExpress053,False,25.24,30,4.77,1.31,0.43,"[0.10739845538784915, 0.028699862825174696, 0.5349524372869388, 0.3289492445000374]"
episode_012,near_tie,value,random_equation,19,ep012_vendor_061,QuickHub061,False,25.7,16,3.92,1.12,5.81,"[0.020309350268348174, 0.5401377673613037, 0.10633056127645993, 0.3332223210938881]"
episode_012,near_tie,value,random_equation,20,ep012_vendor_061,QuickHub061,False,25.7,16,3.92,1.12,5.81,"[0.37749089809294983, 0.5099612656177651, 0.07042832923535464, 0.04211950705393067]"
episode_012,near_tie,value,random_equation,21,ep012_vendor_053,PrimeExpress053,False,25.24,30,4.77,1.31,0.43,"[0.1495467271976687, 0.0020088039879337227, 0.7104543401829725, 0.13799012863142504]"
episode_012,near_tie,value,random_equation,22,ep012_vendor_061,QuickHub061,False,25.7,16,3.92,1.12,5.81,"[0.19421972856623, 0.2709555607524938, 0.06230983450872872, 0.47251487617254745]"
episode_012,near_tie,value,random_equation,23,ep012_vendor_053,PrimeExpress053,False,25.24,30,4.77,1.31,0.43,"[0.3042577371399652, 0.09778212217380913, 0.32340153208260447, 0.2745586086036213]"
episode_012,near_tie,value,random_equation,24,ep012_vendor_061,QuickHub061,False,25.7,16,3.92,1.12,5.81,"[0.4564149209501751, 0.4534534823250681, 0.06052416418057341, 0.029607432544183257]"
episode_012,near_tie,value,random_equation,25,ep012_vendor_007,NoshCart007,False,27.63,18,4.84,2.59,12.56,"[0.030378128593382583, 0.4072655833293275, 0.3597182761775293, 0.2026380118997607]"
episode_012,near_tie,value,random_equation,26,ep012_vendor_007,NoshCart007,False,27.63,18,4.84,2.59,12.56,"[0.25611732361729567, 0.16080819798869356, 0.5362968530907182, 0.046777625303292575]"
episode_012,near_tie,value,random_equation,27,ep012_vendor_061,QuickHub061,False,25.7,16,3.92,1.12,5.81,"[0.5359111816960124, 0.29251510230968936, 0.09637395035179823, 0.07519976564250012]"
episode_012,near_tie,value,random_equation,28,ep012_vendor_053,PrimeExpress053,False,25.24,30,4.77,1.31,0.43,"[0.37644635692675754, 0.21884313042093845, 0.2510042695541492, 0.1537062430981549]"
episode_012,near_tie,value,random_equation,29,ep012_vendor_007,NoshCart007,False,27.63,18,4.84,2.59,12.56,"[0.22652106605378827, 0.2838878528096963, 0.4454533427545397, 0.044137738381975676]"
episode_012,near_tie,value,random_equation,30,ep012_vendor_061,QuickHub061,False,25.7,16,3.92,1.12,5.81,"[0.01427935282988152, 0.34455765755813855, 0.01132209865795806, 0.6298408909540217]"
episode_012,near_tie,value,random_equation,31,ep012_vendor_061,QuickHub061,False,25.7,16,3.92,1.12,5.81,"[0.6672509806546812, 0.31649515424594077, 0.005690179892282456, 0.010563685207095585]"
episode_012,near_tie,value,random_equation,32,ep012_vendor_061,QuickHub061,False,25.7,16,3.92,1.12,5.81,"[0.10409766804391009, 0.173567790573022, 0.04025724655114575, 0.6820772948319223]"
episode_012,near_tie,value,random_equation,33,ep012_vendor_053,PrimeExpress053,False,25.24,30,4.77,1.31,0.43,"[0.2697647642437994, 0.12886570795147193, 0.08930402340487102, 0.5120655043998577]"
episode_012,near_tie,value,random_equation,34,ep012_vendor_061,QuickHub061,False,25.7,16,3.92,1.12,5.81,"[0.3957802640553472, 0.25849662969371723, 0.047645227941557074, 0.2980778783093784]"
episode_012,near_tie,value,random_equation,35,ep012_vendor_053,PrimeExpress053,False,25.24,30,4.77,1.31,0.43,"[0.4679555225717194, 0.1119710248616908, 0.17667008310917315, 0.24340336945741653]"
episode_012,near_tie,value,random_equation,36,ep012_vendor_061,QuickHub061,False,25.7,16,3.92,1.12,5.81,"[0.10388492542383142, 0.43829256432566444, 0.0038511486109193576, 0.45397136163958474]"
episode_012,near_tie,value,random_equation,37,ep012_vendor_053,PrimeExpress053,False,25.24,30,4.77,1.31,0.43,"[0.1990145585823068, 0.11307131068598017, 0.47689540225423704, 0.2110187284774761]"
episode_012,near_tie,value,random_equation,38,ep012_vendor_007,NoshCart007,False,27.63,18,4.84,2.59,12.56,"[0.15196456227775385, 0.31296619542351395, 0.25865024680064314, 0.27641899549808907]"
episode_012,near_tie,value,random_equation,39,ep012_vendor_053,PrimeExpress053,False,25.24,30,4.77,1.31,0.43,"[0.346045944081927, 0.14686625721027285, 0.09465741435584457, 0.4124303843519556]"
episode_012,near_tie,value,random_equation,40,ep012_vendor_053,PrimeExpress053,False,25.24,30,4.77,1.31,0.43,"[0.19191801099679023, 0.13757244971964433, 0.16587525037628761, 0.5046342889072779]"
episode_012,near_tie,value,random_equation,41,ep012_vendor_053,PrimeExpress053,False,25.24,30,4.77,1.31,0.43,"[0.1093833318879662, 0.05066309525305973, 0.14804258545842308, 0.691910987400551]"
episode_012,near_tie,value,random_equation,42,ep012_vendor_061,QuickHub061,False,25.7,16,3.92,1.12,5.81,"[0.4435391514825768, 0.16112477775366943, 0.06509920549017119, 0.3302368652735826]"
episode_012,near_tie,value,random_equation,43,ep012_vendor_061,QuickHub061,False,25.7,16,3.92,1.12,5.81,"[0.3369626651166377, 0.2929948774601699, 0.022919467489094555, 0.347122989934098]"
episode_012,near_tie,value,random_equation,44,ep012_vendor_007,NoshCart007,False,27.63,18,4.84,2.59,12.56,"[0.07152547398573361, 0.49413533327273196, 0.3037266539062624, 0.1306125388352719]"
episode_012,near_tie,value,random_equation,45,ep012_vendor_007,NoshCart007,False,27.63,18,4.84,2.59,12.56,"[0.04696297685906961, 0.3684432565535923, 0.48430254200186873, 0.10029122458546944]"
episode_012,near_tie,value,random_equation,46,ep012_vendor_061,QuickHub061,False,25.7,16,3.92,1.12,5.81,"[0.04931371533361045, 0.37557193285160845, 0.08414940750509056, 0.4909649443096905]"
episode_012,near_tie,value,random_equation,47,ep012_vendor_053,PrimeExpress053,False,25.24,30,4.77,1.31,0.43,"[0.35786627639275603, 0.1149541257508808, 0.49573772457299625, 0.03144187328336685]"
episode_012,near_tie,value,random_equation,48,ep012_vendor_007,NoshCart007,False,27.63,18,4.84,2.59,12.56,"[0.01730802368738038, 0.13532735116108688, 0.7390954866960363, 0.10826913845549642]"
episode_012,near_tie,value,random_equation,49,ep012_vendor_007,NoshCart007,False,27.63,18,4.84,2.59,12.56,"[0.08022901889122883, 0.42921098837504457, 0.31362733162398576, 0.17693266110974082]"
episode_012,near_tie,value,random_equation,50,ep012_vendor_061,QuickHub061,False,25.7,16,3.92,1.12,5.81,"[0.042336651630351003, 0.39292314065854317, 0.06022803012730939, 0.5045121775837964]"
episode_012,near_tie,value,random_equation,51,ep012_vendor_053,PrimeExpress053,False,25.24,30,4.77,1.31,0.43,"[0.26305658367157614, 0.04028390815479925, 0.09976921663637005, 0.5968902915372547]"
episode_012,near_tie,value,random_equation,52,ep012_vendor_053,PrimeExpress053,False,25.24,30,4.77,1.31,0.43,"[0.35262136746716255, 0.06004693812840828, 0.30332780061598874, 0.28400389378844043]"
episode_012,near_tie,value,random_equation,53,ep012_vendor_053,PrimeExpress053,False,25.24,30,4.77,1.31,0.43,"[0.24946900125013916, 0.02287073065604494, 0.31029278592975157, 0.41736748216406444]"
episode_012,near_tie,value,random_equation,54,ep012_vendor_053,PrimeExpress053,False,25.24,30,4.77,1.31,0.43,"[0.49019104668004565, 0.2251598286158661, 0.1664991786676727, 0.11814994603641556]"
episode_012,near_tie,value,random_equation,55,ep012_vendor_061,QuickHub061,False,25.7,16,3.92,1.12,5.81,"[0.01579856147285023, 0.35385482971257726, 0.00224667471899206, 0.6280999340955804]"
episode_012,near_tie,value,random_equation,56,ep012_vendor_053,PrimeExpress053,False,25.24,30,4.77,1.31,0.43,"[0.7410276873010389, 0.12960583577781243, 0.06985415251015445, 0.05951232441099426]"
episode_012,near_tie,value,random_equation,57,ep012_vendor_082,GoBite082,False,28.3,38,4.77,1.02,13.0,"[0.0012613381090990868, 0.06744413727118846, 0.2945787921493524, 0.63671573247036]"
episode_012,near_tie,value,random_equation,58,ep012_vendor_053,PrimeExpress053,False,25.24,30,4.77,1.31,0.43,"[0.10963600065207775, 0.014356325131670945, 0.6511328293776895, 0.2248748448385618]"
episode_012,near_tie,value,random_equation,59,ep012_vendor_053,PrimeExpress053,False,25.24,30,4.77,1.31,0.43,"[0.18348261212613068, 0.05197996873263808, 0.38038948437301423, 0.384147934768217]"
episode_012,near_tie,value,random_equation,60,ep012_vendor_053,PrimeExpress053,False,25.24,30,4.77,1.31,0.43,"[0.49406215767034645, 0.018145835096345007, 0.0015773750291578526, 0.48621463220415073]"
episode_012,near_tie,value,random_equation,61,ep012_vendor_053,PrimeExpress053,False,25.24,30,4.77,1.31,0.43,"[0.33148681800867, 0.03843669036123042, 0.4310857480990975, 0.1989907435310021]"
episode_012,near_tie,value,random_equation,62,ep012_vendor_007,NoshCart007,False,27.63,18,4.84,2.59,12.56,"[0.06387354126030004, 0.3374948780733639, 0.33979823328124886, 0.2588333473850872]"
episode_012,near_tie,value,random_equation,63,ep012_vendor_007,NoshCart007,False,27.63,18,4.84,2.59,12.56,"[0.0014416930831224121, 0.19613984655399183, 0.4643540322498263, 0.3380644281130595]"
episode_012,near_tie,value,random_equation,64,ep012_vendor_053,PrimeExpress053,False,25.24,30,4.77,1.31,0.43,"[0.7282620859253793, 0.06644292611387746, 0.15047884169583944, 0.05481614626490368]"
episode_012,near_tie,value,random_equation,65,ep012_vendor_053,PrimeExpress053,False,25.24,30,4.77,1.31,0.43,"[0.3711596909619944, 0.04240708892275953, 0.10312348776668875, 0.48330973234855723]"
episode_012,near_tie,value,random_equation,66,ep012_vendor_007,NoshCart007,False,27.63,18,4.84,2.59,12.56,"[0.05483543950153282, 0.2980869184113005, 0.3489311118883798, 0.29814653019878695]"
episode_012,near_tie,value,random_equation,67,ep012_vendor_053,PrimeExpress053,False,25.24,30,4.77,1.31,0.43,"[0.004334848631246279, 0.07115409991347299, 0.606663235922115, 0.31784781553316566]"
episode_012,near_tie,value,random_equation,68,ep012_vendor_061,QuickHub061,False,25.7,16,3.92,1.12,5.81,"[0.4479824469073762, 0.20766631837025287, 0.07024946039977623, 0.27410177432259464]"
episode_012,near_tie,value,random_equation,69,ep012_vendor_061,QuickHub061,False,25.7,16,3.92,1.12,5.81,"[0.6636416368796626, 0.26617636017146534, 0.004218046685895271, 0.06596395626297664]"
episode_012,near_tie,value,random_equation,70,ep012_vendor_061,QuickHub061,False,25.7,16,3.92,1.12,5.81,"[0.18075989228777822, 0.18179348455870206, 0.11520439759758914, 0.5222422255559306]"
episode_012,near_tie,value,random_equation,71,ep012_vendor_053,PrimeExpress053,False,25.24,30,4.77,1.31,0.43,"[0.42661553731142837, 0.16557103277450272, 0.36889030434744524, 0.03892312556662357]"
episode_012,near_tie,value,random_equation,72,ep012_vendor_053,PrimeExpress053,False,25.24,30,4.77,1.31,0.43,"[0.53686217240127, 0.12721479224700732, 0.14601352131194192, 0.18990951403978065]"
episode_012,near_tie,value,random_equation,73,ep012_vendor_061,QuickHub061,False,25.7,16,3.92,1.12,5.81,"[0.26146652532411097, 0.33296526652475894, 0.11521291534385733, 0.2903552928072727]"
episode_012,near_tie,value,random_equation,74,ep012_vendor_061,QuickHub061,False,25.7,16,3.92,1.12,5.81,"[0.3917656458061435, 0.32118009436428707, 0.14302390627518088, 0.14403035355438867]"
episode_012,near_tie,value,random_equation,75,ep012_vendor_053,PrimeExpress053,False,25.24,30,4.77,1.31,0.43,"[0.3969493337350629, 0.22869603031972868, 0.23401566274623442, 0.140338973198974]"
episode_012,near_tie,value,random_equation,76,ep012_vendor_082,GoBite082,False,28.3,38,4.77,1.02,13.0,"[0.04938177196852894, 0.04190587875174729, 0.16520366556776628, 0.7435086837119574]"
episode_012,near_tie,value,random_equation,77,ep012_vendor_061,QuickHub061,False,25.7,16,3.92,1.12,5.81,"[0.08908842091959351, 0.25874270668625776, 0.111100100013921, 0.5410687723802277]"
episode_012,near_tie,value,random_equation,78,ep012_vendor_061,QuickHub061,False,25.7,16,3.92,1.12,5.81,"[0.2776967221176117, 0.5203809099934358, 0.026334209287872164, 0.17558815860108037]"
episode_012,near_tie,value,random_equation,79,ep012_vendor_053,PrimeExpress053,False,25.24,30,4.77,1.31,0.43,"[0.4675796974465744, 0.1085343844761547, 0.07014470883165669, 0.35374120924561436]"
episode_012,near_tie,value,random_equation,80,ep012_vendor_053,PrimeExpress053,False,25.24,30,4.77,1.31,0.43,"[0.6939742823562507, 0.06852241914714449, 0.027156490443863437, 0.21034680805274147]"
episode_012,near_tie,value,random_equation,81,ep012_vendor_053,PrimeExpress053,False,25.24,30,4.77,1.31,0.43,"[0.3417214831861606, 0.06449182333937632, 0.276665807100058, 0.317120886374405]"
episode_012,near_tie,value,random_equation,82,ep012_vendor_061,QuickHub061,False,25.7,16,3.92,1.12,5.81,"[0.6168375733510554, 0.30778243572289715, 0.06117466606635486, 0.014205324859692598]"
episode_012,near_tie,value,random_equation,83,ep012_vendor_053,PrimeExpress053,False,25.24,30,4.77,1.31,0.43,"[0.671215377690778, 0.07898116818794274, 0.10398348647977203, 0.14581996764150737]"
episode_012,near_tie,value,random_equation,84,ep012_vendor_053,PrimeExpress053,False,25.24,30,4.77,1.31,0.43,"[0.5080321133055458, 0.01829887936769751, 0.24151711361891193, 0.2321518937078449]"
episode_012,near_tie,value,random_equation,85,ep012_vendor_007,NoshCart007,False,27.63,18,4.84,2.59,12.56,"[0.07957403459079776, 0.40142715990303596, 0.3046072137139796, 0.21439159179218667]"
episode_012,near_tie,value,random_equation,86,ep012_vendor_061,QuickHub061,False,25.7,16,3.92,1.12,5.81,"[0.5805442624785938, 0.30229404868243415, 0.00913374463810465, 0.10802794420086732]"
episode_012,near_tie,value,random_equation,87,ep012_vendor_053,PrimeExpress053,False,25.24,30,4.77,1.31,0.43,"[0.23085754962803076, 0.024056755294991457, 0.06405525328089592, 0.6810304417960819]"
episode_012,near_tie,value,random_equation,88,ep012_vendor_061,QuickHub061,False,25.7,16,3.92,1.12,5.81,"[0.44083235468837817, 0.22495464011060942, 0.019091537699716176, 0.31512146750129616]"
episode_012,near_tie,value,random_equation,89,ep012_vendor_053,PrimeExpress053,False,25.24,30,4.77,1.31,0.43,"[0.6157947510949973, 0.10103960729040332, 0.10794594676258037, 0.17521969485201908]"
episode_012,near_tie,value,random_equation,90,ep012_vendor_053,PrimeExpress053,False,25.24,30,4.77,1.31,0.43,"[0.48640500619737653, 0.031204819846955768, 0.3516090553476078, 0.13078111860805994]"
episode_012,near_tie,value,random_equation,91,ep012_vendor_007,NoshCart007,False,27.63,18,4.84,2.59,12.56,"[0.010686324286007345, 0.6837880761232686, 0.30048439261372706, 0.0050412069769969325]"
episode_012,near_tie,value,random_equation,92,ep012_vendor_053,PrimeExpress053,False,25.24,30,4.77,1.31,0.43,"[0.007177404880640191, 0.18414834608717734, 0.4236778834052413, 0.38499636562694123]"
episode_012,near_tie,value,random_equation,93,ep012_vendor_053,PrimeExpress053,False,25.24,30,4.77,1.31,0.43,"[0.3383153659008935, 0.1796127929952726, 0.22777429405940117, 0.25429754704443275]"
episode_012,near_tie,value,random_equation,94,ep012_vendor_082,GoBite082,False,28.3,38,4.77,1.02,13.0,"[0.025953083861639848, 0.021779932365680207, 0.04969801778828876, 0.9025689659843912]"
episode_012,near_tie,value,random_equation,95,ep012_vendor_061,QuickHub061,False,25.7,16,3.92,1.12,5.81,"[0.08477472370553107, 0.5760468416744979, 0.06511077608716376, 0.2740676585328072]"
episode_012,near_tie,value,random_equation,96,ep012_vendor_061,QuickHub061,False,25.7,16,3.92,1.12,5.81,"[0.7377040482553395, 0.16201488155697635, 0.032457611974049165, 0.06782345821363493]"
episode_012,near_tie,value,random_equation,97,ep012_vendor_061,QuickHub061,False,25.7,16,3.92,1.12,5.81,"[0.11836464459146172, 0.3599278021217257, 0.12028718981709313, 0.4014203634697194]"
episode_012,near_tie,value,random_equation,98,ep012_vendor_007,NoshCart007,False,27.63,18,4.84,2.59,12.56,"[0.14329036732469472, 0.31018962358004104, 0.39827472737817915, 0.14824528171708515]"
episode_012,near_tie,value,random_equation,99,ep012_vendor_053,PrimeExpress053,False,25.24,30,4.77,1.31,0.43,"[0.18118667827988663, 0.1979544031620575, 0.30209028790912157, 0.31876863064893424]"
episode_013,near_tie,balanced,price_first,,ep013_vendor_027,DashCart027,False,40.17,34,4.72,2.02,4.66,
episode_013,near_tie,balanced,eta_first,,ep013_vendor_017,PrimeNow017,False,46.2,15,3.03,4.88,6.98,
episode_013,near_tie,balanced,rating_first,,ep013_vendor_051,PrimeLane051,False,50.57,17,4.85,6.93,1.81,
episode_013,near_tie,balanced,balanced_equation,,ep013_vendor_027,DashCart027,False,40.17,34,4.72,2.02,4.66,
episode_013,near_tie,balanced,random_equation,0,ep013_vendor_027,DashCart027,False,40.17,34,4.72,2.02,4.66,"[0.24459861248510825, 0.12828872263074115, 0.14503559733032825, 0.4820770675538223]"
episode_013,near_tie,balanced,random_equation,1,ep013_vendor_027,DashCart027,False,40.17,34,4.72,2.02,4.66,"[0.19516309132460824, 0.0968662885357138, 0.13848285719300896, 0.5694877629466689]"
episode_013,near_tie,balanced,random_equation,2,ep013_vendor_016,SwiftMeals016,False,50.01,17,4.69,2.17,12.27,"[0.045493610022354095, 0.21419812305622757, 0.509427507705437, 0.2308807592159813]"
episode_013,near_tie,balanced,random_equation,3,ep013_vendor_027,DashCart027,False,40.17,34,4.72,2.02,4.66,"[0.36696214955862044, 0.2885780843525782, 0.2000174891220121, 0.14444227696678907]"
episode_013,near_tie,balanced,random_equation,4,ep013_vendor_027,DashCart027,False,40.17,34,4.72,2.02,4.66,"[0.3613178170353768, 0.09190075656518086, 0.3011062009269403, 0.24567522547250212]"
episode_013,near_tie,balanced,random_equation,5,ep013_vendor_027,DashCart027,False,40.17,34,4.72,2.02,4.66,"[0.18979037619074748, 0.06462850303208904, 0.25824248943163064, 0.48733863134553285]"
episode_013,near_tie,balanced,random_equation,6,ep013_vendor_023,RocketHub023,False,48.39,17,4.58,1.4,16.77,"[0.16413956988349643, 0.38776366958944314, 0.24208179985598796, 0.20601496067107247]"
episode_013,near_tie,balanced,random_equation,7,ep013_vendor_027,DashCart027,False,40.17,34,4.72,2.02,4.66,"[0.2618957900908828, 0.15546454399258114, 0.09355804528746159, 0.4890816206290744]"
episode_013,near_tie,balanced,random_equation,8,ep013_vendor_023,RocketHub023,False,48.39,17,4.58,1.4,16.77,"[0.0015457531382711887, 0.479682398872274, 0.09330844871880203, 0.4254633992706528]"
episode_013,near_tie,balanced,random_equation,9,ep013_vendor_027,DashCart027,False,40.17,34,4.72,2.02,4.66,"[0.13840036486483914, 0.06361929311882294, 0.40631400553369174, 0.3916663364826462]"
episode_013,near_tie,balanced,random_equation,10,ep013_vendor_034,CityCart034,False,43.73,19,4.41,3.62,3.5,"[0.37030419830761296, 0.42586094600972224, 0.0887662354457706, 0.11506862023689418]"
episode_013,near_tie,balanced,random_equation,11,ep013_vendor_027,DashCart027,False,40.17,34,4.72,2.02,4.66,"[0.2928487742447751, 0.058606408708973705, 0.6164446090828728, 0.0321002079633784]"
episode_013,near_tie,balanced,random_equation,12,ep013_vendor_027,DashCart027,False,40.17,34,4.72,2.02,4.66,"[0.5172801993921473, 0.3486123718133224, 0.024877261520271927, 0.1092301672742583]"
episode_013,near_tie,balanced,random_equation,13,ep013_vendor_027,DashCart027,False,40.17,34,4.72,2.02,4.66,"[0.6934101010105581, 0.08680345009990503, 0.12685341469733702, 0.0929330341921999]"
episode_013,near_tie,balanced,random_equation,14,ep013_vendor_016,SwiftMeals016,False,50.01,17,4.69,2.17,12.27,"[0.05244627992038356, 0.3001166811470492, 0.44029045392783406, 0.20714658500473315]"
episode_013,near_tie,balanced,random_equation,15,ep013_vendor_027,DashCart027,False,40.17,34,4.72,2.02,4.66,"[0.5717963618969087, 0.10145484632900068, 0.27980386660799245, 0.04694492516609807]"
episode_013,near_tie,balanced,random_equation,16,ep013_vendor_040,PrimeHub040,False,49.24,25,3.95,1.05,13.7,"[0.028574893885358613, 0.04204429246772191, 0.02393704346777398, 0.9054437701791456]"
episode_013,near_tie,balanced,random_equation,17,ep013_vendor_027,DashCart027,False,40.17,34,4.72,2.02,4.66,"[0.15240633979407403, 0.1464898819619372, 0.36287784263367756, 0.33822593561031117]"
episode_013,near_tie,balanced,random_equation,18,ep013_vendor_027,DashCart027,False,40.17,34,4.72,2.02,4.66,"[0.34550677456007983, 0.27533127362842746, 0.3790642054922437, 9.774631924908581e-05]"
episode_013,near_tie,balanced,random_equation,19,ep013_vendor_034,CityCart034,False,43.73,19,4.41,3.62,3.5,"[0.4382073288823059, 0.4542393284376432, 0.0751148569181826, 0.032438485761868266]"
episode_013,near_tie,balanced,random_equation,20,ep013_vendor_034,CityCart034,False,43.73,19,4.41,3.62,3.5,"[0.382785391332252, 0.4236315528709746, 0.10218875886395674, 0.0913942969328167]"
episode_013,near_tie,balanced,random_equation,21,ep013_vendor_023,RocketHub023,False,48.39,17,4.58,1.4,16.77,"[0.04102756684655759, 0.22186999306857652, 0.2582148166766067, 0.4788876234082593]"
episode_013,near_tie,balanced,random_equation,22,ep013_vendor_026,SwiftCart026,False,42.88,45,4.69,1.24,4.44,"[0.09532420622905911, 0.031210343889554477, 0.4562235307696395, 0.4172419191117468]"
episode_013,near_tie,balanced,random_equation,23,ep013_vendor_023,RocketHub023,False,48.39,17,4.58,1.4,16.77,"[0.09194329561667716, 0.7288450346896258, 0.1320813918452632, 0.0471302778484338]"
episode_013,near_tie,balanced,random_equation,24,ep013_vendor_027,DashCart027,False,40.17,34,4.72,2.02,4.66,"[0.5405569101228178, 0.06843032955782065, 0.2892209474804583, 0.10179181283890318]"
episode_013,near_tie,balanced,random_equation,25,ep013_vendor_027,DashCart027,False,40.17,34,4.72,2.02,4.66,"[0.06392739512045674, 0.04002404262068585, 0.6072228456406592, 0.2888257166181983]"
episode_013,near_tie,balanced,random_equation,26,ep013_vendor_027,DashCart027,False,40.17,34,4.72,2.02,4.66,"[0.5820429195720089, 0.2786533279229707, 0.07491846820317027, 0.06438528430185012]"
episode_013,near_tie,balanced,random_equation,27,ep013_vendor_023,RocketHub023,False,48.39,17,4.58,1.4,16.77,"[0.1479623404694659, 0.3239615076382999, 0.22572549029340133, 0.30235066159883284]"
episode_013,near_tie,balanced,random_equation,28,ep013_vendor_027,DashCart027,False,40.17,34,4.72,2.02,4.66,"[0.12539829330456176, 0.025343718780979643, 0.8136350234686548, 0.035622964445803755]"
episode_013,near_tie,balanced,random_equation,29,ep013_vendor_023,RocketHub023,False,48.39,17,4.58,1.4,16.77,"[0.0933819579806017, 0.6027727899644957, 0.1850748254184022, 0.11877042663650039]"
episode_013,near_tie,balanced,random_equation,30,ep013_vendor_027,DashCart027,False,40.17,34,4.72,2.02,4.66,"[0.28853434722173704, 0.009685759503942893, 0.19340847252382334, 0.5083714207504967]"
episode_013,near_tie,balanced,random_equation,31,ep013_vendor_055,FeastLane055,False,46.4,22,4.35,1.34,15.43,"[0.2083445387608977, 0.20130239864550045, 0.0008760353817032606, 0.5894770272118987]"
episode_013,near_tie,balanced,random_equation,32,ep013_vendor_051,PrimeLane051,False,50.57,17,4.85,6.93,1.81,"[0.1410880064048189, 0.30542949864242425, 0.5220259662091038, 0.03145652874365307]"
episode_013,near_tie,balanced,random_equation,33,ep013_vendor_027,DashCart027,False,40.17,34,4.72,2.02,4.66,"[0.23339659920668826, 0.2882621059082651, 0.20521410391350284, 0.27312719097154387]"
episode_013,near_tie,balanced,random_equation,34,ep013_vendor_016,SwiftMeals016,False,50.01,17,4.69,2.17,12.27,"[0.026529443330172816, 0.2403846139943377, 0.6202785878968952, 0.11280735477859427]"
episode_013,near_tie,balanced,random_equation,35,ep013_vendor_027,DashCart027,False,40.17,34,4.72,2.02,4.66,"[0.48863561689174745, 0.050268856227688605, 0.38735556439316565, 0.07373996248739828]"
episode_013,near_tie,balanced,random_equation,36,ep013_vendor_023,RocketHub023,False,48.39,17,4.58,1.4,16.77,"[0.19197058811435683, 0.3845062996743953, 0.054982586300940405, 0.3685405259103075]"
episode_013,near_tie,balanced,random_equation,37,ep013_vendor_051,PrimeLane051,False,50.57,17,4.85,6.93,1.81,"[0.11711203650643984, 0.37022478648417617, 0.4697535331009974, 0.042909643908386585]"
episode_013,near_tie,balanced,random_equation,38,ep013_vendor_027,DashCart027,False,40.17,34,4.72,2.02,4.66,"[0.779743782302678, 0.03295592894416474, 0.06982286172236514, 0.11747742703079211]"
episode_013,near_tie,balanced,random_equation,39,ep013_vendor_027,DashCart027,False,40.17,34,4.72,2.02,4.66,"[0.6653360858466351, 0.17731366558732642, 0.13789889297723987, 0.019451355588798663]"
episode_013,near_tie,balanced,random_equation,40,ep013_vendor_023,RocketHub023,False,48.39,17,4.58,1.4,16.77,"[0.07783341794875272, 0.18948126855215433, 0.42492624344974067, 0.3077590700493522]"
episode_013,near_tie,balanced,random_equation,41,ep013_vendor_027,DashCart027,False,40.17,34,4.72,2.02,4.66,"[0.5474405516218901, 0.22423650934935263, 0.1837978011870913, 0.04452513784166602]"
episode_013,near_tie,balanced,random_equation,42,ep013_vendor_027,DashCart027,False,40.17,34,4.72,2.02,4.66,"[0.10852059679165357, 0.13233800721284714, 0.34357788525344013, 0.41556351074205927]"
episode_013,near_tie,balanced,random_equation,43,ep013_vendor_027,DashCart027,False,40.17,34,4.72,2.02,4.66,"[0.4607418185275511, 0.058748472720464476, 0.2106840630233269, 0.26982564572865747]"
episode_013,near_tie,balanced,random_equation,44,ep013_vendor_051,PrimeLane051,False,50.57,17,4.85,6.93,1.81,"[0.05851162143695073, 0.26341465325032587, 0.6463283715012595, 0.03174535381146393]"
episode_013,near_tie,balanced,random_equation,45,ep013_vendor_034,CityCart034,False,43.73,19,4.41,3.62,3.5,"[0.29362834162129436, 0.4172297407593134, 0.14990001206733908, 0.13924190555205318]"
episode_013,near_tie,balanced,random_equation,46,ep013_vendor_023,RocketHub023,False,48.39,17,4.58,1.4,16.77,"[0.13576147583802106, 0.5642573936907406, 0.04382269144810384, 0.2561584390231345]"
episode_013,near_tie,balanced,random_equation,47,ep013_vendor_027,DashCart027,False,40.17,34,4.72,2.02,4.66,"[0.22364757696420529, 0.08553819559907275, 0.6041678051133302, 0.08664642232339187]"
episode_013,near_tie,balanced,random_equation,48,ep013_vendor_016,SwiftMeals016,False,50.01,17,4.69,2.17,12.27,"[0.031052833607344288, 0.11973793150006655, 0.6777303360734617, 0.17147889881912745]"
episode_013,near_tie,balanced,random_equation,49,ep013_vendor_027,DashCart027,False,40.17,34,4.72,2.02,4.66,"[0.20472580351653658, 0.1455601383135806, 0.5737753658793512, 0.0759386922905317]"
episode_013,near_tie,balanced,random_equation,50,ep013_vendor_027,DashCart027,False,40.17,34,4.72,2.02,4.66,"[0.2278216492538612, 0.26225737152986933, 0.15749034699146616, 0.3524306322248033]"
episode_013,near_tie,balanced,random_equation,51,ep013_vendor_023,RocketHub023,False,48.39,17,4.58,1.4,16.77,"[0.06958315940089382, 0.4725133091999988, 0.01647458501612894, 0.4414289463829786]"
episode_013,near_tie,balanced,random_equation,52,ep013_vendor_040,PrimeHub040,False,49.24,25,3.95,1.05,13.7,"[0.02498633563780352, 0.04920670690163618, 0.016035707043631053, 0.9097712504169292]"
episode_013,near_tie,balanced,random_equation,53,ep013_vendor_027,DashCart027,False,40.17,34,4.72,2.02,4.66,"[0.3842704035983936, 0.06249433046028052, 0.10704437319186375, 0.44619089274946205]"
episode_013,near_tie,balanced,random_equation,54,ep013_vendor_027,DashCart027,False,40.17,34,4.72,2.02,4.66,"[0.6772781643442223, 0.057894032061342554, 0.22023608294053057, 0.04459172065390461]"
episode_013,near_tie,balanced,random_equation,55,ep013_vendor_013,RocketNow013,False,45.06,55,4.79,1.91,12.33,"[0.03838401823042105, 0.031107261018806214, 0.8495073599499676, 0.08100136080080517]"
episode_013,near_tie,balanced,random_equation,56,ep013_vendor_027,DashCart027,False,40.17,34,4.72,2.02,4.66,"[0.5409343239791956, 0.03614922603431894, 0.4069093413421146, 0.016007108644370858]"
episode_013,near_tie,balanced,random_equation,57,ep013_vendor_023,RocketHub023,False,48.39,17,4.58,1.4,16.77,"[0.23481470199131074, 0.3927207917030748, 0.03458469702609624, 0.33787980927951816]"
episode_013,near_tie,balanced,random_equation,58,ep013_vendor_034,CityCart034,False,43.73,19,4.41,3.62,3.5,"[0.28618978252417115, 0.4585796176195467, 0.22382359508434385, 0.03140700477193824]"
episode_013,near_tie,balanced,random_equation,59,ep013_vendor_055,FeastLane055,False,46.4,22,4.35,1.34,15.43,"[0.1745435100506731, 0.12622417810896028, 0.052895545746089005, 0.6463367660942775]"
episode_013,near_tie,balanced,random_equation,60,ep013_vendor_027,DashCart027,False,40.17,34,4.72,2.02,4.66,"[0.7707295185934946, 0.03697534594139664, 0.15760393319803684, 0.03469120226707193]"
episode_013,near_tie,balanced,random_equation,61,ep013_vendor_013,RocketNow013,False,45.06,55,4.79,1.91,12.33,"[0.036426807932949556, 0.008864446631578449, 0.8227788360672397, 0.13192990936823235]"
episode_013,near_tie,balanced,random_equation,62,ep013_vendor_027,DashCart027,False,40.17,34,4.72,2.02,4.66,"[0.3098997507773027, 0.008852441505465632, 0.5561915169781221, 0.1250562907391095]"
episode_013,near_tie,balanced,random_equation,63,ep013_vendor_023,RocketHub023,False,48.39,17,4.58,1.4,16.77,"[0.25507161934956973, 0.39554146803612267, 0.19187649396035808, 0.1575104186539495]"
episode_013,near_tie,balanced,random_equation,64,ep013_vendor_027,DashCart027,False,40.17,34,4.72,2.02,4.66,"[0.4849847500828127, 0.26982318580235704, 0.15387975335371767, 0.0913123107611127]"
episode_013,near_tie,balanced,random_equation,65,ep013_vendor_016,SwiftMeals016,False,50.01,17,4.69,2.17,12.27,"[0.10030203270424738, 0.3592756803106203, 0.4235590266757412, 0.11686326030939106]"
episode_013,near_tie,balanced,random_equation,66,ep013_vendor_026,SwiftCart026,False,42.88,45,4.69,1.24,4.44,"[0.14889292157034126, 0.07068928420463909, 0.17763649883518629, 0.6027812953898334]"
episode_013,near_tie,balanced,random_equation,67,ep013_vendor_027,DashCart027,False,40.17,34,4.72,2.02,4.66,"[0.1927159998899345, 0.2606306991673083, 0.49069479502469837, 0.055958505918058704]"
episode_013,near_tie,balanced,random_equation,68,ep013_vendor_027,DashCart027,False,40.17,34,4.72,2.02,4.66,"[0.3766369557243305, 0.03770689907773312, 0.0614898002104831, 0.5241663449874533]"
episode_013,near_tie,balanced,random_equation,69,ep013_vendor_027,DashCart027,False,40.17,34,4.72,2.02,4.66,"[0.4030192029186068, 0.3186644434128356, 0.10736524176995288, 0.17095111189860476]"
episode_013,near_tie,balanced,random_equation,70,ep013_vendor_027,DashCart027,False,40.17,34,4.72,2.02,4.66,"[0.29747123113836943, 0.23116662786370737, 0.04300751407341943, 0.4283546269245038]"
episode_013,near_tie,balanced,random_equation,71,ep013_vendor_026,SwiftCart026,False,42.88,45,4.69,1.24,4.44,"[0.13006203126352067, 0.05345520014999986, 0.04874847996721642, 0.7677342886192632]"
episode_013,near_tie,balanced,random_equation,72,ep013_vendor_023,RocketHub023,False,48.39,17,4.58,1.4,16.77,"[0.01180528696746596, 0.24976964721650355, 0.18385389143312006, 0.5545711743829105]"
episode_013,near_tie,balanced,random_equation,73,ep013_vendor_023,RocketHub023,False,48.39,17,4.58,1.4,16.77,"[0.012720486788922156, 0.12956746300392907, 0.5260617143376338, 0.33165033586951487]"
episode_013,near_tie,balanced,random_equation,74,ep013_vendor_027,DashCart027,False,40.17,34,4.72,2.02,4.66,"[0.48583026525417383, 0.14027972078666953, 0.26545786578151354, 0.10843214817764327]"
episode_013,near_tie,balanced,random_equation,75,ep013_vendor_027,DashCart027,False,40.17,34,4.72,2.02,4.66,"[0.25447152190698824, 0.28527816685039903, 0.2607661413074045, 0.19948416993520832]"
episode_013,near_tie,balanced,random_equation,76,ep013_vendor_027,DashCart027,False,40.17,34,4.72,2.02,4.66,"[0.3214344733784296, 0.0428995047700124, 0.5200458574463027, 0.11562016440525519]"
episode_013,near_tie,balanced,random_equation,77,ep013_vendor_013,RocketNow013,False,45.06,55,4.79,1.91,12.33,"[0.060428431775838475, 0.030867800054951544, 0.7757063401075481, 0.13299742806166193]"
episode_013,near_tie,balanced,random_equation,78,ep013_vendor_027,DashCart027,False,40.17,34,4.72,2.02,4.66,"[0.22390985349300066, 0.2846107467881065, 0.170672063298274, 0.32080733642061887]"
episode_013,near_tie,balanced,random_equation,79,ep013_vendor_027,DashCart027,False,40.17,34,4.72,2.02,4.66,"[0.5006632162723242, 0.06404437465147356, 0.20631638130194876, 0.2289760277742535]"
episode_013,near_tie,balanced,random_equation,80,ep013_vendor_027,DashCart027,False,40.17,34,4.72,2.02,4.66,"[0.2560104320054463, 0.04421335071878516, 0.15765972583105026, 0.5421164914447183]"
episode_013,near_tie,balanced,random_equation,81,ep013_vendor_016,SwiftMeals016,False,50.01,17,4.69,2.17,12.27,"[0.03594273376632295, 0.19319046296189477, 0.5016444327856747, 0.2692223704861076]"
episode_013,near_tie,balanced,random_equation,82,ep013_vendor_027,DashCart027,False,40.17,34,4.72,2.02,4.66,"[0.6134387744420694, 0.05519595697449679, 0.10248788119914343, 0.22887738738429056]"
episode_013,near_tie,balanced,random_equation,83,ep013_vendor_023,RocketHub023,False,48.39,17,4.58,1.4,16.77,"[0.16694945545622852, 0.518775056197988, 0.08921787554767119, 0.22505761279811232]"
episode_013,near_tie,balanced,random_equation,84,ep013_vendor_023,RocketHub023,False,48.39,17,4.58,1.4,16.77,"[0.04285592204837686, 0.2635573436960069, 0.07387882756791782, 0.6197079066876985]"
episode_013,near_tie,balanced,random_equation,85,ep013_vendor_027,DashCart027,False,40.17,34,4.72,2.02,4.66,"[0.46696350606952913, 0.1874773982585104, 0.27809072122846196, 0.0674683744434984]"
episode_013,near_tie,balanced,random_equation,86,ep013_vendor_051,PrimeLane051,False,50.57,17,4.85,6.93,1.81,"[0.007916788232668994, 0.5512146235679886, 0.414191359638831, 0.026677228560511274]"
episode_013,near_tie,balanced,random_equation,87,ep013_vendor_027,DashCart027,False,40.17,34,4.72,2.02,4.66,"[0.2887664674260175, 0.3365144907981748, 0.30122810047655124, 0.07349094129925642]"
episode_013,near_tie,balanced,random_equation,88,ep013_vendor_027,DashCart027,False,40.17,34,4.72,2.02,4.66,"[0.527018538441711, 0.2875306618851941, 0.11845549674192973, 0.06699530293116518]"
episode_013,near_tie,balanced,random_equation,89,ep013_vendor_027,DashCart027,False,40.17,34,4.72,2.02,4.66,"[0.650544013030283, 0.025064160083566746, 0.21346554733594586, 0.11092627955020441]"
episode_013,near_tie,balanced,random_equation,90,ep013_vendor_027,DashCart027,False,40.17,34,4.72,2.02,4.66,"[0.6614104123110874, 0.24365497544475478, 0.018647431005537028, 0.0762871812386206]"
episode_013,near_tie,balanced,random_equation,91,ep013_vendor_051,PrimeLane051,False,50.57,17,4.85,6.93,1.81,"[0.02735396365889924, 0.7671348880070551, 0.19547052982394197, 0.010040618510103643]"
episode_013,near_tie,balanced,random_equation,92,ep013_vendor_016,SwiftMeals016,False,50.01,17,4.69,2.17,12.27,"[0.04209895237628597, 0.7099209226817578, 0.19687066594445907, 0.05110945899749725]"
episode_013,near_tie,balanced,random_equation,93,ep013_vendor_051,PrimeLane051,False,50.57,17,4.85,6.93,1.81,"[0.052168125906588106, 0.36265843560729427, 0.5190392519640351, 0.06613418652208265]"
episode_013,near_tie,balanced,random_equation,94,ep013_vendor_027,DashCart027,False,40.17,34,4.72,2.02,4.66,"[0.6147116633214222, 0.27985641857433313, 0.06967749668052918, 0.035754421423715384]"
episode_013,near_tie,balanced,random_equation,95,ep013_vendor_034,CityCart034,False,43.73,19,4.41,3.62,3.5,"[0.47060308290067393, 0.41963910591528775, 0.05364067465758118, 0.05611713652645709]"
episode_013,near_tie,balanced,random_equation,96,ep013_vendor_023,RocketHub023,False,48.39,17,4.58,1.4,16.77,"[0.01398492239868596, 0.20007183072974985, 0.07598345152580957, 0.7099597953457546]"
episode_013,near_tie,balanced,random_equation,97,ep013_vendor_027,DashCart027,False,40.17,34,4.72,2.02,4.66,"[0.36420650076147737, 0.14952578784802936, 0.2318287261193091, 0.2544389852711842]"
episode_013,near_tie,balanced,random_equation,98,ep013_vendor_023,RocketHub023,False,48.39,17,4.58,1.4,16.77,"[0.10254476211877425, 0.35818847555353894, 0.19791504016362543, 0.34135172216406146]"
episode_013,near_tie,balanced,random_equation,99,ep013_vendor_027,DashCart027,False,40.17,34,4.72,2.02,4.66,"[0.2163865332531841, 0.0988654643264196, 0.642152186931279, 0.04259581548911741]"
episode_014,near_tie,value,price_first,,ep014_vendor_090,FeastNow090,False,49.89,28,4.05,2.41,0.55,
episode_014,near_tie,value,eta_first,,ep014_vendor_021,CityBite021,False,63.59,15,4.32,6.86,15.45,
episode_014,near_tie,value,rating_first,,ep014_vendor_043,CityExpress043,False,69.73,20,4.89,9.67,13.49,
episode_014,near_tie,value,balanced_equation,,ep014_vendor_071,NoshNow071,False,52.76,31,4.76,2.22,4.47,
episode_014,near_tie,value,random_equation,0,ep014_vendor_071,NoshNow071,False,52.76,31,4.76,2.22,4.47,"[0.501320568068121, 0.02089083302174523, 0.43481907310335677, 0.04296952580677702]"
episode_014,near_tie,value,random_equation,1,ep014_vendor_090,FeastNow090,False,49.89,28,4.05,2.41,0.55,"[0.39445346516970486, 0.29309805200535016, 0.10345166530505248, 0.2089968175198925]"
episode_014,near_tie,value,random_equation,2,ep014_vendor_071,NoshNow071,False,52.76,31,4.76,2.22,4.47,"[0.09951019997450626, 0.08839862459388877, 0.6636821874183649, 0.14840898801323998]"
episode_014,near_tie,value,random_equation,3,ep014_vendor_071,NoshNow071,False,52.76,31,4.76,2.22,4.47,"[0.4009793606945658, 0.19459526743891065, 0.19862013396649894, 0.20580523790002453]"
episode_014,near_tie,value,random_equation,4,ep014_vendor_090,FeastNow090,False,49.89,28,4.05,2.41,0.55,"[0.7068315257478925, 0.025837234439089918, 0.2054843969825267, 0.061846842830490786]"
episode_014,near_tie,value,random_equation,5,ep014_vendor_096,CityExpress096,False,56.93,18,3.36,1.46,1.71,"[0.09485073891420992, 0.5348051551252903, 0.010467547961153175, 0.3598765579993466]"
episode_014,near_tie,value,random_equation,6,ep014_vendor_090,FeastNow090,False,49.89,28,4.05,2.41,0.55,"[0.38821292969120846, 0.2823186427174503, 0.1501703858802636, 0.17929804171107763]"
episode_014,near_tie,value,random_equation,7,ep014_vendor_090,FeastNow090,False,49.89,28,4.05,2.41,0.55,"[0.38508064312326007, 0.2144102005347871, 0.07249194824742508, 0.32801720809452783]"
episode_014,near_tie,value,random_equation,8,ep014_vendor_071,NoshNow071,False,52.76,31,4.76,2.22,4.47,"[0.28162941501196326, 0.0025269245475660626, 0.18354766973209818, 0.5322959907083725]"
episode_014,near_tie,value,random_equation,9,ep014_vendor_026,FeastFleet026,False,57.66,26,3.29,1.0,9.01,"[0.10608488351902123, 0.061913880768273456, 0.10455790011373396, 0.7274433355989713]"
episode_014,near_tie,value,random_equation,10,ep014_vendor_071,NoshNow071,False,52.76,31,4.76,2.22,4.47,"[0.15545914129051816, 0.06948521731333554, 0.582288150827509, 0.19276749056863737]"
episode_014,near_tie,value,random_equation,11,ep014_vendor_043,CityExpress043,False,69.73,20,4.89,9.67,13.49,"[0.019466911541198454, 0.35861122848661553, 0.5929692396334829, 0.028952620338703064]"
episode_014,near_tie,value,random_equation,12,ep014_vendor_071,NoshNow071,False,52.76,31,4.76,2.22,4.47,"[0.10668477552134495, 0.2205668728788312, 0.42609579199518344, 0.2466525596046404]"
episode_014,near_tie,value,random_equation,13,ep014_vendor_071,NoshNow071,False,52.76,31,4.76,2.22,4.47,"[0.31748032055299613, 0.1831094022824661, 0.4355984969122007, 0.06381178025233711]"
episode_014,near_tie,value,random_equation,14,ep014_vendor_071,NoshNow071,False,52.76,31,4.76,2.22,4.47,"[0.2428485130211515, 0.2657636536893659, 0.15660853539685582, 0.3347792978926268]"
episode_014,near_tie,value,random_equation,15,ep014_vendor_071,NoshNow071,False,52.76,31,4.76,2.22,4.47,"[0.09647797464008989, 0.04126893153005843, 0.37576420515678893, 0.48648888867306284]"
episode_014,near_tie,value,random_equation,16,ep014_vendor_071,NoshNow071,False,52.76,31,4.76,2.22,4.47,"[0.1824621776891362, 0.10307263395864255, 0.4307675499825141, 0.28369763836970713]"
episode_014,near_tie,value,random_equation,17,ep014_vendor_043,CityExpress043,False,69.73,20,4.89,9.67,13.49,"[0.045781365110131776, 0.5177756039973851, 0.43246585993549813, 0.003977170956985087]"
episode_014,near_tie,value,random_equation,18,ep014_vendor_071,NoshNow071,False,52.76,31,4.76,2.22,4.47,"[0.5579553269500018, 0.008406783337485365, 0.2880905615094241, 0.1455473282030887]"
episode_014,near_tie,value,random_equation,19,ep014_vendor_071,NoshNow071,False,52.76,31,4.76,2.22,4.47,"[0.43268313519848245, 0.22980187365728344, 0.3001580818552492, 0.03735690928898473]"
episode_014,near_tie,value,random_equation,20,ep014_vendor_033,RocketNow033,False,57.8,19,4.65,2.84,2.81,"[0.2841298162917005, 0.39189830885812427, 0.30665406441858956, 0.01731781043158566]"
episode_014,near_tie,value,random_equation,21,ep014_vendor_090,FeastNow090,False,49.89,28,4.05,2.41,0.55,"[0.6507288952483913, 0.12584304560137802, 0.11978327430070039, 0.10364478484953034]"
episode_014,near_tie,value,random_equation,22,ep014_vendor_071,NoshNow071,False,52.76,31,4.76,2.22,4.47,"[0.02231378602343587, 0.18953824443657138, 0.16160328328801662, 0.6265446862519761]"
episode_014,near_tie,value,random_equation,23,ep014_vendor_071,NoshNow071,False,52.76,31,4.76,2.22,4.47,"[0.11866208712853198, 0.19230100059972038, 0.5087686712125814, 0.18026824105916625]"
episode_014,near_tie,value,random_equation,24,ep014_vendor_033,RocketNow033,False,57.8,19,4.65,2.84,2.81,"[0.007614951339164658, 0.4028550583364394, 0.22935654593397717, 0.3601734443904187]"
episode_014,near_tie,value,random_equation,25,ep014_vendor_043,CityExpress043,False,69.73,20,4.89,9.67,13.49,"[0.09760408576032686, 0.2881472766320595, 0.6052376322160252, 0.009011005391588294]"
episode_014,near_tie,value,random_equation,26,ep014_vendor_071,NoshNow071,False,52.76,31,4.76,2.22,4.47,"[0.20041245624955986, 0.16444441041186733, 0.10877625285303194, 0.5263668804855409]"
episode_014,near_tie,value,random_equation,27,ep014_vendor_033,RocketNow033,False,57.8,19,4.65,2.84,2.81,"[0.08246488806757636, 0.5336816004215877, 0.169142629708077, 0.21471088180275888]"
episode_014,near_tie,value,random_equation,28,ep014_vendor_071,NoshNow071,False,52.76,31,4.76,2.22,4.47,"[0.4600214320516407, 0.20629109421882957, 0.2680949582658734, 0.06559251546365631]"
episode_014,near_tie,value,random_equation,29,ep014_vendor_071,NoshNow071,False,52.76,31,4.76,2.22,4.47,"[0.2184892801163894, 0.26124436367128245, 0.49588272835775865, 0.024383627854569496]"
episode_014,near_tie,value,random_equation,30,ep014_vendor_033,RocketNow033,False,57.8,19,4.65,2.84,2.81,"[0.08960032262373904, 0.4314878858124912, 0.3591168454432861, 0.11979494612048361]"
episode_014,near_tie,value,random_equation,31,ep014_vendor_071,NoshNow071,False,52.76,31,4.76,2.22,4.47,"[0.2804420045635684, 0.04354399288414129, 0.47455642219883876, 0.2014575803534515]"
episode_014,near_tie,value,random_equation,32,ep014_vendor_096,CityExpress096,False,56.93,18,3.36,1.46,1.71,"[0.15204210831184614, 0.4475321499431381, 0.06380903828235396, 0.3366167034626618]"
episode_014,near_tie,value,random_equation,33,ep014_vendor_095,DashNow095,False,54.28,16,3.33,3.0,8.01,"[0.21273472020922474, 0.6511096516874928, 0.09054110748123757, 0.0456145206220449]"
episode_014,near_tie,value,random_equation,34,ep014_vendor_095,DashNow095,False,54.28,16,3.33,3.0,8.01,"[0.2755421257146126, 0.5072538931972145, 0.08849195139624115, 0.1287120296919319]"
episode_014,near_tie,value,random_equation,35,ep014_vendor_033,RocketNow033,False,57.8,19,4.65,2.84,2.81,"[0.008839145558847643, 0.23230061239546815, 0.5162964846699611, 0.24256375737572314]"
episode_014,near_tie,value,random_equation,36,ep014_vendor_071,NoshNow071,False,52.76,31,4.76,2.22,4.47,"[0.14771366516669904, 0.10151355419022416, 0.717798937073816, 0.03297384356926067]"
episode_014,near_tie,value,random_equation,37,ep014_vendor_071,NoshNow071,False,52.76,31,4.76,2.22,4.47,"[0.3672842297306878, 0.004663688707025314, 0.11017416866463843, 0.5178779128976483]"
episode_014,near_tie,value,random_equation,38,ep014_vendor_033,RocketNow033,False,57.8,19,4.65,2.84,2.81,"[0.19283375146721796, 0.3856832595866054, 0.23004091623473502, 0.19144207271144154]"
episode_014,near_tie,value,random_equation,39,ep014_vendor_090,FeastNow090,False,49.89,28,4.05,2.41,0.55,"[0.8626441111667542, 0.03648331134171896, 0.07411945858739276, 0.026753118904134166]"
episode_014,near_tie,value,random_equation,40,ep014_vendor_090,FeastNow090,False,49.89,28,4.05,2.41,0.55,"[0.769081534902857, 0.020409775197714964, 0.01477701291574465, 0.19573167698368357]"
episode_014,near_tie,value,random_equation,41,ep014_vendor_096,CityExpress096,False,56.93,18,3.36,1.46,1.71,"[0.016469821128789794, 0.4220563474809669, 0.12142800436104124, 0.4400458270292021]"
episode_014,near_tie,value,random_equation,42,ep014_vendor_096,CityExpress096,False,56.93,18,3.36,1.46,1.71,"[0.3020072111233535, 0.3135981646808848, 0.031811288606154266, 0.3525833355896075]"
episode_014,near_tie,value,random_equation,43,ep014_vendor_033,RocketNow033,False,57.8,19,4.65,2.84,2.81,"[0.043195705679454896, 0.6680044581451389, 0.2323366063730765, 0.056463229802329803]"
episode_014,near_tie,value,random_equation,44,ep014_vendor_090,FeastNow090,False,49.89,28,4.05,2.41,0.55,"[0.3840361669295154, 0.23857614431663174, 0.10679032856454614, 0.2705973601893067]"
episode_014,near_tie,value,random_equation,45,ep014_vendor_033,RocketNow033,False,57.8,19,4.65,2.84,2.81,"[0.03338998289169438, 0.41602144545949327, 0.19840129845750246, 0.35218727319130994]"
episode_014,near_tie,value,random_equation,46,ep014_vendor_090,FeastNow090,False,49.89,28,4.05,2.41,0.55,"[0.5298352410928034, 0.1367278687798122, 0.12610775076728162, 0.20732913936010264]"
episode_014,near_tie,value,random_equation,47,ep014_vendor_090,FeastNow090,False,49.89,28,4.05,2.41,0.55,"[0.7204747339100249, 0.029910284659446017, 0.08761283846955527, 0.16200214296097393]"
episode_014,near_tie,value,random_equation,48,ep014_vendor_071,NoshNow071,False,52.76,31,4.76,2.22,4.47,"[0.4981359035589205, 0.14030976011941015, 0.3614208217271783, 0.00013351459449104585]"
episode_014,near_tie,value,random_equation,49,ep014_vendor_071,NoshNow071,False,52.76,31,4.76,2.22,4.47,"[0.33957130445681916, 0.09174414536643727, 0.4663027187342699, 0.10238183144247355]"
episode_014,near_tie,value,random_equation,50,ep014_vendor_033,RocketNow033,False,57.8,19,4.65,2.84,2.81,"[0.3323267674920822, 0.36435441662830476, 0.27075563163843147, 0.032563184241181514]"
episode_014,near_tie,value,random_equation,51,ep014_vendor_071,NoshNow071,False,52.76,31,4.76,2.22,4.47,"[0.6976366585603877, 0.004540863610725839, 0.24325866393615395, 0.05456381389273261]"
episode_014,near_tie,value,random_equation,52,ep014_vendor_071,NoshNow071,False,52.76,31,4.76,2.22,4.47,"[0.11465154223535495, 0.21902624555639844, 0.5538291082037343, 0.11249310400451237]"
episode_014,near_tie,value,random_equation,53,ep014_vendor_096,CityExpress096,False,56.93,18,3.36,1.46,1.71,"[0.0972041896063161, 0.5423030156283518, 0.07429559424099051, 0.28619720052434156]"
episode_014,near_tie,value,random_equation,54,ep014_vendor_071,NoshNow071,False,52.76,31,4.76,2.22,4.47,"[0.02590043934919149, 0.16607879532131226, 0.24387437813449286, 0.5641463871950033]"
episode_014,near_tie,value,random_equation,55,ep014_vendor_071,NoshNow071,False,52.76,31,4.76,2.22,4.47,"[0.02576890494470838, 0.041224789257336705, 0.6385204723846012, 0.29448583341335377]"
episode_014,near_tie,value,random_equation,56,ep014_vendor_033,RocketNow033,False,57.8,19,4.65,2.84,2.81,"[0.03164611566033607, 0.49242659316607873, 0.3090871482682738, 0.1668401429053114]"
episode_014,near_tie,value,random_equation,57,ep014_vendor_071,NoshNow071,False,52.76,31,4.76,2.22,4.47,"[0.014824032332328827, 0.06070200622414054, 0.5605590526207677, 0.363914908822763]"
episode_014,near_tie,value,random_equation,58,ep014_vendor_071,NoshNow071,False,52.76,31,4.76,2.22,4.47,"[0.027173473704839413, 0.11440980625533256, 0.5846353948787957, 0.2737813251610324]"
episode_014,near_tie,value,random_equation,59,ep014_vendor_033,RocketNow033,False,57.8,19,4.65,2.84,2.81,"[0.1381907617974619, 0.33464497738624405, 0.5131546242311444, 0.014009636585149556]"
episode_014,near_tie,value,random_equation,60,ep014_vendor_026,FeastFleet026,False,57.66,26,3.29,1.0,9.01,"[0.09914997661841944, 0.1594317446067193, 0.06667008537868065, 0.6747481933961805]"
episode_014,near_tie,value,random_equation,61,ep014_vendor_071,NoshNow071,False,52.76,31,4.76,2.22,4.47,"[0.4164292663288385, 0.012046297829275349, 0.2870850407154104, 0.2844393951264758]"
episode_014,near_tie,value,random_equation,62,ep014_vendor_033,RocketNow033,False,57.8,19,4.65,2.84,2.81,"[0.19586377327168195, 0.651784851070719, 0.10502912519535594, 0.04732225046224313]"
episode_014,near_tie,value,random_equation,63,ep014_vendor_071,NoshNow071,False,52.76,31,4.76,2.22,4.47,"[0.2649326094178552, 0.019425858860510813, 0.3393522813717604, 0.37628925034987365]"
episode_014,near_tie,value,random_equation,64,ep014_vendor_021,CityBite021,False,63.59,15,4.32,6.86,15.45,"[0.008069430126147177, 0.915372913012229, 0.03791401583334212, 0.03864364102828168]"
episode_014,near_tie,value,random_equation,65,ep014_vendor_096,CityExpress096,False,56.93,18,3.36,1.46,1.71,"[0.02912281802732681, 0.3899723313687221, 0.05304314259882304, 0.5278617080051281]"
episode_014,near_tie,value,random_equation,66,ep014_vendor_071,NoshNow071,False,52.76,31,4.76,2.22,4.47,"[0.3770496174849311, 0.1293094332738136, 0.1500384055690961, 0.34360254367215926]"
episode_014,near_tie,value,random_equation,67,ep014_vendor_033,RocketNow033,False,57.8,19,4.65,2.84,2.81,"[0.10464590519647075, 0.618768408780125, 0.24777376672972323, 0.028811919293681005]"
episode_014,near_tie,value,random_equation,68,ep014_vendor_033,RocketNow033,False,57.8,19,4.65,2.84,2.81,"[0.1459492831555038, 0.3071548145248097, 0.45954930309440345, 0.08734659922528297]"
episode_014,near_tie,value,random_equation,69,ep014_vendor_064,GoBite064,False,56.75,56,4.8,1.95,1.1,"[0.042946626607938576, 0.014738566112151762, 0.6442613864899227, 0.29805342078998703]"
episode_014,near_tie,value,random_equation,70,ep014_vendor_095,DashNow095,False,54.28,16,3.33,3.0,8.01,"[0.007246167749242571, 0.884745203253275, 0.0041187532992728254, 0.10388987569820964]"
episode_014,near_tie,value,random_equation,71,ep014_vendor_071,NoshNow071,False,52.76,31,4.76,2.22,4.47,"[0.41170123205587766, 0.011535761128413462, 0.251246946632448, 0.3255160601832609]"
episode_014,near_tie,value,random_equation,72,ep014_vendor_071,NoshNow071,False,52.76,31,4.76,2.22,4.47,"[0.38264809488537527, 0.017361635434867472, 0.23033309713368375, 0.3696571725460735]"
episode_014,near_tie,value,random_equation,73,ep014_vendor_096,CityExpress096,False,56.93,18,3.36,1.46,1.71,"[0.08129715346988088, 0.23888483686812537, 0.08358956040736194, 0.5962284492546319]"
episode_014,near_tie,value,random_equation,74,ep014_vendor_071,NoshNow071,False,52.76,31,4.76,2.22,4.47,"[0.445470345939056, 0.06335919612759947, 0.13792642190223683, 0.3532440360311076]"
episode_014,near_tie,value,random_equation,75,ep014_vendor_033,RocketNow033,False,57.8,19,4.65,2.84,2.81,"[0.02898831191439004, 0.7253193385271623, 0.1488730428164417, 0.09681930674200584]"
episode_014,near_tie,value,random_equation,76,ep014_vendor_090,FeastNow090,False,49.89,28,4.05,2.41,0.55,"[0.4432550507464326, 0.2013486998150117, 0.15380195329953608, 0.20159429613901955]"
episode_014,near_tie,value,random_equation,77,ep014_vendor_095,DashNow095,False,54.28,16,3.33,3.0,8.01,"[0.2821996223325078, 0.4693281172153176, 0.056010809542105584, 0.19246145091006905]"
episode_014,near_tie,value,random_equation,78,ep014_vendor_071,NoshNow071,False,52.76,31,4.76,2.22,4.47,"[0.3804228237266351, 0.05987094548621075, 0.5223769911277112, 0.03732923965944298]"
episode_014,near_tie,value,random_equation,79,ep014_vendor_071,NoshNow071,False,52.76,31,4.76,2.22,4.47,"[0.16444064163110347, 0.2676640626620138, 0.3947964943871912, 0.17309880131969155]"
episode_014,near_tie,value,random_equation,80,ep014_vendor_071,NoshNow071,False,52.76,31,4.76,2.22,4.47,"[0.17000943301874727, 0.21704165517830212, 0.5277742788139119, 0.08517463298903873]"
episode_014,near_tie,value,random_equation,81,ep014_vendor_071,NoshNow071,False,52.76,31,4.76,2.22,4.47,"[0.3037228206598344, 0.3502408354159021, 0.24121807237811901, 0.10481827154614436]"
episode_014,near_tie,value,random_equation,82,ep014_vendor_071,NoshNow071,False,52.76,31,4.76,2.22,4.47,"[0.16800439884556506, 0.1047540062381807, 0.6152211169616256, 0.11202047795462865]"
episode_014,near_tie,value,random_equation,83,ep014_vendor_043,CityExpress043,False,69.73,20,4.89,9.67,13.49,"[0.07362748392075254, 0.10340113044826905, 0.8169596104630427, 0.006011775167935824]"
episode_014,near_tie,value,random_equation,84,ep014_vendor_071,NoshNow071,False,52.76,31,4.76,2.22,4.47,"[0.1373805076046258, 0.1544875646505466, 0.3846661835449614, 0.3234657441998663]"
episode_014,near_tie,value,random_equation,85,ep014_vendor_033,RocketNow033,False,57.8,19,4.65,2.84,2.81,"[0.24409522224508548, 0.38808717385818947, 0.23928398815363716, 0.12853361574308786]"
episode_014,near_tie,value,random_equation,86,ep014_vendor_090,FeastNow090,False,49.89,28,4.05,2.41,0.55,"[0.8635929709445129, 0.001363518595327967, 0.08291575561297483, 0.05212775484718433]"
episode_014,near_tie,value,random_equation,87,ep014_vendor_064,GoBite064,False,56.75,56,4.8,1.95,1.1,"[0.027130043172070704, 0.0030875800963803546, 0.4720428580137665, 0.4977395187177825]"
episode_014,near_tie,value,random_equation,88,ep014_vendor_071,NoshNow071,False,52.76,31,4.76,2.22,4.47,"[0.06246437225454731, 0.050576920489627586, 0.22045993462616237, 0.6664987726296627]"
episode_014,near_tie,value,random_equation,89,ep014_vendor_090,FeastNow090,False,49.89,28,4.05,2.41,0.55,"[0.3550467269254685, 0.08065837605513614, 0.02650956730372837, 0.5377853297156671]"
episode_014,near_tie,value,random_equation,90,ep014_vendor_090,FeastNow090,False,49.89,28,4.05,2.41,0.55,"[0.6650224146537229, 0.16265120539315292, 0.07590539490226342, 0.09642098505086062]"
episode_014,near_tie,value,random_equation,91,ep014_vendor_071,NoshNow071,False,52.76,31,4.76,2.22,4.47,"[0.17908202387775432, 0.2657085045889087, 0.5068488914488507, 0.048360580084486154]"
episode_014,near_tie,value,random_equation,92,ep014_vendor_096,CityExpress096,False,56.93,18,3.36,1.46,1.71,"[0.22562078171496563, 0.4537688255310684, 0.02945420441849635, 0.2911561883354695]"
episode_014,near_tie,value,random_equation,93,ep014_vendor_090,FeastNow090,False,49.89,28,4.05,2.41,0.55,"[0.8977489955979983, 0.033469348239486836, 0.02493110765746829, 0.04385054850504676]"
episode_014,near_tie,value,random_equation,94,ep014_vendor_033,RocketNow033,False,57.8,19,4.65,2.84,2.81,"[0.22284651539265993, 0.456807479744551, 0.28501761731702696, 0.03532838754576225]"
episode_014,near_tie,value,random_equation,95,ep014_vendor_090,FeastNow090,False,49.89,28,4.05,2.41,0.55,"[0.49165237504571374, 0.29463247403960374, 0.09179045779898871, 0.1219246931156939]"
episode_014,near_tie,value,random_equation,96,ep014_vendor_071,NoshNow071,False,52.76,31,4.76,2.22,4.47,"[0.062481630323763485, 0.10116685772242992, 0.6117137253949056, 0.22463778655890085]"
episode_014,near_tie,value,random_equation,97,ep014_vendor_090,FeastNow090,False,49.89,28,4.05,2.41,0.55,"[0.31420814720098367, 0.3816972363395721, 0.05747914634919199, 0.24661547011025226]"
episode_014,near_tie,value,random_equation,98,ep014_vendor_096,CityExpress096,False,56.93,18,3.36,1.46,1.71,"[0.2895394534449206, 0.2297307102156708, 0.02332490396595845, 0.45740493237345026]"
episode_014,near_tie,value,random_equation,99,ep014_vendor_033,RocketNow033,False,57.8,19,4.65,2.84,2.81,"[0.22457020702903024, 0.6025932463461743, 0.15725543537143402, 0.015581111253361452]"
episode_015,near_tie,value,price_first,,ep015_vendor_009,DashBite009,False,39.77,40,4.05,2.01,0.77,
episode_015,near_tie,value,eta_first,,ep015_vendor_078,DashBite078,False,43.98,15,4.35,3.43,3.31,
episode_015,near_tie,value,rating_first,,ep015_vendor_030,BlinkExpress030,False,46.12,51,4.86,3.4,5.99,
episode_015,near_tie,value,balanced_equation,,ep015_vendor_023,CityHub023,False,40.96,28,4.49,2.73,5.94,
episode_015,near_tie,value,random_equation,0,ep015_vendor_017,NoshFleet017,False,46.14,26,4.74,1.1,16.77,"[0.1995661499896272, 0.13850994214458295, 0.1867838546240335, 0.47514005324175634]"
episode_015,near_tie,value,random_equation,1,ep015_vendor_023,CityHub023,False,40.96,28,4.49,2.73,5.94,"[0.39097379058116605, 0.3144957028599324, 0.07746490002605255, 0.21706560653284893]"
episode_015,near_tie,value,random_equation,2,ep015_vendor_056,GoNow056,False,40.09,51,4.58,1.3,0.03,"[0.7308796350799659, 0.05639313246364184, 0.16031337632402612, 0.05241385613236611]"
episode_015,near_tie,value,random_equation,3,ep015_vendor_091,CityLane091,False,46.01,16,4.63,2.03,7.7,"[0.15767490853817975, 0.5175761761299613, 0.06769548576937144, 0.25705342956248745]"
episode_015,near_tie,value,random_equation,4,ep015_vendor_056,GoNow056,False,40.09,51,4.58,1.3,0.03,"[0.2319594229988012, 0.07281219000633968, 0.11729015930917373, 0.5779382276856854]"
episode_015,near_tie,value,random_equation,5,ep015_vendor_078,DashBite078,False,43.98,15,4.35,3.43,3.31,"[0.4775392667247043, 0.46737012338790845, 0.04887751920737201, 0.006213090680015381]"
episode_015,near_tie,value,random_equation,6,ep015_vendor_091,CityLane091,False,46.01,16,4.63,2.03,7.7,"[0.05180756538410055, 0.5638608501593504, 0.14735446429010157, 0.23697712016644745]"
episode_015,near_tie,value,random_equation,7,ep015_vendor_017,NoshFleet017,False,46.14,26,4.74,1.1,16.77,"[0.09455310685113727, 0.0034915576878588473, 0.49035473043194394, 0.41160060502906]"
episode_015,near_tie,value,random_equation,8,ep015_vendor_015,BlinkExpress015,False,44.26,24,4.79,3.97,4.31,"[0.11153935593607611, 0.07752277839247718, 0.7500231022075682, 0.06091476346387857]"
episode_015,near_tie,value,random_equation,9,ep015_vendor_091,CityLane091,False,46.01,16,4.63,2.03,7.7,"[0.12622674881280313, 0.5467233884290277, 0.09165524038552066, 0.2353946223726485]"
episode_015,near_tie,value,random_equation,10,ep015_vendor_056,GoNow056,False,40.09,51,4.58,1.3,0.03,"[0.8262128668357489, 0.0074700109630175945, 0.08819464008001933, 0.07812248212121412]"
episode_015,near_tie,value,random_equation,11,ep015_vendor_091,CityLane091,False,46.01,16,4.63,2.03,7.7,"[0.03975603508584624, 0.6981861789232501, 0.18339591337312294, 0.07866187261778082]"
episode_015,near_tie,value,random_equation,12,ep015_vendor_049,QuickDrop049,False,47.54,16,4.81,6.43,6.52,"[0.05653437565589327, 0.4533518826463986, 0.4493705421667073, 0.040743199531000716]"
episode_015,near_tie,value,random_equation,13,ep015_vendor_059,PrimeNow059,False,41.54,70,4.73,2.81,4.07,"[0.33155851328840247, 0.0013098342447324667, 0.6264509368558965, 0.04068071561096871]"
episode_015,near_tie,value,random_equation,14,ep015_vendor_091,CityLane091,False,46.01,16,4.63,2.03,7.7,"[0.07866519106841353, 0.5788499340982866, 0.29513625137805094, 0.047348623455249074]"
episode_015,near_tie,value,random_equation,15,ep015_vendor_056,GoNow056,False,40.09,51,4.58,1.3,0.03,"[0.32637962839590967, 0.1766810610199021, 0.0517035595691854, 0.4452357510150028]"
episode_015,near_tie,value,random_equation,16,ep015_vendor_056,GoNow056,False,40.09,51,4.58,1.3,0.03,"[0.4301099818457227, 0.015507595436595049, 0.03264907073645519, 0.5217333519812271]"
episode_015,near_tie,value,random_equation,17,ep015_vendor_009,DashBite009,False,39.77,40,4.05,2.01,0.77,"[0.6408477519895273, 0.12670452018174128, 0.07326819381219758, 0.1591795340165337]"
episode_015,near_tie,value,random_equation,18,ep015_vendor_091,CityLane091,False,46.01,16,4.63,2.03,7.7,"[0.013346258674302969, 0.5134397049502036, 0.1275018516777974, 0.3457121846976959]"
episode_015,near_tie,value,random_equation,19,ep015_vendor_017,NoshFleet017,False,46.14,26,4.74,1.1,16.77,"[0.09663658699931044, 0.11307745515487383, 0.3428236355152491, 0.44746232233056654]"
episode_015,near_tie,value,random_equation,20,ep015_vendor_017,NoshFleet017,False,46.14,26,4.74,1.1,16.77,"[0.09194754450631985, 0.17184624439569357, 0.21440422856638697, 0.5218019825315996]"
episode_015,near_tie,value,random_equation,21,ep015_vendor_017,NoshFleet017,False,46.14,26,4.74,1.1,16.77,"[0.21439148130295965, 0.1483550361758901, 0.4835095123697322, 0.1537439701514182]"
episode_015,near_tie,value,random_equation,22,ep015_vendor_056,GoNow056,False,40.09,51,4.58,1.3,0.03,"[0.6008000989286287, 0.020223883312569146, 0.04415390428237816, 0.33482211347642404]"
episode_015,near_tie,value,random_equation,23,ep015_vendor_023,CityHub023,False,40.96,28,4.49,2.73,5.94,"[0.6004459106639154, 0.29402064518110715, 0.04807756785803485, 0.05745587629694253]"
episode_015,near_tie,value,random_equation,24,ep015_vendor_078,DashBite078,False,43.98,15,4.35,3.43,3.31,"[0.22773217306057295, 0.550402871303108, 0.16394341652941696, 0.05792153910690205]"
episode_015,near_tie,value,random_equation,25,ep015_vendor_056,GoNow056,False,40.09,51,4.58,1.3,0.03,"[0.37077208410441975, 0.09348455045326812, 0.0006791473869136968, 0.5350642180553984]"
episode_015,near_tie,value,random_equation,26,ep015_vendor_023,CityHub023,False,40.96,28,4.49,2.73,5.94,"[0.3474657035880625, 0.28231368393709433, 0.29088185466127514, 0.07933875781356815]"
episode_015,near_tie,value,random_equation,27,ep015_vendor_056,GoNow056,False,40.09,51,4.58,1.3,0.03,"[0.5379069608803776, 0.07000592220317133, 0.2097208911312795, 0.18236622578517137]"
episode_015,near_tie,value,random_equation,28,ep015_vendor_091,CityLane091,False,46.01,16,4.63,2.03,7.7,"[0.23875567288240399, 0.33069952828867744, 0.2751678646801115, 0.15537693414880713]"
episode_015,near_tie,value,random_equation,29,ep015_vendor_017,NoshFleet017,False,46.14,26,4.74,1.1,16.77,"[0.09968218125063254, 0.12586796690320248, 0.011575516794121363, 0.7628743350520436]"
episode_015,near_tie,value,random_equation,30,ep015_vendor_056,GoNow056,False,40.09,51,4.58,1.3,0.03,"[0.37707187985768986, 0.023862033756476563, 0.34021507209130025, 0.25885101429453344]"
episode_015,near_tie,value,random_equation,31,ep015_vendor_091,CityLane091,False,46.01,16,4.63,2.03,7.7,"[0.08745183765992018, 0.3553722566593764, 0.058852670286871946, 0.49832323539383144]"
episode_015,near_tie,value,random_equation,32,ep015_vendor_056,GoNow056,False,40.09,51,4.58,1.3,0.03,"[0.342856318852868, 0.1075718359604167, 0.4527763126838522, 0.09679553250286291]"
episode_015,near_tie,value,random_equation,33,ep015_vendor_023,CityHub023,False,40.96,28,4.49,2.73,5.94,"[0.601578891793208, 0.1167641417453572, 0.24089296290470963, 0.040764003556725166]"
episode_015,near_tie,value,random_equation,34,ep015_vendor_023,CityHub023,False,40.96,28,4.49,2.73,5.94,"[0.5039836986555003, 0.39060277418334277, 0.07426812804725913, 0.03114539911389789]"
episode_015,near_tie,value,random_equation,35,ep015_vendor_017,NoshFleet017,False,46.14,26,4.74,1.1,16.77,"[0.007226618085274895, 0.27047538343029837, 0.012516762624652324, 0.7097812358597744]"
episode_015,near_tie,value,random_equation,36,ep015_vendor_023,CityHub023,False,40.96,28,4.49,2.73,5.94,"[0.37845778565361854, 0.3077513900700321, 0.13029956114566654, 0.18349126313068284]"
episode_015,near_tie,value,random_equation,37,ep015_vendor_056,GoNow056,False,40.09,51,4.58,1.3,0.03,"[0.21306128387302448, 0.04635521847323978, 0.028646072456020837, 0.711937425197715]"
episode_015,near_tie,value,random_equation,38,ep015_vendor_017,NoshFleet017,False,46.14,26,4.74,1.1,16.77,"[0.1663697438122344, 0.19813200354962685, 0.31922610160758214, 0.3162721510305566]"
episode_015,near_tie,value,random_equation,39,ep015_vendor_017,NoshFleet017,False,46.14,26,4.74,1.1,16.77,"[0.12796831288628605, 0.07559173857856297, 0.4731567072762832, 0.32328324125886787]"
episode_015,near_tie,value,random_equation,40,ep015_vendor_017,NoshFleet017,False,46.14,26,4.74,1.1,16.77,"[0.11635225520868345, 0.07204529455086232, 0.21827359279570827, 0.593328857444746]"
episode_015,near_tie,value,random_equation,41,ep015_vendor_017,NoshFleet017,False,46.14,26,4.74,1.1,16.77,"[0.14534970272677294, 0.22309886156162104, 0.03607806791772535, 0.5954733677938807]"
episode_015,near_tie,value,random_equation,42,ep015_vendor_056,GoNow056,False,40.09,51,4.58,1.3,0.03,"[0.49447888206222224, 0.12304030621890874, 0.15777192419046, 0.224708887528409]"
episode_015,near_tie,value,random_equation,43,ep015_vendor_015,BlinkExpress015,False,44.26,24,4.79,3.97,4.31,"[0.22369132026116972, 0.10517011769231047, 0.5975214603842554, 0.07361710166226458]"
episode_015,near_tie,value,random_equation,44,ep015_vendor_091,CityLane091,False,46.01,16,4.63,2.03,7.7,"[0.034840788529724775, 0.45107502997980725, 0.3490285912672336, 0.16505559022323452]"
episode_015,near_tie,value,random_equation,45,ep015_vendor_078,DashBite078,False,43.98,15,4.35,3.43,3.31,"[0.39918461034753383, 0.5527765635815387, 0.016708382443483542, 0.03133044362744413]"
episode_015,near_tie,value,random_equation,46,ep015_vendor_023,CityHub023,False,40.96,28,4.49,2.73,5.94,"[0.49345364219951404, 0.3245923346708159, 0.17629816072442311, 0.005655862405246979]"
episode_015,near_tie,value,random_equation,47,ep015_vendor_017,NoshFleet017,False,46.14,26,4.74,1.1,16.77,"[0.11669003009148585, 0.11899888789567786, 0.10624171992772201, 0.6580693620851142]"
episode_015,near_tie,value,random_equation,48,ep015_vendor_056,GoNow056,False,40.09,51,4.58,1.3,0.03,"[0.31773476613529533, 0.046642812112405986, 0.0180296520904882, 0.6175927696618105]"
episode_015,near_tie,value,random_equation,49,ep015_vendor_017,NoshFleet017,False,46.14,26,4.74,1.1,16.77,"[0.206458935871951, 0.07942322917199154, 0.5171263881263729, 0.19699144682968456]"
episode_015,near_tie,value,random_equation,50,ep015_vendor_017,NoshFleet017,False,46.14,26,4.74,1.1,16.77,"[0.03516956821252611, 0.33988528199489565, 0.05553252711312975, 0.5694126226794484]"
episode_015,near_tie,value,random_equation,51,ep015_vendor_056,GoNow056,False,40.09,51,4.58,1.3,0.03,"[0.1674640656100474, 0.07765995732424895, 0.048624803655328196, 0.7062511734103755]"
episode_015,near_tie,value,random_equation,52,ep015_vendor_017,NoshFleet017,False,46.14,26,4.74,1.1,16.77,"[0.037532549624749376, 0.16897027301313372, 0.6645147589818343, 0.12898241838028257]"
episode_015,near_tie,value,random_equation,53,ep015_vendor_091,CityLane091,False,46.01,16,4.63,2.03,7.7,"[0.006179598186275668, 0.5034430892065883, 0.07783957891300866, 0.4125377336941273]"
episode_015,near_tie,value,random_equation,54,ep015_vendor_049,QuickDrop049,False,47.54,16,4.81,6.43,6.52,"[0.0396199311560785, 0.39097344881485435, 0.5554188361130995, 0.013987783915967666]"
episode_015,near_tie,value,random_equation,55,ep015_vendor_015,BlinkExpress015,False,44.26,24,4.79,3.97,4.31,"[0.24080196162919976, 0.12170572487165152, 0.6112618158942283, 0.02623049760492036]"
episode_015,near_tie,value,random_equation,56,ep015_vendor_078,DashBite078,False,43.98,15,4.35,3.43,3.31,"[0.009970051910497315, 0.9806673312896851, 0.002578178072288396, 0.006784438727529149]"
episode_015,near_tie,value,random_equation,57,ep015_vendor_056,GoNow056,False,40.09,51,4.58,1.3,0.03,"[0.1415875647069605, 0.03277037959236762, 0.17712540718549438, 0.6485166485151775]"
episode_015,near_tie,value,random_equation,58,ep015_vendor_091,CityLane091,False,46.01,16,4.63,2.03,7.7,"[0.12577981644892347, 0.47204072727682117, 0.18612742833444104, 0.21605202793981426]"
episode_015,near_tie,value,random_equation,59,ep015_vendor_091,CityLane091,False,46.01,16,4.63,2.03,7.7,"[0.15032452676463406, 0.4443263318182622, 0.22861182290500415, 0.17673731851209953]"
episode_015,near_tie,value,random_equation,60,ep015_vendor_023,CityHub023,False,40.96,28,4.49,2.73,5.94,"[0.4810331107501234, 0.14938003729342963, 0.36371793810903974, 0.005868913847407162]"
episode_015,near_tie,value,random_equation,61,ep015_vendor_091,CityLane091,False,46.01,16,4.63,2.03,7.7,"[0.04230642676356484, 0.3710508262845573, 0.12469845057860314, 0.4619442963732747]"
episode_015,near_tie,value,random_equation,62,ep015_vendor_017,NoshFleet017,False,46.14,26,4.74,1.1,16.77,"[0.03425522690872081, 0.2591645116017198, 0.3854932175480458, 0.3210870439415137]"
episode_015,near_tie,value,random_equation,63,ep015_vendor_091,CityLane091,False,46.01,16,4.63,2.03,7.7,"[0.08855696076830617, 0.5050419839975395, 0.12592934824737456, 0.28047170698677976]"
episode_015,near_tie,value,random_equation,64,ep015_vendor_056,GoNow056,False,40.09,51,4.58,1.3,0.03,"[0.2783247946291082, 0.01891363958692502, 0.30850773526040043, 0.39425383052356633]"
episode_015,near_tie,value,random_equation,65,ep015_vendor_091,CityLane091,False,46.01,16,4.63,2.03,7.7,"[0.26936954121928036, 0.2603504932966125, 0.03652997427110236, 0.43374999121300495]"
episode_015,near_tie,value,random_equation,66,ep015_vendor_017,NoshFleet017,False,46.14,26,4.74,1.1,16.77,"[0.07867225596487001, 0.03336031498077024, 0.6453040197287374, 0.24266340932562233]"
episode_015,near_tie,value,random_equation,67,ep015_vendor_056,GoNow056,False,40.09,51,4.58,1.3,0.03,"[0.36636848763289315, 0.026167108256057822, 0.2026984303517931, 0.40476597375925605]"
episode_015,near_tie,value,random_equation,68,ep015_vendor_015,BlinkExpress015,False,44.26,24,4.79,3.97,4.31,"[0.14908231416537926, 0.15373693509781386, 0.5936628571551283, 0.10351789358167851]"
episode_015,near_tie,value,random_equation,69,ep015_vendor_091,CityLane091,False,46.01,16,4.63,2.03,7.7,"[0.01548362127308006, 0.3644629393966311, 0.4821411712002306, 0.13791226813005822]"
episode_015,near_tie,value,random_equation,70,ep015_vendor_091,CityLane091,False,46.01,16,4.63,2.03,7.7,"[0.22258928831512823, 0.28483632236509704, 0.262028622672654, 0.23054576664712065]"
episode_015,near_tie,value,random_equation,71,ep015_vendor_078,DashBite078,False,43.98,15,4.35,3.43,3.31,"[0.4331464543594372, 0.3842441613248217, 0.15129589098614263, 0.0313134933295986]"
episode_015,near_tie,value,random_equation,72,ep015_vendor_056,GoNow056,False,40.09,51,4.58,1.3,0.03,"[0.6360638685279738, 0.06877976108075032, 0.20018331034609477, 0.09497306004518109]"
episode_015,near_tie,value,random_equation,73,ep015_vendor_017,NoshFleet017,False,46.14,26,4.74,1.1,16.77,"[0.16165681006941002, 0.17174092861971407, 0.4033952327956439, 0.263207028515232]"
episode_015,near_tie,value,random_equation,74,ep015_vendor_091,CityLane091,False,46.01,16,4.63,2.03,7.7,"[0.12355542263534987, 0.3543973176639178, 0.1488571205655914, 0.373190139135141]"
episode_015,near_tie,value,random_equation,75,ep015_vendor_023,CityHub023,False,40.96,28,4.49,2.73,5.94,"[0.4498326016009247, 0.22594841582286881, 0.0312936198150938, 0.29292536276111275]"
episode_015,near_tie,value,random_equation,76,ep015_vendor_091,CityLane091,False,46.01,16,4.63,2.03,7.7,"[0.2722252200615113, 0.3889759701730331, 0.016335128653015858, 0.3224636811124397]"
episode_015,near_tie,value,random_equation,77,ep015_vendor_017,NoshFleet017,False,46.14,26,4.74,1.1,16.77,"[0.021932932894759546, 0.16443909737493878, 0.6420573739811779, 0.1715705957491239]"
episode_015,near_tie,value,random_equation,78,ep015_vendor_017,NoshFleet017,False,46.14,26,4.74,1.1,16.77,"[0.05008540608149943, 0.14657627240557083, 0.40542945993647844, 0.39790886157645133]"
episode_015,near_tie,value,random_equation,79,ep015_vendor_091,CityLane091,False,46.01,16,4.63,2.03,7.7,"[0.15597044661803752, 0.4827007253483791, 0.27422669289558355, 0.08710213513799984]"
episode_015,near_tie,value,random_equation,80,ep015_vendor_023,CityHub023,False,40.96,28,4.49,2.73,5.94,"[0.4149891543304453, 0.33982865311259036, 0.017868788939538773, 0.2273134036174257]"
episode_015,near_tie,value,random_equation,81,ep015_vendor_017,NoshFleet017,False,46.14,26,4.74,1.1,16.77,"[0.11814223275182431, 0.08863798298085526, 0.4298013488256815, 0.363418435441639]"
episode_015,near_tie,value,random_equation,82,ep015_vendor_078,DashBite078,False,43.98,15,4.35,3.43,3.31,"[0.1822781913914212, 0.6225167526429123, 0.05986756851619946, 0.13533748744946691]"
episode_015,near_tie,value,random_equation,83,ep015_vendor_056,GoNow056,False,40.09,51,4.58,1.3,0.03,"[0.18206758636557815, 0.01907999118860735, 0.04683795598668301, 0.7520144664591316]"
episode_015,near_tie,value,random_equation,84,ep015_vendor_056,GoNow056,False,40.09,51,4.58,1.3,0.03,"[0.4944584057907896, 0.0798923869083066, 0.24488837458750592, 0.18076083271339782]"
episode_015,near_tie,value,random_equation,85,ep015_vendor_091,CityLane091,False,46.01,16,4.63,2.03,7.7,"[0.2223955332469259, 0.23441534012046317, 0.3393414432086344, 0.20384768342397655]"
episode_015,near_tie,value,random_equation,86,ep015_vendor_017,NoshFleet017,False,46.14,26,4.74,1.1,16.77,"[0.06759823351622814, 0.07821491494477614, 0.31812627924433595, 0.5360605722946598]"
episode_015,near_tie,value,random_equation,87,ep015_vendor_023,CityHub023,False,40.96,28,4.49,2.73,5.94,"[0.4054769179070687, 0.1912279204677779, 0.14737378102236456, 0.25592138060278885]"
episode_015,near_tie,value,random_equation,88,ep015_vendor_091,CityLane091,False,46.01,16,4.63,2.03,7.7,"[0.05207067117500764, 0.55722558086342, 0.08726060585198579, 0.30344314210958645]"
episode_015,near_tie,value,random_equation,89,ep015_vendor_056,GoNow056,False,40.09,51,4.58,1.3,0.03,"[0.6941755004097826, 0.05850846151305259, 0.23298672276179816, 0.01432931531536659]"
episode_015,near_tie,value,random_equation,90,ep015_vendor_056,GoNow056,False,40.09,51,4.58,1.3,0.03,"[0.45160493412931846, 0.08533209297049904, 0.2727023266832966, 0.190360646216886]"
episode_015,near_tie,value,random_equation,91,ep015_vendor_056,GoNow056,False,40.09,51,4.58,1.3,0.03,"[0.4623682052140403, 0.018362031068881, 0.059080729473385205, 0.46018903424369345]"
episode_015,near_tie,value,random_equation,92,ep015_vendor_091,CityLane091,False,46.01,16,4.63,2.03,7.7,"[0.16495323948204704, 0.6269717461514457, 0.03433907344271283, 0.1737359409237945]"
episode_015,near_tie,value,random_equation,93,ep015_vendor_078,DashBite078,False,43.98,15,4.35,3.43,3.31,"[0.3621149318178013, 0.3587178910998385, 0.08804660889174248, 0.19112056819061776]"
episode_015,near_tie,value,random_equation,94,ep015_vendor_023,CityHub023,False,40.96,28,4.49,2.73,5.94,"[0.6682465863066276, 0.2525123673592947, 0.07455702118074055, 0.004684025153337111]"
episode_015,near_tie,value,random_equation,95,ep015_vendor_085,BlinkNow085,False,41.94,29,3.87,1.82,3.71,"[0.3737306778402471, 0.27042630291777975, 0.002103350170613207, 0.35373966907135995]"
episode_015,near_tie,value,random_equation,96,ep015_vendor_023,CityHub023,False,40.96,28,4.49,2.73,5.94,"[0.3542027078536838, 0.16445635203546882, 0.2695995819174034, 0.2117413581934439]"
episode_015,near_tie,value,random_equation,97,ep015_vendor_017,NoshFleet017,False,46.14,26,4.74,1.1,16.77,"[0.0047056687240315575, 0.024225662616334378, 0.7024627111955891, 0.2686059574640451]"
episode_015,near_tie,value,random_equation,98,ep015_vendor_017,NoshFleet017,False,46.14,26,4.74,1.1,16.77,"[0.03730318756228038, 0.11567113973721058, 0.6931227202240179, 0.15390295247649127]"
episode_015,near_tie,value,random_equation,99,ep015_vendor_078,DashBite078,False,43.98,15,4.35,3.43,3.31,"[0.4228963471345565, 0.4402855237368617, 0.010795118824926918, 0.1260230103036549]"
episode_016,competitive,rating,price_first,,ep016_vendor_000,DoorDash,True,26.94,39,4.04,2.45,8.23,
episode_016,competitive,rating,eta_first,,ep016_vendor_031,PrimeMeals031,False,39.11,15,3.04,7.94,6.87,
episode_016,competitive,rating,rating_first,,ep016_vendor_009,NoshMeals009,False,39.92,70,4.88,9.03,5.15,
episode_016,competitive,rating,balanced_equation,,ep016_vendor_066,SwiftFleet066,False,27.59,54,4.85,0.99,3.43,
episode_016,competitive,rating,random_equation,0,ep016_vendor_039,BlinkNow039,False,30.75,18,3.52,1.23,0.48,"[0.2603931786731097, 0.37484381999350724, 0.1924528457163013, 0.17231015561708177]"
episode_016,competitive,rating,random_equation,1,ep016_vendor_072,NoshMeals072,False,33.97,24,4.47,2.43,8.87,"[0.3109870109750712, 0.4048441257740217, 0.246067801209445, 0.03810106204146213]"
episode_016,competitive,rating,random_equation,2,ep016_vendor_066,SwiftFleet066,False,27.59,54,4.85,0.99,3.43,"[0.13534769493804116, 0.17001583737864145, 0.6875482210297387, 0.007088246653578652]"
episode_016,competitive,rating,random_equation,3,ep016_vendor_098,DashCart098,False,33.78,27,4.52,1.51,13.54,"[0.20821305170537943, 0.2746897036006045, 0.2509001635590232, 0.2661970811349928]"
episode_016,competitive,rating,random_equation,4,ep016_vendor_000,DoorDash,True,26.94,39,4.04,2.45,8.23,"[0.6587629039463819, 0.2600323574781283, 0.0015756037358919458, 0.0796291348395979]"
episode_016,competitive,rating,random_equation,5,ep016_vendor_066,SwiftFleet066,False,27.59,54,4.85,0.99,3.43,"[0.20811691640690191, 0.18078468933448472, 0.5543149077775104, 0.05678348648110309]"
episode_016,competitive,rating,random_equation,6,ep016_vendor_039,BlinkNow039,False,30.75,18,3.52,1.23,0.48,"[0.3117054685781495, 0.3400852024001015, 0.12049185278782261, 0.22771747623392638]"
episode_016,competitive,rating,random_equation,7,ep016_vendor_039,BlinkNow039,False,30.75,18,3.52,1.23,0.48,"[0.1624322839732847, 0.2745467689690058, 0.07820721222096978, 0.48481373483673973]"
episode_016,competitive,rating,random_equation,8,ep016_vendor_098,DashCart098,False,33.78,27,4.52,1.51,13.54,"[0.019573871739629576, 0.41824772974266866, 0.2339359878427372, 0.3282424106749645]"
episode_016,competitive,rating,random_equation,9,ep016_vendor_066,SwiftFleet066,False,27.59,54,4.85,0.99,3.43,"[0.05614976361507389, 0.04312345767185785, 0.09380956156973548, 0.8069172171433328]"
episode_016,competitive,rating,random_equation,10,ep016_vendor_039,BlinkNow039,False,30.75,18,3.52,1.23,0.48,"[0.018585109989605112, 0.45186373787142114, 0.12406994771357654, 0.4054812044253972]"
episode_016,competitive,rating,random_equation,11,ep016_vendor_098,DashCart098,False,33.78,27,4.52,1.51,13.54,"[0.051729588209239966, 0.33308397820497765, 0.19595313376879414, 0.4192332998169882]"
episode_016,competitive,rating,random_equation,12,ep016_vendor_072,NoshMeals072,False,33.97,24,4.47,2.43,8.87,"[0.07006241971466258, 0.5131192543094464, 0.2729502500753747, 0.14386807590051634]"
episode_016,competitive,rating,random_equation,13,ep016_vendor_098,DashCart098,False,33.78,27,4.52,1.51,13.54,"[0.07873944593622019, 0.2346200627906588, 0.4567396850930404, 0.22990080618008069]"
episode_016,competitive,rating,random_equation,14,ep016_vendor_066,SwiftFleet066,False,27.59,54,4.85,0.99,3.43,"[0.0736116699158483, 0.18681001820248008, 0.5878197355514188, 0.1517585763302529]"
episode_016,competitive,rating,random_equation,15,ep016_vendor_039,BlinkNow039,False,30.75,18,3.52,1.23,0.48,"[0.11524321454842741, 0.12336641279208568, 0.016019324982758213, 0.7453710476767287]"
episode_016,competitive,rating,random_equation,16,ep016_vendor_066,SwiftFleet066,False,27.59,54,4.85,0.99,3.43,"[0.2583271562572473, 0.1516387322554338, 0.2100365187216505, 0.3799975927656684]"
episode_016,competitive,rating,random_equation,17,ep016_vendor_098,DashCart098,False,33.78,27,4.52,1.51,13.54,"[0.04675828695746087, 0.2521560597612287, 0.4513715765608636, 0.2497140767204468]"
episode_016,competitive,rating,random_equation,18,ep016_vendor_072,NoshMeals072,False,33.97,24,4.47,2.43,8.87,"[0.013693370498939223, 0.5981685552709085, 0.25208779500992895, 0.1360502792202232]"
episode_016,competitive,rating,random_equation,19,ep016_vendor_000,DoorDash,True,26.94,39,4.04,2.45,8.23,"[0.7154389184411623, 0.1491856901094353, 0.056314600247032415, 0.07906079120236996]"
episode_016,competitive,rating,random_equation,20,ep016_vendor_066,SwiftFleet066,False,27.59,54,4.85,0.99,3.43,"[0.06135356553524273, 0.16888550919736497, 0.7310544697530846, 0.03870645551430766]"
episode_016,competitive,rating,random_equation,21,ep016_vendor_066,SwiftFleet066,False,27.59,54,4.85,0.99,3.43,"[0.12388673194957868, 0.0047700890649065575, 0.6942507717786024, 0.17709240720691238]"
episode_016,competitive,rating,random_equation,22,ep016_vendor_000,DoorDash,True,26.94,39,4.04,2.45,8.23,"[0.8004274531520598, 0.02779129430226442, 0.0037185536922896213, 0.1680626988533863]"
episode_016,competitive,rating,random_equation,23,ep016_vendor_066,SwiftFleet066,False,27.59,54,4.85,0.99,3.43,"[0.19953138676608795, 0.22153172830324624, 0.4765337235004933, 0.10240316143017258]"
episode_016,competitive,rating,random_equation,24,ep016_vendor_066,SwiftFleet066,False,27.59,54,4.85,0.99,3.43,"[0.3334164187292766, 0.04530776542910159, 0.43948682598781474, 0.181788989853807]"
episode_016,competitive,rating,random_equation,25,ep016_vendor_098,DashCart098,False,33.78,27,4.52,1.51,13.54,"[0.061936410321125325, 0.3504967528127712, 0.49445411041675935, 0.09311272644934403]"
episode_016,competitive,rating,random_equation,26,ep016_vendor_066,SwiftFleet066,False,27.59,54,4.85,0.99,3.43,"[0.012757638090403324, 0.07774381473653162, 0.3158885960057018, 0.5936099511673631]"
episode_016,competitive,rating,random_equation,27,ep016_vendor_066,SwiftFleet066,False,27.59,54,4.85,0.99,3.43,"[0.41973433463513554, 0.06318082864738267, 0.37422010721085286, 0.14286472950662907]"
episode_016,competitive,rating,random_equation,28,ep016_vendor_039,BlinkNow039,False,30.75,18,3.52,1.23,0.48,"[0.00781355154582662, 0.47818644042844505, 0.17361479375696917, 0.3403852142687591]"
episode_016,competitive,rating,random_equation,29,ep016_vendor_039,BlinkNow039,False,30.75,18,3.52,1.23,0.48,"[0.0867252751106511, 0.7910049968170312, 0.11068270624169728, 0.011587021830620452]"
episode_016,competitive,rating,random_equation,30,ep016_vendor_039,BlinkNow039,False,30.75,18,3.52,1.23,0.48,"[0.21230168472484054, 0.687202625496399, 0.05530027919940737, 0.04519541057935307]"
episode_016,competitive,rating,random_equation,31,ep016_vendor_039,BlinkNow039,False,30.75,18,3.52,1.23,0.48,"[0.042102538193986974, 0.43123488113688435, 0.04366309210346037, 0.48299948856566827]"
episode_016,competitive,rating,random_equation,32,ep016_vendor_066,SwiftFleet066,False,27.59,54,4.85,0.99,3.43,"[0.19074864743272535, 0.16444360436960304, 0.6207809102418195, 0.024026837955852226]"
episode_016,competitive,rating,random_equation,33,ep016_vendor_000,DoorDash,True,26.94,39,4.04,2.45,8.23,"[0.5500436624922845, 0.2304644265316904, 0.104279744600762, 0.11521216637526306]"
episode_016,competitive,rating,random_equation,34,ep016_vendor_066,SwiftFleet066,False,27.59,54,4.85,0.99,3.43,"[0.1815700718447378, 0.27022957188000757, 0.508046482948906, 0.040153873326348566]"
episode_016,competitive,rating,random_equation,35,ep016_vendor_066,SwiftFleet066,False,27.59,54,4.85,0.99,3.43,"[0.04627972006651293, 0.11791816830548506, 0.7485187032098713, 0.08728340841813055]"
episode_016,competitive,rating,random_equation,36,ep016_vendor_039,BlinkNow039,False,30.75,18,3.52,1.23,0.48,"[0.12570597331045977, 0.670114483898693, 0.17946565929592584, 0.024713883494921447]"
episode_016,competitive,rating,random_equation,37,ep016_vendor_039,BlinkNow039,False,30.75,18,3.52,1.23,0.48,"[0.3885063565683377, 0.48401950759011, 0.013402637723982284, 0.11407149811757006]"
episode_016,competitive,rating,random_equation,38,ep016_vendor_000,DoorDash,True,26.94,39,4.04,2.45,8.23,"[0.7589774000256471, 0.08899060391041391, 0.11019954981764529, 0.04183244624629378]"
episode_016,competitive,rating,random_equation,39,ep016_vendor_066,SwiftFleet066,False,27.59,54,4.85,0.99,3.43,"[0.2995648863484303, 0.11973918687029679, 0.1372925110452268, 0.4434034157360461]"
episode_016,competitive,rating,random_equation,40,ep016_vendor_039,BlinkNow039,False,30.75,18,3.52,1.23,0.48,"[0.07490904085224558, 0.6026242538885753, 0.026220881556884394, 0.29624582370229474]"
episode_016,competitive,rating,random_equation,41,ep016_vendor_039,BlinkNow039,False,30.75,18,3.52,1.23,0.48,"[0.24572678687379984, 0.598759106108199, 0.005893910152888359, 0.14962019686511266]"
episode_016,competitive,rating,random_equation,42,ep016_vendor_072,NoshMeals072,False,33.97,24,4.47,2.43,8.87,"[0.06372318865657155, 0.5312608730424874, 0.30671933478732755, 0.09829660351361358]"
episode_016,competitive,rating,random_equation,43,ep016_vendor_039,BlinkNow039,False,30.75,18,3.52,1.23,0.48,"[0.22028374331719683, 0.3204028164209656, 0.14863159360799555, 0.310681846653842]"
episode_016,competitive,rating,random_equation,44,ep016_vendor_039,BlinkNow039,False,30.75,18,3.52,1.23,0.48,"[0.23878631840692313, 0.38791700564972725, 0.18690851014347393, 0.1863881657998758]"
episode_016,competitive,rating,random_equation,45,ep016_vendor_039,BlinkNow039,False,30.75,18,3.52,1.23,0.48,"[0.24903849939405834, 0.447961421713631, 0.2128050345835972, 0.09019504430871346]"
episode_016,competitive,rating,random_equation,46,ep016_vendor_039,BlinkNow039,False,30.75,18,3.52,1.23,0.48,"[0.28974573542125154, 0.2102675984699823, 0.09047624986810152, 0.40951041624066464]"
episode_016,competitive,rating,random_equation,47,ep016_vendor_039,BlinkNow039,False,30.75,18,3.52,1.23,0.48,"[0.2040771311510155, 0.47769783012134975, 0.12565775007284297, 0.1925672886547918]"
episode_016,competitive,rating,random_equation,48,ep016_vendor_072,NoshMeals072,False,33.97,24,4.47,2.43,8.87,"[0.1913955784518958, 0.3221382147746167, 0.4599794871252098, 0.026486719648277705]"
episode_016,competitive,rating,random_equation,49,ep016_vendor_072,NoshMeals072,False,33.97,24,4.47,2.43,8.87,"[0.2997586627859285, 0.38514863655126635, 0.27042227528496854, 0.04467042537783657]"
episode_016,competitive,rating,random_equation,50,ep016_vendor_000,DoorDash,True,26.94,39,4.04,2.45,8.23,"[0.5487344478181039, 0.24791936147813637, 0.15334985921160624, 0.04999633149215358]"
episode_016,competitive,rating,random_equation,51,ep016_vendor_072,NoshMeals072,False,33.97,24,4.47,2.43,8.87,"[0.0037862281579460763, 0.4383944441890434, 0.5561458320208902, 0.0016734956321202107]"
episode_016,competitive,rating,random_equation,52,ep016_vendor_098,DashCart098,False,33.78,27,4.52,1.51,13.54,"[0.18123258061072403, 0.30913540940276407, 0.4373808156443504, 0.07225119434216161]"
episode_016,competitive,rating,random_equation,53,ep016_vendor_072,NoshMeals072,False,33.97,24,4.47,2.43,8.87,"[0.09835754827192437, 0.3845003320715764, 0.48831899130373785, 0.02882312835276119]"
episode_016,competitive,rating,random_equation,54,ep016_vendor_039,BlinkNow039,False,30.75,18,3.52,1.23,0.48,"[0.5022073548606185, 0.29767437560560256, 0.07864073881045908, 0.12147753072331975]"
episode_016,competitive,rating,random_equation,55,ep016_vendor_000,DoorDash,True,26.94,39,4.04,2.45,8.23,"[0.682331883540804, 0.1578948471113472, 0.0290446008731245, 0.13072866847472417]"
episode_016,competitive,rating,random_equation,56,ep016_vendor_066,SwiftFleet066,False,27.59,54,4.85,0.99,3.43,"[0.15632704264367858, 0.13127715970997217, 0.6350235826843044, 0.07737221496204492]"
episode_016,competitive,rating,random_equation,57,ep016_vendor_066,SwiftFleet066,False,27.59,54,4.85,0.99,3.43,"[0.055268461549694954, 0.04434359120014179, 0.29554238320660825, 0.604845564043555]"
episode_016,competitive,rating,random_equation,58,ep016_vendor_039,BlinkNow039,False,30.75,18,3.52,1.23,0.48,"[0.11967973711188448, 0.7581794528569546, 0.07821953221516761, 0.04392127781599326]"
episode_016,competitive,rating,random_equation,59,ep016_vendor_066,SwiftFleet066,False,27.59,54,4.85,0.99,3.43,"[0.02968234430386785, 0.023914784139524047, 0.3613144623518982, 0.58508840920471]"
episode_016,competitive,rating,random_equation,60,ep016_vendor_098,DashCart098,False,33.78,27,4.52,1.51,13.54,"[0.03767379983386378, 0.2707141877288883, 0.5993476290170499, 0.09226438342019809]"
episode_016,competitive,rating,random_equation,61,ep016_vendor_066,SwiftFleet066,False,27.59,54,4.85,0.99,3.43,"[0.07540677910644066, 0.0071249777223815255, 0.2539726864114988, 0.663495556759679]"
episode_016,competitive,rating,random_equation,62,ep016_vendor_066,SwiftFleet066,False,27.59,54,4.85,0.99,3.43,"[0.03122666973781964, 0.13802343154471183, 0.27804653146989233, 0.5527033672475762]"
episode_016,competitive,rating,random_equation,63,ep016_vendor_066,SwiftFleet066,False,27.59,54,4.85,0.99,3.43,"[0.6227425163896554, 0.13290728153828163, 0.1406493073780105, 0.10370089469405264]"
episode_016,competitive,rating,random_equation,64,ep016_vendor_039,BlinkNow039,False,30.75,18,3.52,1.23,0.48,"[0.06399992638256093, 0.7200915547942804, 0.034339794767073224, 0.1815687240560854]"
episode_016,competitive,rating,random_equation,65,ep016_vendor_072,NoshMeals072,False,33.97,24,4.47,2.43,8.87,"[0.06790358915531612, 0.3909950259821564, 0.481722508056131, 0.05937887680639646]"
episode_016,competitive,rating,random_equation,66,ep016_vendor_039,BlinkNow039,False,30.75,18,3.52,1.23,0.48,"[0.437299356314619, 0.5355777224201358, 0.019045766496533834, 0.008077154768711414]"
episode_016,competitive,rating,random_equation,67,ep016_vendor_066,SwiftFleet066,False,27.59,54,4.85,0.99,3.43,"[0.6178038576739451, 0.0913389402865978, 0.03956816262732738, 0.2512890394121297]"
episode_016,competitive,rating,random_equation,68,ep016_vendor_066,SwiftFleet066,False,27.59,54,4.85,0.99,3.43,"[0.11422068039003602, 0.059387063795473954, 0.13907376747399927, 0.6873184883404908]"
episode_016,competitive,rating,random_equation,69,ep016_vendor_072,NoshMeals072,False,33.97,24,4.47,2.43,8.87,"[0.2749232067619345, 0.39641970171037977, 0.23856582772040544, 0.09009126380728015]"
episode_016,competitive,rating,random_equation,70,ep016_vendor_066,SwiftFleet066,False,27.59,54,4.85,0.99,3.43,"[0.3213034942750216, 0.010752340160424066, 0.11111319142415534, 0.5568309741403991]"
episode_016,competitive,rating,random_equation,71,ep016_vendor_098,DashCart098,False,33.78,27,4.52,1.51,13.54,"[0.07309744092041003, 0.32409427603916935, 0.4636409366270005, 0.13916734641342007]"
episode_016,competitive,rating,random_equation,72,ep016_vendor_066,SwiftFleet066,False,27.59,54,4.85,0.99,3.43,"[0.3379075707885591, 0.04015706951721867, 0.23748650194547696, 0.3844488577487452]"
episode_016,competitive,rating,random_equation,73,ep016_vendor_039,BlinkNow039,False,30.75,18,3.52,1.23,0.48,"[0.28634560614339066, 0.26085513199143556, 0.12228443975134883, 0.33051482211382494]"
episode_016,competitive,rating,random_equation,74,ep016_vendor_066,SwiftFleet066,False,27.59,54,4.85,0.99,3.43,"[0.34777072502953826, 0.07108235917402198, 0.03542793741496742, 0.5457189783814723]"
episode_016,competitive,rating,random_equation,75,ep016_vendor_039,BlinkNow039,False,30.75,18,3.52,1.23,0.48,"[0.1125913306777715, 0.7434304734804531, 0.0979196395907118, 0.04605855625106356]"
episode_016,competitive,rating,random_equation,76,ep016_vendor_066,SwiftFleet066,False,27.59,54,4.85,0.99,3.43,"[0.023905495077975798, 0.06665146558636231, 0.3475984933594138, 0.5618445459762481]"
episode_016,competitive,rating,random_equation,77,ep016_vendor_000,DoorDash,True,26.94,39,4.04,2.45,8.23,"[0.6003090197807571, 0.24976345905815991, 0.05709982294387734, 0.09282769821720571]"
episode_016,competitive,rating,random_equation,78,ep016_vendor_039,BlinkNow039,False,30.75,18,3.52,1.23,0.48,"[0.2030739677596896, 0.5703482503315229, 0.01178315187669215, 0.21479463003209526]"
episode_016,competitive,rating,random_equation,79,ep016_vendor_066,SwiftFleet066,False,27.59,54,4.85,0.99,3.43,"[0.4579895420856455, 0.11402597238895788, 0.21523614043612843, 0.21274834508926813]"
episode_016,competitive,rating,random_equation,80,ep016_vendor_066,SwiftFleet066,False,27.59,54,4.85,0.99,3.43,"[0.30589723381523193, 0.29071162062292627, 0.38234441856443546, 0.021046726997406437]"
episode_016,competitive,rating,random_equation,81,ep016_vendor_098,DashCart098,False,33.78,27,4.52,1.51,13.54,"[0.05096075798552754, 0.3621362979678047, 0.17645103586965405, 0.4104519081770136]"
episode_016,competitive,rating,random_equation,82,ep016_vendor_066,SwiftFleet066,False,27.59,54,4.85,0.99,3.43,"[0.4950657029265034, 0.0023319035343183814, 0.3006672868971689, 0.20193510664200937]"
episode_016,competitive,rating,random_equation,83,ep016_vendor_066,SwiftFleet066,False,27.59,54,4.85,0.99,3.43,"[0.5930731410595357, 0.13091219771256923, 0.11335943410739636, 0.16265522712049865]"
episode_016,competitive,rating,random_equation,84,ep016_vendor_066,SwiftFleet066,False,27.59,54,4.85,0.99,3.43,"[0.3642058969558462, 0.005916142877515812, 0.4514964610394257, 0.17838149912721232]"
episode_016,competitive,rating,random_equation,85,ep016_vendor_066,SwiftFleet066,False,27.59,54,4.85,0.99,3.43,"[0.542732606384503, 0.006052192871672496, 0.2075859053905053, 0.24362929535331915]"
episode_016,competitive,rating,random_equation,86,ep016_vendor_039,BlinkNow039,False,30.75,18,3.52,1.23,0.48,"[0.02246618281654101, 0.5138438854254154, 0.0734045509612779, 0.3902853807967656]"
episode_016,competitive,rating,random_equation,87,ep016_vendor_066,SwiftFleet066,False,27.59,54,4.85,0.99,3.43,"[0.5989075314088967, 0.019897906729552727, 0.0811170222014967, 0.30007753966005385]"
episode_016,competitive,rating,random_equation,88,ep016_vendor_098,DashCart098,False,33.78,27,4.52,1.51,13.54,"[0.10245091539362733, 0.3065448597339336, 0.287305738529183, 0.3036984863432561]"
episode_016,competitive,rating,random_equation,89,ep016_vendor_066,SwiftFleet066,False,27.59,54,4.85,0.99,3.43,"[0.11270699257688255, 0.19568621304576672, 0.48481103936292075, 0.20679575501442993]"
episode_016,competitive,rating,random_equation,90,ep016_vendor_072,NoshMeals072,False,33.97,24,4.47,2.43,8.87,"[0.040175054176628866, 0.4425979050678713, 0.4895150689828137, 0.0277119717726862]"
episode_016,competitive,rating,random_equation,91,ep016_vendor_066,SwiftFleet066,False,27.59,54,4.85,0.99,3.43,"[0.3115690597430874, 0.24378742400896558, 0.19992686436641197, 0.24471665188153516]"
episode_016,competitive,rating,random_equation,92,ep016_vendor_066,SwiftFleet066,False,27.59,54,4.85,0.99,3.43,"[0.320568981083031, 0.17359429574704627, 0.1671421910464562, 0.3386945321234665]"
episode_016,competitive,rating,random_equation,93,ep016_vendor_066,SwiftFleet066,False,27.59,54,4.85,0.99,3.43,"[0.1938426530028228, 0.02486641954432996, 0.5038887782102105, 0.27740214924263684]"
episode_016,competitive,rating,random_equation,94,ep016_vendor_066,SwiftFleet066,False,27.59,54,4.85,0.99,3.43,"[0.14923287314617972, 0.08763046354227688, 0.36361531532110397, 0.39952134799043953]"
episode_016,competitive,rating,random_equation,95,ep016_vendor_066,SwiftFleet066,False,27.59,54,4.85,0.99,3.43,"[0.11737098075440608, 0.22236952598088955, 0.31961475728001687, 0.3406447359846876]"
episode_016,competitive,rating,random_equation,96,ep016_vendor_066,SwiftFleet066,False,27.59,54,4.85,0.99,3.43,"[0.1380316192428819, 0.15132027407069173, 0.5182127149171458, 0.19243539176928043]"
episode_016,competitive,rating,random_equation,97,ep016_vendor_000,DoorDash,True,26.94,39,4.04,2.45,8.23,"[0.736528604218127, 0.16099357878357534, 0.0007595781750344576, 0.10171823882326324]"
episode_016,competitive,rating,random_equation,98,ep016_vendor_066,SwiftFleet066,False,27.59,54,4.85,0.99,3.43,"[0.19005480127972516, 0.188056170154882, 0.324359219191491, 0.29752980937390183]"
episode_016,competitive,rating,random_equation,99,ep016_vendor_039,BlinkNow039,False,30.75,18,3.52,1.23,0.48,"[0.03690566195323873, 0.7336395622897884, 0.15166819921294114, 0.07778657654403182]"
episode_017,competitive,balanced,price_first,,ep017_vendor_077,CityNow077,False,24.54,43,3.59,3.95,0.65,
episode_017,competitive,balanced,eta_first,,ep017_vendor_069,DashFleet069,False,27.74,15,4.89,4.25,1.36,
episode_017,competitive,balanced,rating_first,,ep017_vendor_069,DashFleet069,False,27.74,15,4.89,4.25,1.36,
episode_017,competitive,balanced,balanced_equation,,ep017_vendor_069,DashFleet069,False,27.74,15,4.89,4.25,1.36,
episode_017,competitive,balanced,random_equation,0,ep017_vendor_069,DashFleet069,False,27.74,15,4.89,4.25,1.36,"[0.2976770545765459, 0.0621820058794355, 0.5319539437560709, 0.10818699578794778]"
episode_017,competitive,balanced,random_equation,1,ep017_vendor_069,DashFleet069,False,27.74,15,4.89,4.25,1.36,"[0.16948459517776465, 0.2099932525650206, 0.547395946437356, 0.0731262058198588]"
episode_017,competitive,balanced,random_equation,2,ep017_vendor_050,SwiftBite050,False,28.39,18,4.49,2.23,16.21,"[0.3610136294369136, 0.3205531325133305, 0.0786328876535696, 0.23980035039618627]"
episode_017,competitive,balanced,random_equation,3,ep017_vendor_069,DashFleet069,False,27.74,15,4.89,4.25,1.36,"[0.4128676886603722, 0.36812933636942113, 0.1303522567129835, 0.08865071825722314]"
episode_017,competitive,balanced,random_equation,4,ep017_vendor_050,SwiftBite050,False,28.39,18,4.49,2.23,16.21,"[0.10081618380123426, 0.2726993871919814, 0.27555901539406213, 0.3509254136127222]"
episode_017,competitive,balanced,random_equation,5,ep017_vendor_058,SwiftDrop058,False,24.54,49,4.62,1.61,4.88,"[0.2106489826902421, 0.09364951976098462, 0.3984972546164121, 0.2972042429323612]"
episode_017,competitive,balanced,random_equation,6,ep017_vendor_050,SwiftBite050,False,28.39,18,4.49,2.23,16.21,"[0.1768107364568397, 0.1847233959126882, 0.1947804678006929, 0.44368539982977917]"
episode_017,competitive,balanced,random_equation,7,ep017_vendor_069,DashFleet069,False,27.74,15,4.89,4.25,1.36,"[0.41412872325879785, 0.4199357071893966, 0.09050953909692011, 0.07542603045488541]"
episode_017,competitive,balanced,random_equation,8,ep017_vendor_050,SwiftBite050,False,28.39,18,4.49,2.23,16.21,"[0.01786220042035093, 0.2220776722790131, 0.12748703713011397, 0.6325730901705219]"
episode_017,competitive,balanced,random_equation,9,ep017_vendor_058,SwiftDrop058,False,24.54,49,4.62,1.61,4.88,"[0.40740368693004053, 0.02792660249729299, 0.11191148523029962, 0.4527582253423669]"
episode_017,competitive,balanced,random_equation,10,ep017_vendor_069,DashFleet069,False,27.74,15,4.89,4.25,1.36,"[0.010970451539078782, 0.19684337725643114, 0.6804178575260489, 0.11176831367844128]"
episode_017,competitive,balanced,random_equation,11,ep017_vendor_069,DashFleet069,False,27.74,15,4.89,4.25,1.36,"[0.12280208372623722, 0.5939143033054455, 0.17910995621862066, 0.1041736567496967]"
episode_017,competitive,balanced,random_equation,12,ep017_vendor_050,SwiftBite050,False,28.39,18,4.49,2.23,16.21,"[0.11924682862000394, 0.36899559055939196, 0.045626376675608676, 0.46613120414499537]"
episode_017,competitive,balanced,random_equation,13,ep017_vendor_069,DashFleet069,False,27.74,15,4.89,4.25,1.36,"[0.3571418357464659, 0.0703163360074032, 0.5613164960666732, 0.011225332179457802]"
episode_017,competitive,balanced,random_equation,14,ep017_vendor_069,DashFleet069,False,27.74,15,4.89,4.25,1.36,"[0.12913951139587393, 0.1878496118754695, 0.4673957367841274, 0.21561513994452913]"
episode_017,competitive,balanced,random_equation,15,ep017_vendor_058,SwiftDrop058,False,24.54,49,4.62,1.61,4.88,"[0.37821882072354573, 0.1627149575769381, 0.10472847127439741, 0.35433775042511884]"
episode_017,competitive,balanced,random_equation,16,ep017_vendor_058,SwiftDrop058,False,24.54,49,4.62,1.61,4.88,"[0.2857462898147526, 0.03734289522212646, 0.4307681902214045, 0.24614262474171644]"
episode_017,competitive,balanced,random_equation,17,ep017_vendor_069,DashFleet069,False,27.74,15,4.89,4.25,1.36,"[0.20732546820009287, 0.5012402332477904, 0.15088977051838146, 0.14054452803373513]"
episode_017,competitive,balanced,random_equation,18,ep017_vendor_069,DashFleet069,False,27.74,15,4.89,4.25,1.36,"[0.43031475639942757, 0.2833064732987914, 0.2860689786071569, 0.00030979169462401474]"
episode_017,competitive,balanced,random_equation,19,ep017_vendor_069,DashFleet069,False,27.74,15,4.89,4.25,1.36,"[0.054648738129528016, 0.7081184276961981, 0.1340712858648591, 0.10316154830941472]"
episode_017,competitive,balanced,random_equation,20,ep017_vendor_069,DashFleet069,False,27.74,15,4.89,4.25,1.36,"[0.019507530394236024, 0.8962478634317362, 0.07472304364168787, 0.009521562532339765]"
episode_017,competitive,balanced,random_equation,21,ep017_vendor_069,DashFleet069,False,27.74,15,4.89,4.25,1.36,"[0.15109180842669287, 0.6294154067181542, 0.16066783471314244, 0.0588249501420105]"
episode_017,competitive,balanced,random_equation,22,ep017_vendor_058,SwiftDrop058,False,24.54,49,4.62,1.61,4.88,"[0.1764725617717534, 0.04746610648247152, 0.07994785432488492, 0.6961134774208902]"
episode_017,competitive,balanced,random_equation,23,ep017_vendor_035,GoHub035,False,27.86,24,3.52,1.14,7.76,"[0.03243686841295213, 0.1356620426948402, 0.07084834859356333, 0.7610527402986443]"
episode_017,competitive,balanced,random_equation,24,ep017_vendor_096,FeastRunner096,False,26.97,60,4.76,1.33,3.56,"[0.13822807353107983, 0.004664799145827696, 0.5415138624689199, 0.31559326485417255]"
episode_017,competitive,balanced,random_equation,25,ep017_vendor_035,GoHub035,False,27.86,24,3.52,1.14,7.76,"[0.042284872450064445, 0.1504220443255335, 0.10935833155863155, 0.6979347516657705]"
episode_017,competitive,balanced,random_equation,26,ep017_vendor_069,DashFleet069,False,27.74,15,4.89,4.25,1.36,"[0.3294470577771153, 0.3479111706327477, 0.19101529637358658, 0.13162647521655038]"
episode_017,competitive,balanced,random_equation,27,ep017_vendor_035,GoHub035,False,27.86,24,3.52,1.14,7.76,"[0.024412618610334585, 0.36141904787262935, 0.060749136756362315, 0.5534191967606737]"
episode_017,competitive,balanced,random_equation,28,ep017_vendor_035,GoHub035,False,27.86,24,3.52,1.14,7.76,"[0.12972904571972063, 0.08508260883211663, 0.06543466803599564, 0.7197536774121671]"
episode_017,competitive,balanced,random_equation,29,ep017_vendor_096,FeastRunner096,False,26.97,60,4.76,1.33,3.56,"[0.0010582836284989683, 0.057074311023483176, 0.30341020895068166, 0.6384571963973361]"
episode_017,competitive,balanced,random_equation,30,ep017_vendor_058,SwiftDrop058,False,24.54,49,4.62,1.61,4.88,"[0.5691267922813423, 0.1473970502404804, 0.03686896056508716, 0.24660719691309016]"
episode_017,competitive,balanced,random_equation,31,ep017_vendor_058,SwiftDrop058,False,24.54,49,4.62,1.61,4.88,"[0.24944961204630445, 0.10983219560074378, 0.36956304421156877, 0.2711551481413829]"
episode_017,competitive,balanced,random_equation,32,ep017_vendor_069,DashFleet069,False,27.74,15,4.89,4.25,1.36,"[0.2581004395389152, 0.5521723252364451, 0.1347361305777254, 0.05499110464691431]"
episode_017,competitive,balanced,random_equation,33,ep017_vendor_069,DashFleet069,False,27.74,15,4.89,4.25,1.36,"[0.18119547416975737, 0.17042829816778948, 0.6188319965770881, 0.029544231085365073]"
episode_017,competitive,balanced,random_equation,34,ep017_vendor_069,DashFleet069,False,27.74,15,4.89,4.25,1.36,"[0.2120701624446267, 0.3689848059290327, 0.3939924417739817, 0.024952589852358785]"
episode_017,competitive,balanced,random_equation,35,ep017_vendor_069,DashFleet069,False,27.74,15,4.89,4.25,1.36,"[0.08047839448980887, 0.2701272769139471, 0.647215611806595, 0.0021787167896489194]"
episode_017,competitive,balanced,random_equation,36,ep017_vendor_069,DashFleet069,False,27.74,15,4.89,4.25,1.36,"[0.16199587167478657, 0.4806429586140477, 0.3100433108769402, 0.04731785883422567]"
episode_017,competitive,balanced,random_equation,37,ep017_vendor_069,DashFleet069,False,27.74,15,4.89,4.25,1.36,"[0.21077313764872913, 0.3020654091059302, 0.3948701103101726, 0.09229134293516811]"
episode_017,competitive,balanced,random_equation,38,ep017_vendor_069,DashFleet069,False,27.74,15,4.89,4.25,1.36,"[0.15370839566320274, 0.695596388951939, 0.13683227778570115, 0.013862937599157259]"
episode_017,competitive,balanced,random_equation,39,ep017_vendor_058,SwiftDrop058,False,24.54,49,4.62,1.61,4.88,"[0.3186272009006202, 0.16176801158389134, 0.1659294986338657, 0.3536752888816228]"
episode_017,competitive,balanced,random_equation,40,ep017_vendor_058,SwiftDrop058,False,24.54,49,4.62,1.61,4.88,"[0.11812168462496392, 0.11862577652367173, 0.404812473847374, 0.3584400650039904]"
episode_017,competitive,balanced,random_equation,41,ep017_vendor_096,FeastRunner096,False,26.97,60,4.76,1.33,3.56,"[0.1749088801190254, 0.009470343279023453, 0.6264575007424183, 0.18916327585953283]"
episode_017,competitive,balanced,random_equation,42,ep017_vendor_058,SwiftDrop058,False,24.54,49,4.62,1.61,4.88,"[0.42959838417689133, 0.06099243864552338, 0.02500347624511555, 0.4844057009324698]"
episode_017,competitive,balanced,random_equation,43,ep017_vendor_058,SwiftDrop058,False,24.54,49,4.62,1.61,4.88,"[0.19151988248221632, 0.1574492955241541, 0.25214879772334564, 0.3988820242702839]"
episode_017,competitive,balanced,random_equation,44,ep017_vendor_058,SwiftDrop058,False,24.54,49,4.62,1.61,4.88,"[0.31873863548057674, 0.09301273783810826, 0.20365781981164038, 0.3845908068696747]"
episode_017,competitive,balanced,random_equation,45,ep017_vendor_058,SwiftDrop058,False,24.54,49,4.62,1.61,4.88,"[0.6187903770858908, 0.01365883222312529, 0.3659500760999532, 0.0016007145910307003]"
episode_017,competitive,balanced,random_equation,46,ep017_vendor_058,SwiftDrop058,False,24.54,49,4.62,1.61,4.88,"[0.4763573783062586, 0.025868429851968845, 0.01758899071105617, 0.48018520113071633]"
episode_017,competitive,balanced,random_equation,47,ep017_vendor_069,DashFleet069,False,27.74,15,4.89,4.25,1.36,"[0.13298978251961102, 0.3804880710037353, 0.4231517918876592, 0.06337035458899457]"
episode_017,competitive,balanced,random_equation,48,ep017_vendor_069,DashFleet069,False,27.74,15,4.89,4.25,1.36,"[0.10835478722585615, 0.017012729242549138, 0.7389763834731329, 0.13565610005846185]"
episode_017,competitive,balanced,random_equation,49,ep017_vendor_058,SwiftDrop058,False,24.54,49,4.62,1.61,4.88,"[0.3170529887529517, 0.0014339331841349762, 0.18957097809323475, 0.4919420999696786]"
episode_017,competitive,balanced,random_equation,50,ep017_vendor_069,DashFleet069,False,27.74,15,4.89,4.25,1.36,"[0.21212884964930492, 0.22495903180752289, 0.262434930186524, 0.3004771883566483]"
episode_017,competitive,balanced,random_equation,51,ep017_vendor_058,SwiftDrop058,False,24.54,49,4.62,1.61,4.88,"[0.3015198323541437, 0.12368675889311706, 0.3463349307220564, 0.22845847803068284]"
episode_017,competitive,balanced,random_equation,52,ep017_vendor_050,SwiftBite050,False,28.39,18,4.49,2.23,16.21,"[0.28237770931616113, 0.32274319059027073, 0.07404708854609177, 0.3208320115474765]"
episode_017,competitive,balanced,random_equation,53,ep017_vendor_069,DashFleet069,False,27.74,15,4.89,4.25,1.36,"[0.08215195253552897, 0.24257883429108773, 0.6648039615706397, 0.010465251602743683]"
episode_017,competitive,balanced,random_equation,54,ep017_vendor_069,DashFleet069,False,27.74,15,4.89,4.25,1.36,"[0.3069931418172033, 0.1439816169735581, 0.40404833244865523, 0.14497690876058347]"
episode_017,competitive,balanced,random_equation,55,ep017_vendor_069,DashFleet069,False,27.74,15,4.89,4.25,1.36,"[0.5202070754067204, 0.32460557990768674, 0.11817199399715088, 0.03701535068844189]"
episode_017,competitive,balanced,random_equation,56,ep017_vendor_069,DashFleet069,False,27.74,15,4.89,4.25,1.36,"[0.08761558137904667, 0.11543726832380742, 0.5706514758832338, 0.22629567441391205]"
episode_017,competitive,balanced,random_equation,57,ep017_vendor_096,FeastRunner096,False,26.97,60,4.76,1.33,3.56,"[0.17317860243824035, 0.013655694725428132, 0.5108647393186737, 0.30230096351765784]"
episode_017,competitive,balanced,random_equation,58,ep017_vendor_069,DashFleet069,False,27.74,15,4.89,4.25,1.36,"[0.37777423050752107, 0.2441784743237239, 0.14933858156664367, 0.22870871360211129]"
episode_017,competitive,balanced,random_equation,59,ep017_vendor_069,DashFleet069,False,27.74,15,4.89,4.25,1.36,"[0.1203797346960484, 0.6525071461146577, 0.07876259587520609, 0.14835052331408785]"
episode_017,competitive,balanced,random_equation,60,ep017_vendor_058,SwiftDrop058,False,24.54,49,4.62,1.61,4.88,"[0.14705627474567656, 0.09034280731001486, 0.3735110871610038, 0.3890898307833047]"
episode_017,competitive,balanced,random_equation,61,ep017_vendor_050,SwiftBite050,False,28.39,18,4.49,2.23,16.21,"[0.24535157922612974, 0.261123717081911, 0.145876067866072, 0.3476486358258874]"
episode_017,competitive,balanced,random_equation,62,ep017_vendor_069,DashFleet069,False,27.74,15,4.89,4.25,1.36,"[0.1570451608408794, 0.25570702753300856, 0.5426872175856288, 0.04456059404048339]"
episode_017,competitive,balanced,random_equation,63,ep017_vendor_069,DashFleet069,False,27.74,15,4.89,4.25,1.36,"[0.030720768471207242, 0.6559905364060283, 0.14565252958954106, 0.16763616553322344]"
episode_017,competitive,balanced,random_equation,64,ep017_vendor_069,DashFleet069,False,27.74,15,4.89,4.25,1.36,"[0.08249643584308454, 0.07089802873976905, 0.6082039995354366, 0.23840153588170984]"
episode_017,competitive,balanced,random_equation,65,ep017_vendor_069,DashFleet069,False,27.74,15,4.89,4.25,1.36,"[0.17298029787367952, 0.6531870756901533, 0.1003772412198153, 0.07345538521635174]"
episode_017,competitive,balanced,random_equation,66,ep017_vendor_069,DashFleet069,False,27.74,15,4.89,4.25,1.36,"[0.406730005288618, 0.40130876996041276, 0.16938671857963236, 0.02257450617133683]"
episode_017,competitive,balanced,random_equation,67,ep017_vendor_058,SwiftDrop058,False,24.54,49,4.62,1.61,4.88,"[0.25986947790719894, 0.10794114426636318, 0.27770573237414903, 0.35448364545228894]"
episode_017,competitive,balanced,random_equation,68,ep017_vendor_096,FeastRunner096,False,26.97,60,4.76,1.33,3.56,"[0.0006356256500695285, 0.10631594159591196, 0.20521406223918226, 0.6878343705148362]"
episode_017,competitive,balanced,random_equation,69,ep017_vendor_069,DashFleet069,False,27.74,15,4.89,4.25,1.36,"[0.2500557343929351, 0.5227398627740049, 0.2240026025813171, 0.0032018002517429727]"
episode_017,competitive,balanced,random_equation,70,ep017_vendor_058,SwiftDrop058,False,24.54,49,4.62,1.61,4.88,"[0.4131949049743008, 0.05726717274327961, 0.37600810784231886, 0.15352981444010075]"
episode_017,competitive,balanced,random_equation,71,ep017_vendor_069,DashFleet069,False,27.74,15,4.89,4.25,1.36,"[0.08890659619324412, 0.904581888371907, 0.005203419190852975, 0.0013080962439959447]"
episode_017,competitive,balanced,random_equation,72,ep017_vendor_069,DashFleet069,False,27.74,15,4.89,4.25,1.36,"[0.03655202475776459, 0.41059769248866956, 0.47296985301150757, 0.07988042974205825]"
episode_017,competitive,balanced,random_equation,73,ep017_vendor_069,DashFleet069,False,27.74,15,4.89,4.25,1.36,"[0.2429219607964754, 0.31007302698625183, 0.4095737822468206, 0.03743122997045213]"
episode_017,competitive,balanced,random_equation,74,ep017_vendor_069,DashFleet069,False,27.74,15,4.89,4.25,1.36,"[0.22179303433496003, 0.6108091805628486, 0.061419441726262486, 0.10597834337592892]"
episode_017,competitive,balanced,random_equation,75,ep017_vendor_050,SwiftBite050,False,28.39,18,4.49,2.23,16.21,"[0.0415403240207946, 0.3110475655527922, 0.11454420533472985, 0.5328679050916834]"
episode_017,competitive,balanced,random_equation,76,ep017_vendor_058,SwiftDrop058,False,24.54,49,4.62,1.61,4.88,"[0.21841764481095316, 0.14496974784993596, 0.14976176750141348, 0.48685083983769745]"
episode_017,competitive,balanced,random_equation,77,ep017_vendor_069,DashFleet069,False,27.74,15,4.89,4.25,1.36,"[0.1728166153342311, 0.5882240649831026, 0.2325622232912933, 0.006397096391372924]"
episode_017,competitive,balanced,random_equation,78,ep017_vendor_058,SwiftDrop058,False,24.54,49,4.62,1.61,4.88,"[0.6860004230478198, 0.033935497232145, 0.061888301027507774, 0.21817577869252733]"
episode_017,competitive,balanced,random_equation,79,ep017_vendor_058,SwiftDrop058,False,24.54,49,4.62,1.61,4.88,"[0.6005164702268622, 0.05026350036340669, 0.3458095967166955, 0.003410432693035856]"
episode_017,competitive,balanced,random_equation,80,ep017_vendor_069,DashFleet069,False,27.74,15,4.89,4.25,1.36,"[0.10604571213602199, 0.60086502510026, 0.18985719274274532, 0.10323207002097282]"
episode_017,competitive,balanced,random_equation,81,ep017_vendor_058,SwiftDrop058,False,24.54,49,4.62,1.61,4.88,"[0.40751226026378284, 0.22351802208885668, 0.12362159359286207, 0.24534812405449838]"
episode_017,competitive,balanced,random_equation,82,ep017_vendor_050,SwiftBite050,False,28.39,18,4.49,2.23,16.21,"[0.28034156179147335, 0.25918532861192023, 0.10460383926669113, 0.3558692703299153]"
episode_017,competitive,balanced,random_equation,83,ep017_vendor_037,DashNow037,False,28.78,15,4.25,2.79,11.3,"[0.07935053967671926, 0.7001030463176905, 0.06335940302559374, 0.15718701097999652]"
episode_017,competitive,balanced,random_equation,84,ep017_vendor_035,GoHub035,False,27.86,24,3.52,1.14,7.76,"[0.08190970488127722, 0.22117599023745677, 0.0943283680527886, 0.6025859368284774]"
episode_017,competitive,balanced,random_equation,85,ep017_vendor_050,SwiftBite050,False,28.39,18,4.49,2.23,16.21,"[0.09420349784293594, 0.2961720772844393, 0.12127454301898485, 0.4883498818536399]"
episode_017,competitive,balanced,random_equation,86,ep017_vendor_069,DashFleet069,False,27.74,15,4.89,4.25,1.36,"[0.1884305811971948, 0.3091515519248734, 0.2589652960532673, 0.2434525708246644]"
episode_017,competitive,balanced,random_equation,87,ep017_vendor_069,DashFleet069,False,27.74,15,4.89,4.25,1.36,"[0.04434152343436223, 0.21969494372734005, 0.38135478030141057, 0.3546087525368871]"
episode_017,competitive,balanced,random_equation,88,ep017_vendor_069,DashFleet069,False,27.74,15,4.89,4.25,1.36,"[0.2558191820220377, 0.5117217236399365, 0.048324472907987956, 0.18413462143003795]"
episode_017,competitive,balanced,random_equation,89,ep017_vendor_058,SwiftDrop058,False,24.54,49,4.62,1.61,4.88,"[0.5017627170395271, 0.024901772973516863, 0.3910573468322872, 0.08227816315466878]"
episode_017,competitive,balanced,random_equation,90,ep017_vendor_069,DashFleet069,False,27.74,15,4.89,4.25,1.36,"[0.47746239518614564, 0.4007246111132811, 0.07079404863133086, 0.05101894506924252]"
episode_017,competitive,balanced,random_equation,91,ep017_vendor_050,SwiftBite050,False,28.39,18,4.49,2.23,16.21,"[0.18441765557916065, 0.4289461892927278, 0.034380149875830414, 0.3522560052522812]"
episode_017,competitive,balanced,random_equation,92,ep017_vendor_058,SwiftDrop058,False,24.54,49,4.62,1.61,4.88,"[0.3232062817091285, 0.09227284425528709, 0.30868958991964146, 0.2758312841159429]"
episode_017,competitive,balanced,random_equation,93,ep017_vendor_058,SwiftDrop058,False,24.54,49,4.62,1.61,4.88,"[0.3236325440904582, 0.20322987861660932, 0.09127421984003023, 0.38186335745290223]"
episode_017,competitive,balanced,random_equation,94,ep017_vendor_069,DashFleet069,False,27.74,15,4.89,4.25,1.36,"[0.06253068506445822, 0.3432481364995253, 0.5907980152939007, 0.0034231631421157054]"
episode_017,competitive,balanced,random_equation,95,ep017_vendor_069,DashFleet069,False,27.74,15,4.89,4.25,1.36,"[0.09667311590467809, 0.059886954189154136, 0.7667500766640519, 0.07668985324211573]"
episode_017,competitive,balanced,random_equation,96,ep017_vendor_069,DashFleet069,False,27.74,15,4.89,4.25,1.36,"[0.03354760982358929, 0.7984433269108042, 0.06728553051811229, 0.10072353274749424]"
episode_017,competitive,balanced,random_equation,97,ep017_vendor_069,DashFleet069,False,27.74,15,4.89,4.25,1.36,"[0.15314562341681054, 0.3501486189631206, 0.37457013749842427, 0.12213562012164451]"
episode_017,competitive,balanced,random_equation,98,ep017_vendor_069,DashFleet069,False,27.74,15,4.89,4.25,1.36,"[0.22660555969375035, 0.23222761119067517, 0.47364604751513245, 0.06752078160044206]"
episode_017,competitive,balanced,random_equation,99,ep017_vendor_050,SwiftBite050,False,28.39,18,4.49,2.23,16.21,"[0.13243524454471975, 0.27883863567772305, 0.2080151039277487, 0.3807110158498086]"
episode_018,competitive,balanced,price_first,,ep018_vendor_041,NoshRunner041,False,47.23,19,2.84,3.48,7.33,
episode_018,competitive,balanced,eta_first,,ep018_vendor_036,RocketDrop036,False,50.04,15,3.52,2.1,3.9,
episode_018,competitive,balanced,rating_first,,ep018_vendor_054,SwiftRunner054,False,52.58,44,4.84,3.85,10.4,
episode_018,competitive,balanced,balanced_equation,,ep018_vendor_083,BlinkRunner083,False,48.24,21,4.6,2.15,11.16,
episode_018,competitive,balanced,random_equation,0,ep018_vendor_083,BlinkRunner083,False,48.24,21,4.6,2.15,11.16,"[0.2813828422612514, 0.29134915550355495, 0.058928616143985146, 0.3683393860912086]"
episode_018,competitive,balanced,random_equation,1,ep018_vendor_083,BlinkRunner083,False,48.24,21,4.6,2.15,11.16,"[0.1691167558022524, 0.08827203593741474, 0.3799955552911344, 0.3626156529691985]"
episode_018,competitive,balanced,random_equation,2,ep018_vendor_083,BlinkRunner083,False,48.24,21,4.6,2.15,11.16,"[0.3488345200786694, 0.20363130170157698, 0.00984061031368057, 0.43769356790607317]"
episode_018,competitive,balanced,random_equation,3,ep018_vendor_083,BlinkRunner083,False,48.24,21,4.6,2.15,11.16,"[0.15210535491625266, 0.00450982804692225, 0.30227202667733244, 0.5411127903594926]"
episode_018,competitive,balanced,random_equation,4,ep018_vendor_040,CityHub040,False,51.5,16,4.49,1.47,17.32,"[0.10162762669543093, 0.009463548989747217, 0.24159584194747435, 0.6473129823673475]"
episode_018,competitive,balanced,random_equation,5,ep018_vendor_083,BlinkRunner083,False,48.24,21,4.6,2.15,11.16,"[0.30224499405720395, 0.011367928288865417, 0.23553766796026318, 0.45084940969366744]"
episode_018,competitive,balanced,random_equation,6,ep018_vendor_083,BlinkRunner083,False,48.24,21,4.6,2.15,11.16,"[0.09293833405235893, 0.3136860554909956, 0.5452658776486502, 0.04810973280799524]"
episode_018,competitive,balanced,random_equation,7,ep018_vendor_083,BlinkRunner083,False,48.24,21,4.6,2.15,11.16,"[0.2001161373322978, 0.17646059290870614, 0.297524497091988, 0.325898772667008]"
episode_018,competitive,balanced,random_equation,8,ep018_vendor_038,QuickExpress038,False,47.37,21,4.48,4.67,0.46,"[0.4988418747850363, 0.3882718936601608, 0.07208998626458568, 0.0407962452902173]"
episode_018,competitive,balanced,random_equation,9,ep018_vendor_083,BlinkRunner083,False,48.24,21,4.6,2.15,11.16,"[0.27384776973844194, 0.055483491785316356, 0.5823165576895564, 0.0883521807866853]"
episode_018,competitive,balanced,random_equation,10,ep018_vendor_083,BlinkRunner083,False,48.24,21,4.6,2.15,11.16,"[0.2640054905521258, 0.11600544268607364, 0.06528620294829447, 0.5547028638135061]"
episode_018,competitive,balanced,random_equation,11,ep018_vendor_083,BlinkRunner083,False,48.24,21,4.6,2.15,11.16,"[0.136069169511605, 0.13006002919810405, 0.4477034538162967, 0.2861673474739942]"
episode_018,competitive,balanced,random_equation,12,ep018_vendor_083,BlinkRunner083,False,48.24,21,4.6,2.15,11.16,"[0.34365493535529085, 0.13518762719109367, 0.12650905362970222, 0.3946483838239134]"
episode_018,competitive,balanced,random_equation,13,ep018_vendor_040,CityHub040,False,51.5,16,4.49,1.47,17.32,"[0.026205022461590084, 0.4100694989148417, 0.1702342874399397, 0.39349119118362846]"
episode_018,competitive,balanced,random_equation,14,ep018_vendor_083,BlinkRunner083,False,48.24,21,4.6,2.15,11.16,"[0.4368189559558614, 0.02078693347855641, 0.20922647015797374, 0.3331676404076084]"
episode_018,competitive,balanced,random_equation,15,ep018_vendor_040,CityHub040,False,51.5,16,4.49,1.47,17.32,"[0.12005164538030574, 0.23796280385841617, 0.11268772856724896, 0.5292978221940291]"
episode_018,competitive,balanced,random_equation,16,ep018_vendor_083,BlinkRunner083,False,48.24,21,4.6,2.15,11.16,"[0.11600570096732961, 0.28521720243224313, 0.4668861103691998, 0.13189098623122741]"
episode_018,competitive,balanced,random_equation,17,ep018_vendor_083,BlinkRunner083,False,48.24,21,4.6,2.15,11.16,"[0.21012148659832808, 0.23495139520080605, 0.15571331304088734, 0.3992138051599785]"
episode_018,competitive,balanced,random_equation,18,ep018_vendor_083,BlinkRunner083,False,48.24,21,4.6,2.15,11.16,"[0.6273023545176627, 0.06800557768185647, 0.052694329650068324, 0.2519977381504126]"
episode_018,competitive,balanced,random_equation,19,ep018_vendor_038,QuickExpress038,False,47.37,21,4.48,4.67,0.46,"[0.7184211578613319, 0.011950048584837133, 0.16844867577517, 0.10118011777866107]"
episode_018,competitive,balanced,random_equation,20,ep018_vendor_083,BlinkRunner083,False,48.24,21,4.6,2.15,11.16,"[0.15840286247952992, 0.1875127776383652, 0.2997202926059501, 0.3543640672761548]"
episode_018,competitive,balanced,random_equation,21,ep018_vendor_083,BlinkRunner083,False,48.24,21,4.6,2.15,11.16,"[0.07579401999609449, 0.22891977860729626, 0.5172838124057911, 0.17800238899081827]"
episode_018,competitive,balanced,random_equation,22,ep018_vendor_097,SwiftExpress097,False,49.46,31,4.82,6.19,0.59,"[0.17122199535024807, 0.0785437550208363, 0.6988589337136317, 0.051375315915283874]"
episode_018,competitive,balanced,random_equation,23,ep018_vendor_083,BlinkRunner083,False,48.24,21,4.6,2.15,11.16,"[0.591307755979005, 0.2138495478644511, 0.03003500091502592, 0.16480769524151792]"
episode_018,competitive,balanced,random_equation,24,ep018_vendor_083,BlinkRunner083,False,48.24,21,4.6,2.15,11.16,"[0.34288031080863207, 0.13383912316356594, 0.12184117331489361, 0.40143939271290846]"
episode_018,competitive,balanced,random_equation,25,ep018_vendor_040,CityHub040,False,51.5,16,4.49,1.47,17.32,"[0.033106901238776965, 0.6567936020623794, 0.21522547397227498, 0.09487402272656875]"
episode_018,competitive,balanced,random_equation,26,ep018_vendor_040,CityHub040,False,51.5,16,4.49,1.47,17.32,"[0.013069768245659833, 0.5061373648758787, 0.14199170801983263, 0.3388011588586288]"
episode_018,competitive,balanced,random_equation,27,ep018_vendor_083,BlinkRunner083,False,48.24,21,4.6,2.15,11.16,"[0.40261698490235925, 0.009848375744968241, 0.26196996339648676, 0.3255646759561856]"
episode_018,competitive,balanced,random_equation,28,ep018_vendor_038,QuickExpress038,False,47.37,21,4.48,4.67,0.46,"[0.6520222039812154, 0.17425332033479177, 0.1013835346460685, 0.07234094103792428]"
episode_018,competitive,balanced,random_equation,29,ep018_vendor_083,BlinkRunner083,False,48.24,21,4.6,2.15,11.16,"[0.19973441480846424, 0.32748337798844357, 0.4540247942026837, 0.01875741300040857]"
episode_018,competitive,balanced,random_equation,30,ep018_vendor_083,BlinkRunner083,False,48.24,21,4.6,2.15,11.16,"[0.2276344445254303, 0.2816022656705352, 0.48197601236774745, 0.008787277436287004]"
episode_018,competitive,balanced,random_equation,31,ep018_vendor_083,BlinkRunner083,False,48.24,21,4.6,2.15,11.16,"[0.5339034495344015, 0.01638424508513534, 0.097702710151076, 0.35200959522938713]"
episode_018,competitive,balanced,random_equation,32,ep018_vendor_038,QuickExpress038,False,47.37,21,4.48,4.67,0.46,"[0.47645211672239834, 0.38731860130649903, 0.08196159217637006, 0.05426768979473253]"
episode_018,competitive,balanced,random_equation,33,ep018_vendor_083,BlinkRunner083,False,48.24,21,4.6,2.15,11.16,"[0.42813308793733107, 0.2442821734345281, 0.21238968000184555, 0.11519505862629538]"
episode_018,competitive,balanced,random_equation,34,ep018_vendor_083,BlinkRunner083,False,48.24,21,4.6,2.15,11.16,"[0.3698279632243398, 0.1472233949623179, 0.12963116149750806, 0.3533174803158342]"
episode_018,competitive,balanced,random_equation,35,ep018_vendor_083,BlinkRunner083,False,48.24,21,4.6,2.15,11.16,"[0.19709421491192994, 0.4109893542243458, 0.2914226811168973, 0.100493749746827]"
episode_018,competitive,balanced,random_equation,36,ep018_vendor_040,CityHub040,False,51.5,16,4.49,1.47,17.32,"[0.002128218387923318, 0.5026212237405614, 0.4310851210370606, 0.06416543683445464]"
episode_018,competitive,balanced,random_equation,37,ep018_vendor_040,CityHub040,False,51.5,16,4.49,1.47,17.32,"[0.057953613805388514, 0.5709119271626697, 0.009671931043938814, 0.36146252798800294]"
episode_018,competitive,balanced,random_equation,38,ep018_vendor_036,RocketDrop036,False,50.04,15,3.52,2.1,3.9,"[0.24911594852604016, 0.5507298248797181, 0.010862865427883842, 0.1892913611663578]"
episode_018,competitive,balanced,random_equation,39,ep018_vendor_040,CityHub040,False,51.5,16,4.49,1.47,17.32,"[0.0800230609056094, 0.09944339688135254, 0.31044072636313375, 0.5100928158499043]"
episode_018,competitive,balanced,random_equation,40,ep018_vendor_040,CityHub040,False,51.5,16,4.49,1.47,17.32,"[0.11902066180063399, 0.5553226533090425, 0.11220628876151642, 0.21345039612880695]"
episode_018,competitive,balanced,random_equation,41,ep018_vendor_083,BlinkRunner083,False,48.24,21,4.6,2.15,11.16,"[0.2615314449699835, 0.3260961913428744, 0.23089738454546302, 0.18147497914167895]"
episode_018,competitive,balanced,random_equation,42,ep018_vendor_083,BlinkRunner083,False,48.24,21,4.6,2.15,11.16,"[0.08595313815119776, 0.11427080568508859, 0.4164297950318418, 0.38334626113187187]"
episode_018,competitive,balanced,random_equation,43,ep018_vendor_040,CityHub040,False,51.5,16,4.49,1.47,17.32,"[0.05676511512831285, 0.3544439277557578, 0.3432695728322097, 0.2455213842837197]"
episode_018,competitive,balanced,random_equation,44,ep018_vendor_083,BlinkRunner083,False,48.24,21,4.6,2.15,11.16,"[0.24134676687962447, 0.02273769765806658, 0.24607075840350798, 0.48984477705880103]"
episode_018,competitive,balanced,random_equation,45,ep018_vendor_099,GoDrop099,False,49.17,26,4.72,3.44,2.44,"[0.031570274673914066, 0.20521842482991678, 0.6574029848204657, 0.10580831567570356]"
episode_018,competitive,balanced,random_equation,46,ep018_vendor_083,BlinkRunner083,False,48.24,21,4.6,2.15,11.16,"[0.2460701225701428, 0.02344036582772322, 0.4494556202724767, 0.2810338913296573]"
episode_018,competitive,balanced,random_equation,47,ep018_vendor_083,BlinkRunner083,False,48.24,21,4.6,2.15,11.16,"[0.34416970489106113, 0.4186072601581718, 0.12750557718113895, 0.10971745776962816]"
episode_018,competitive,balanced,random_equation,48,ep018_vendor_083,BlinkRunner083,False,48.24,21,4.6,2.15,11.16,"[0.18511279419460575, 0.414209662500614, 0.3304302066018782, 0.07024733670290206]"
episode_018,competitive,balanced,random_equation,49,ep018_vendor_083,BlinkRunner083,False,48.24,21,4.6,2.15,11.16,"[0.2385703400273314, 0.24278666968040657, 0.3291176571401294, 0.18952533315213263]"
episode_018,competitive,balanced,random_equation,50,ep018_vendor_040,CityHub040,False,51.5,16,4.49,1.47,17.32,"[0.030084413112569226, 0.22071502904268117, 0.0925851834850131, 0.6566153743597365]"
episode_018,competitive,balanced,random_equation,51,ep018_vendor_083,BlinkRunner083,False,48.24,21,4.6,2.15,11.16,"[0.14774639368167572, 0.5047938771035941, 0.29929588659688555, 0.04816384261784452]"
episode_018,competitive,balanced,random_equation,52,ep018_vendor_097,SwiftExpress097,False,49.46,31,4.82,6.19,0.59,"[0.00962486826090029, 0.23484741318442282, 0.7457145344565819, 0.00981318409809495]"
episode_018,competitive,balanced,random_equation,53,ep018_vendor_083,BlinkRunner083,False,48.24,21,4.6,2.15,11.16,"[0.34346100113636646, 0.2833290658203018, 0.21530218860377237, 0.15790774443955946]"
episode_018,competitive,balanced,random_equation,54,ep018_vendor_057,RocketLane057,False,51.35,21,4.16,1.07,11.48,"[0.011863334082838874, 0.21240708698058414, 0.05792239701346908, 0.7178071819231079]"
episode_018,competitive,balanced,random_equation,55,ep018_vendor_083,BlinkRunner083,False,48.24,21,4.6,2.15,11.16,"[0.23667337322424445, 0.5718043599733287, 0.13921936469241417, 0.05230290211001266]"
episode_018,competitive,balanced,random_equation,56,ep018_vendor_097,SwiftExpress097,False,49.46,31,4.82,6.19,0.59,"[0.19428690579257146, 0.12333653438871642, 0.6630498090896499, 0.01932675072906217]"
episode_018,competitive,balanced,random_equation,57,ep018_vendor_057,RocketLane057,False,51.35,21,4.16,1.07,11.48,"[0.0771269506748186, 0.16319750411539793, 0.09452106326209148, 0.665154481947692]"
episode_018,competitive,balanced,random_equation,58,ep018_vendor_083,BlinkRunner083,False,48.24,21,4.6,2.15,11.16,"[0.13642325542151887, 0.17267429941640744, 0.43352446209652035, 0.2573779830655533]"
episode_018,competitive,balanced,random_equation,59,ep018_vendor_083,BlinkRunner083,False,48.24,21,4.6,2.15,11.16,"[0.4917091615484038, 0.06193582381549435, 0.1538672867256735, 0.29248772791042843]"
episode_018,competitive,balanced,random_equation,60,ep018_vendor_057,RocketLane057,False,51.35,21,4.16,1.07,11.48,"[0.21551528202825562, 0.1660700071068019, 0.03753154268662668, 0.5808831681783156]"
episode_018,competitive,balanced,random_equation,61,ep018_vendor_040,CityHub040,False,51.5,16,4.49,1.47,17.32,"[0.044884685280920864, 0.1803073959104027, 0.3630933208289592, 0.4117145979797172]"
episode_018,competitive,balanced,random_equation,62,ep018_vendor_040,CityHub040,False,51.5,16,4.49,1.47,17.32,"[0.0020964549525411946, 0.19565990008923448, 0.5422420936526172, 0.2600015513056071]"
episode_018,competitive,balanced,random_equation,63,ep018_vendor_040,CityHub040,False,51.5,16,4.49,1.47,17.32,"[0.05462336180638476, 0.34095289780969784, 0.04232570777017674, 0.5620980326137406]"
episode_018,competitive,balanced,random_equation,64,ep018_vendor_083,BlinkRunner083,False,48.24,21,4.6,2.15,11.16,"[0.08559265661271019, 0.1552330141678753, 0.5942241469089409, 0.1649501823104735]"
episode_018,competitive,balanced,random_equation,65,ep018_vendor_040,CityHub040,False,51.5,16,4.49,1.47,17.32,"[0.0725148795651837, 0.2621167662369525, 0.22014028984373818, 0.44522806435412565]"
episode_018,competitive,balanced,random_equation,66,ep018_vendor_083,BlinkRunner083,False,48.24,21,4.6,2.15,11.16,"[0.029944443764236644, 0.10964055723111903, 0.5964544705205691, 0.26396052848407525]"
episode_018,competitive,balanced,random_equation,67,ep018_vendor_083,BlinkRunner083,False,48.24,21,4.6,2.15,11.16,"[0.17758713024782877, 0.17410120245345448, 0.3886414834581123, 0.2596701838406045]"
episode_018,competitive,balanced,random_equation,68,ep018_vendor_083,BlinkRunner083,False,48.24,21,4.6,2.15,11.16,"[0.28002127200120347, 0.07179619781984675, 0.1941814662407563, 0.4540010639381934]"
episode_018,competitive,balanced,random_equation,69,ep018_vendor_040,CityHub040,False,51.5,16,4.49,1.47,17.32,"[0.09193902762297154, 0.35551353224290394, 0.11941238082133163, 0.4331350593127929]"
episode_018,competitive,balanced,random_equation,70,ep018_vendor_036,RocketDrop036,False,50.04,15,3.52,2.1,3.9,"[0.045655643361370186, 0.8425076117542719, 0.02909430616365455, 0.08274243872070328]"
episode_018,competitive,balanced,random_equation,71,ep018_vendor_083,BlinkRunner083,False,48.24,21,4.6,2.15,11.16,"[0.4523418716886973, 0.0961904864202044, 0.04565181387967285, 0.40581582801142546]"
episode_018,competitive,balanced,random_equation,72,ep018_vendor_097,SwiftExpress097,False,49.46,31,4.82,6.19,0.59,"[0.11817282349488864, 0.14747318049778255, 0.6790422928422841, 0.055311703165044745]"
episode_018,competitive,balanced,random_equation,73,ep018_vendor_083,BlinkRunner083,False,48.24,21,4.6,2.15,11.16,"[0.21872469045444784, 0.22921269059983687, 0.33489592709654936, 0.21716669184916576]"
episode_018,competitive,balanced,random_equation,74,ep018_vendor_083,BlinkRunner083,False,48.24,21,4.6,2.15,11.16,"[0.3517093650924386, 0.10430313190606608, 0.17887947004521615, 0.3651080329562791]"
episode_018,competitive,balanced,random_equation,75,ep018_vendor_083,BlinkRunner083,False,48.24,21,4.6,2.15,11.16,"[0.21216655993721742, 0.19118687078973415, 0.3306890352801786, 0.2659575339928698]"
episode_018,competitive,balanced,random_equation,76,ep018_vendor_040,CityHub040,False,51.5,16,4.49,1.47,17.32,"[0.02039740491078373, 0.4783086323620099, 0.16557386518061826, 0.3357200975465881]"
episode_018,competitive,balanced,random_equation,77,ep018_vendor_083,BlinkRunner083,False,48.24,21,4.6,2.15,11.16,"[0.34273164313460325, 0.10344415204650596, 0.4542993266409036, 0.09952487817798723]"
episode_018,competitive,balanced,random_equation,78,ep018_vendor_083,BlinkRunner083,False,48.24,21,4.6,2.15,11.16,"[0.349348010400595, 0.10681660774135968, 0.3680501863656212, 0.17578519549242408]"
episode_018,competitive,balanced,random_equation,79,ep018_vendor_083,BlinkRunner083,False,48.24,21,4.6,2.15,11.16,"[0.18306065992310866, 0.06661417994633446, 0.2380852010134562, 0.5122399591171006]"
episode_018,competitive,balanced,random_equation,80,ep018_vendor_083,BlinkRunner083,False,48.24,21,4.6,2.15,11.16,"[0.5111487626103067, 0.12946007819612554, 0.15606067147173178, 0.20333048772183585]"
episode_018,competitive,balanced,random_equation,81,ep018_vendor_083,BlinkRunner083,False,48.24,21,4.6,2.15,11.16,"[0.24032209670975457, 0.34965337283862297, 0.40188104901642013, 0.008143481435202311]"
episode_018,competitive,balanced,random_equation,82,ep018_vendor_083,BlinkRunner083,False,48.24,21,4.6,2.15,11.16,"[0.4692995302333748, 0.00809249373030863, 0.45033905698440213, 0.07226891905191449]"
episode_018,competitive,balanced,random_equation,83,ep018_vendor_083,BlinkRunner083,False,48.24,21,4.6,2.15,11.16,"[0.5270246327324803, 0.06204497764707098, 0.2978076947745087, 0.11312269484593988]"
episode_018,competitive,balanced,random_equation,84,ep018_vendor_057,RocketLane057,False,51.35,21,4.16,1.07,11.48,"[0.03480674394378993, 0.011189162001649117, 0.17116612476614979, 0.7828379692884111]"
episode_018,competitive,balanced,random_equation,85,ep018_vendor_057,RocketLane057,False,51.35,21,4.16,1.07,11.48,"[0.11785578948019115, 0.26012501950844197, 0.018109754802390847, 0.6039094362089761]"
episode_018,competitive,balanced,random_equation,86,ep018_vendor_040,CityHub040,False,51.5,16,4.49,1.47,17.32,"[0.08756915341339185, 0.23447213915520673, 0.2855300357456235, 0.3924286716857779]"
episode_018,competitive,balanced,random_equation,87,ep018_vendor_083,BlinkRunner083,False,48.24,21,4.6,2.15,11.16,"[0.29286383048357245, 0.3500913690943422, 0.029773316795179663, 0.3272714836269058]"
episode_018,competitive,balanced,random_equation,88,ep018_vendor_040,CityHub040,False,51.5,16,4.49,1.47,17.32,"[0.035472828023002195, 0.4952633595056578, 0.23700425962387667, 0.2322595528474633]"
episode_018,competitive,balanced,random_equation,89,ep018_vendor_040,CityHub040,False,51.5,16,4.49,1.47,17.32,"[0.014418799501083376, 0.47147519257971576, 0.12406523648778686, 0.390040771431414]"
episode_018,competitive,balanced,random_equation,90,ep018_vendor_083,BlinkRunner083,False,48.24,21,4.6,2.15,11.16,"[0.5880842941357152, 0.11298587142227318, 0.1311651487283561, 0.16776468571365555]"
episode_018,competitive,balanced,random_equation,91,ep018_vendor_040,CityHub040,False,51.5,16,4.49,1.47,17.32,"[0.16673769153084178, 0.291716859877262, 0.15692803184640866, 0.38461741674548766]"
episode_018,competitive,balanced,random_equation,92,ep018_vendor_083,BlinkRunner083,False,48.24,21,4.6,2.15,11.16,"[0.07591183555385299, 0.28275337244569176, 0.5740380353408672, 0.06729675665958812]"
episode_018,competitive,balanced,random_equation,93,ep018_vendor_041,NoshRunner041,False,47.23,19,2.84,3.48,7.33,"[0.5698853741972785, 0.29703440823198773, 0.03234643327197771, 0.10073378429875612]"
episode_018,competitive,balanced,random_equation,94,ep018_vendor_083,BlinkRunner083,False,48.24,21,4.6,2.15,11.16,"[0.23348207724803333, 0.033043844967940106, 0.48896776905476463, 0.2445063087292619]"
episode_018,competitive,balanced,random_equation,95,ep018_vendor_040,CityHub040,False,51.5,16,4.49,1.47,17.32,"[0.1930054929763384, 0.36524044077467294, 0.04412090165359648, 0.39763316459539216]"
episode_018,competitive,balanced,random_equation,96,ep018_vendor_083,BlinkRunner083,False,48.24,21,4.6,2.15,11.16,"[0.49718376467203784, 0.06766138608266932, 0.07509359949261626, 0.3600612497526766]"
episode_018,competitive,balanced,random_equation,97,ep018_vendor_083,BlinkRunner083,False,48.24,21,4.6,2.15,11.16,"[0.3923983060541866, 0.05010668895228187, 0.3109714263607287, 0.24652357863280294]"
episode_018,competitive,balanced,random_equation,98,ep018_vendor_040,CityHub040,False,51.5,16,4.49,1.47,17.32,"[0.15976097813598136, 0.09392528213925443, 0.13983182655190998, 0.6064819131728542]"
episode_018,competitive,balanced,random_equation,99,ep018_vendor_083,BlinkRunner083,False,48.24,21,4.6,2.15,11.16,"[0.4814238953034275, 0.18526680756147842, 0.00197572737925739, 0.33133356975583655]"
episode_019,competitive,fast,price_first,,ep019_vendor_061,PrimeFleet061,False,33.32,39,3.16,1.02,1.88,
episode_019,competitive,fast,eta_first,,ep019_vendor_089,SwiftDrop089,False,41.62,16,4.56,5.56,7.31,
episode_019,competitive,fast,rating_first,,ep019_vendor_018,DashFleet018,False,44.82,67,4.9,7.72,5.94,
episode_019,competitive,fast,balanced_equation,,ep019_vendor_011,FeastBite011,False,35.19,18,4.1,2.01,3.24,
episode_019,competitive,fast,random_equation,0,ep019_vendor_022,RocketMeals022,False,36.95,28,4.85,3.25,10.75,"[0.02661332862464833, 0.06410635264466316, 0.8867058523337924, 0.02257446639689601]"
episode_019,competitive,fast,random_equation,1,ep019_vendor_011,FeastBite011,False,35.19,18,4.1,2.01,3.24,"[0.32937535834361065, 0.3651329366345584, 0.18506336141322283, 0.12042834360860821]"
episode_019,competitive,fast,random_equation,2,ep019_vendor_000,DoorDash,True,33.77,26,4.08,3.44,6.96,"[0.5967391702162149, 0.19305073614433574, 0.15116367118566823, 0.05904642245378104]"
episode_019,competitive,fast,random_equation,3,ep019_vendor_062,RocketHub062,False,38.84,22,4.72,1.85,5.47,"[0.004717315914584315, 0.4487936465465076, 0.26986715606781336, 0.2766218814710947]"
episode_019,competitive,fast,random_equation,4,ep019_vendor_061,PrimeFleet061,False,33.32,39,3.16,1.02,1.88,"[0.5461782195061585, 0.013140293375127548, 0.031708156463909065, 0.4089733306548048]"
episode_019,competitive,fast,random_equation,5,ep019_vendor_075,BlinkMeals075,False,37.14,29,4.83,2.18,17.67,"[0.5067472993934928, 0.02119586143897106, 0.348948136569282, 0.12310870259825427]"
episode_019,competitive,fast,random_equation,6,ep019_vendor_011,FeastBite011,False,35.19,18,4.1,2.01,3.24,"[0.39201843215410986, 0.290754696818678, 0.18143186778793988, 0.13579500323927213]"
episode_019,competitive,fast,random_equation,7,ep019_vendor_022,RocketMeals022,False,36.95,28,4.85,3.25,10.75,"[0.24324183825215248, 0.2950022987031745, 0.39560525321448375, 0.06615060983018926]"
episode_019,competitive,fast,random_equation,8,ep019_vendor_014,DashBite014,False,34.0,19,2.94,1.11,5.5,"[0.053630812821157385, 0.04083579553666316, 0.022190115051537226, 0.8833432765906423]"
episode_019,competitive,fast,random_equation,9,ep019_vendor_011,FeastBite011,False,35.19,18,4.1,2.01,3.24,"[0.21865195727158923, 0.46671616404675115, 0.13219202306911193, 0.1824398556125478]"
episode_019,competitive,fast,random_equation,10,ep019_vendor_022,RocketMeals022,False,36.95,28,4.85,3.25,10.75,"[0.4558440488815542, 0.03831849888891958, 0.4689329813146835, 0.03690447091484278]"
episode_019,competitive,fast,random_equation,11,ep019_vendor_062,RocketHub062,False,38.84,22,4.72,1.85,5.47,"[0.09147715317141115, 0.18729205199648663, 0.28190094911473124, 0.4393298457173708]"
episode_019,competitive,fast,random_equation,12,ep019_vendor_014,DashBite014,False,34.0,19,2.94,1.11,5.5,"[0.13389195736459206, 0.7203194563223647, 0.015959771276422577, 0.12982881503662078]"
episode_019,competitive,fast,random_equation,13,ep019_vendor_014,DashBite014,False,34.0,19,2.94,1.11,5.5,"[0.40139217517804743, 0.19563715857724776, 0.057020337499519146, 0.34595032874518566]"
episode_019,competitive,fast,random_equation,14,ep019_vendor_022,RocketMeals022,False,36.95,28,4.85,3.25,10.75,"[0.45963160613789866, 0.15571653869825217, 0.35227452358868805, 0.03237733157516103]"
episode_019,competitive,fast,random_equation,15,ep019_vendor_011,FeastBite011,False,35.19,18,4.1,2.01,3.24,"[0.3115692236456022, 0.35737110448444465, 0.1484260107575855, 0.18263366111236765]"
episode_019,competitive,fast,random_equation,16,ep019_vendor_075,BlinkMeals075,False,37.14,29,4.83,2.18,17.67,"[0.25126986615640406, 0.034650039279914516, 0.6060151335464667, 0.10806496101721462]"
episode_019,competitive,fast,random_equation,17,ep019_vendor_062,RocketHub062,False,38.84,22,4.72,1.85,5.47,"[0.1045842495524282, 0.26430386768208197, 0.11775926091815957, 0.5133526218473303]"
episode_019,competitive,fast,random_equation,18,ep019_vendor_022,RocketMeals022,False,36.95,28,4.85,3.25,10.75,"[0.3893016339267532, 0.034950332141410155, 0.4952777721282697, 0.08047026180356692]"
episode_019,competitive,fast,random_equation,19,ep019_vendor_014,DashBite014,False,34.0,19,2.94,1.11,5.5,"[0.2478077261683068, 0.36329079733645964, 0.032760701397236226, 0.35614077509799735]"
episode_019,competitive,fast,random_equation,20,ep019_vendor_075,BlinkMeals075,False,37.14,29,4.83,2.18,17.67,"[0.022649936790681786, 0.0874153404800394, 0.6740190544489415, 0.21591566828033723]"
episode_019,competitive,fast,random_equation,21,ep019_vendor_014,DashBite014,False,34.0,19,2.94,1.11,5.5,"[0.45885093448022995, 0.3739416427433326, 0.021102381048681333, 0.1461050417277561]"
episode_019,competitive,fast,random_equation,22,ep019_vendor_062,RocketHub062,False,38.84,22,4.72,1.85,5.47,"[0.020160710748916216, 0.23590171576495714, 0.43433009111375975, 0.30960748237236696]"
episode_019,competitive,fast,random_equation,23,ep019_vendor_062,RocketHub062,False,38.84,22,4.72,1.85,5.47,"[0.11185761585797656, 0.14626315502444834, 0.25598903211622887, 0.4858901970013463]"
episode_019,competitive,fast,random_equation,24,ep019_vendor_061,PrimeFleet061,False,33.32,39,3.16,1.02,1.88,"[0.5171862670319138, 0.06784841270022608, 0.043814212006573386, 0.3711511082612868]"
episode_019,competitive,fast,random_equation,25,ep019_vendor_075,BlinkMeals075,False,37.14,29,4.83,2.18,17.67,"[0.0782371768939374, 0.019192891119199185, 0.5776395228261672, 0.32493040916069627]"
episode_019,competitive,fast,random_equation,26,ep019_vendor_062,RocketHub062,False,38.84,22,4.72,1.85,5.47,"[0.10116474383732123, 0.36022554967884896, 0.3086527938615466, 0.2299569126222832]"
episode_019,competitive,fast,random_equation,27,ep019_vendor_014,DashBite014,False,34.0,19,2.94,1.11,5.5,"[0.24260676703388434, 0.3252103318917239, 0.0036340735149034227, 0.4285488275594882]"
episode_019,competitive,fast,random_equation,28,ep019_vendor_074,CityExpress074,False,39.1,26,4.76,1.73,16.72,"[0.10055954112036992, 0.02773074632356863, 0.29888750880964315, 0.5728222037464183]"
episode_019,competitive,fast,random_equation,29,ep019_vendor_014,DashBite014,False,34.0,19,2.94,1.11,5.5,"[0.2898146662099475, 0.10461199378168569, 0.00734561763548799, 0.5982277223728788]"
episode_019,competitive,fast,random_equation,30,ep019_vendor_062,RocketHub062,False,38.84,22,4.72,1.85,5.47,"[0.061197400638106865, 0.18857112155651523, 0.36094921182779827, 0.3892822659775797]"
episode_019,competitive,fast,random_equation,31,ep019_vendor_061,PrimeFleet061,False,33.32,39,3.16,1.02,1.88,"[0.6494453621767458, 0.03794321655492766, 0.06004005127877579, 0.25257136998955093]"
episode_019,competitive,fast,random_equation,32,ep019_vendor_011,FeastBite011,False,35.19,18,4.1,2.01,3.24,"[0.3385165165372119, 0.3283530241654909, 0.17888257933265023, 0.15424787996464684]"
episode_019,competitive,fast,random_equation,33,ep019_vendor_011,FeastBite011,False,35.19,18,4.1,2.01,3.24,"[0.13967814536592188, 0.7298414910159295, 0.058893008387470545, 0.07158735523067798]"
episode_019,competitive,fast,random_equation,34,ep019_vendor_075,BlinkMeals075,False,37.14,29,4.83,2.18,17.67,"[0.14394467386850923, 0.2324311628746928, 0.4957275686433521, 0.12789659461344585]"
episode_019,competitive,fast,random_equation,35,ep019_vendor_075,BlinkMeals075,False,37.14,29,4.83,2.18,17.67,"[0.2911735262908518, 0.1707703627309622, 0.2533976166505333, 0.2846584943276527]"
episode_019,competitive,fast,random_equation,36,ep019_vendor_011,FeastBite011,False,35.19,18,4.1,2.01,3.24,"[0.2357378039841304, 0.6004452208787814, 0.07155968849776667, 0.09225728663932156]"
episode_019,competitive,fast,random_equation,37,ep019_vendor_075,BlinkMeals075,False,37.14,29,4.83,2.18,17.67,"[0.26603672715541515, 0.18471338711317772, 0.26319926392239384, 0.28605062180901325]"
episode_019,competitive,fast,random_equation,38,ep019_vendor_008,BlinkExpress008,False,34.91,37,4.34,2.08,0.98,"[0.5831973983777513, 0.0044700388905392205, 0.16169057752336324, 0.2506419852083461]"
episode_019,competitive,fast,random_equation,39,ep019_vendor_014,DashBite014,False,34.0,19,2.94,1.11,5.5,"[0.2959438055493809, 0.2162866143400672, 0.06048092431759069, 0.4272886557929612]"
episode_019,competitive,fast,random_equation,40,ep019_vendor_062,RocketHub062,False,38.84,22,4.72,1.85,5.47,"[0.13760121649251364, 0.5247601903927167, 0.29198608978324286, 0.0456525033315268]"
episode_019,competitive,fast,random_equation,41,ep019_vendor_022,RocketMeals022,False,36.95,28,4.85,3.25,10.75,"[0.3739137833829701, 0.17834298713188565, 0.3719643525528842, 0.07577887693226004]"
episode_019,competitive,fast,random_equation,42,ep019_vendor_061,PrimeFleet061,False,33.32,39,3.16,1.02,1.88,"[0.019354259498902633, 0.005258254059916778, 0.019678243803243428, 0.9557092426379371]"
episode_019,competitive,fast,random_equation,43,ep019_vendor_000,DoorDash,True,33.77,26,4.08,3.44,6.96,"[0.7536891558179677, 0.00928939990886028, 0.12548743246640515, 0.11153401180676689]"
episode_019,competitive,fast,random_equation,44,ep019_vendor_062,RocketHub062,False,38.84,22,4.72,1.85,5.47,"[0.06104398860275328, 0.42728117135929816, 0.16336629059785432, 0.34830854944009415]"
episode_019,competitive,fast,random_equation,45,ep019_vendor_061,PrimeFleet061,False,33.32,39,3.16,1.02,1.88,"[0.6431003755682847, 0.0012917937213997028, 0.06375128249955968, 0.29185654821075596]"
episode_019,competitive,fast,random_equation,46,ep019_vendor_075,BlinkMeals075,False,37.14,29,4.83,2.18,17.67,"[0.3208530925379225, 0.021561928920484513, 0.4972712846704254, 0.16031369387116756]"
episode_019,competitive,fast,random_equation,47,ep019_vendor_062,RocketHub062,False,38.84,22,4.72,1.85,5.47,"[0.15567312510572515, 0.20990871436382452, 0.22235864766331462, 0.41205951286713566]"
episode_019,competitive,fast,random_equation,48,ep019_vendor_061,PrimeFleet061,False,33.32,39,3.16,1.02,1.88,"[0.18516982422813122, 0.01606785166285962, 0.017404497297555693, 0.7813578268114534]"
episode_019,competitive,fast,random_equation,49,ep019_vendor_014,DashBite014,False,34.0,19,2.94,1.11,5.5,"[0.3058837889855141, 0.4785531567412011, 0.012386425916413623, 0.2031766283568712]"
episode_019,competitive,fast,random_equation,50,ep019_vendor_075,BlinkMeals075,False,37.14,29,4.83,2.18,17.67,"[0.15753591804543454, 0.053082178126822546, 0.6483414742410173, 0.14104042958672552]"
episode_019,competitive,fast,random_equation,51,ep019_vendor_014,DashBite014,False,34.0,19,2.94,1.11,5.5,"[0.38002135139984566, 0.24494872886470867, 0.08135989864676364, 0.2936700210886819]"
episode_019,competitive,fast,random_equation,52,ep019_vendor_011,FeastBite011,False,35.19,18,4.1,2.01,3.24,"[0.11708251563816773, 0.549708437452102, 0.07861422829068773, 0.2545948186190426]"
episode_019,competitive,fast,random_equation,53,ep019_vendor_011,FeastBite011,False,35.19,18,4.1,2.01,3.24,"[0.14742737345049356, 0.5579715267854298, 0.23444230391236456, 0.060158795851712035]"
episode_019,competitive,fast,random_equation,54,ep019_vendor_011,FeastBite011,False,35.19,18,4.1,2.01,3.24,"[0.34008549201127963, 0.28742673964021104, 0.19436497371399034, 0.17812279463451905]"
episode_019,competitive,fast,random_equation,55,ep019_vendor_011,FeastBite011,False,35.19,18,4.1,2.01,3.24,"[0.13989233736205914, 0.7179188424637506, 0.10425292905918995, 0.037935891115000495]"
episode_019,competitive,fast,random_equation,56,ep019_vendor_011,FeastBite011,False,35.19,18,4.1,2.01,3.24,"[0.29397286360266917, 0.31104751141415965, 0.2290546996053694, 0.16592492537780187]"
episode_019,competitive,fast,random_equation,57,ep019_vendor_011,FeastBite011,False,35.19,18,4.1,2.01,3.24,"[0.09284188091315226, 0.5217718231527666, 0.075990506406242, 0.3093957895278392]"
episode_019,competitive,fast,random_equation,58,ep019_vendor_062,RocketHub062,False,38.84,22,4.72,1.85,5.47,"[0.06725376172836665, 0.44421703724569483, 0.39144745952851534, 0.0970817414974232]"
episode_019,competitive,fast,random_equation,59,ep019_vendor_062,RocketHub062,False,38.84,22,4.72,1.85,5.47,"[0.0771276250252014, 0.31005215329926283, 0.4471051264667856, 0.1657150952087503]"
episode_019,competitive,fast,random_equation,60,ep019_vendor_011,FeastBite011,False,35.19,18,4.1,2.01,3.24,"[0.49914253291265165, 0.29382162743540097, 0.1503031270917912, 0.05673271256015618]"
episode_019,competitive,fast,random_equation,61,ep019_vendor_062,RocketHub062,False,38.84,22,4.72,1.85,5.47,"[0.14967014178754626, 0.15117120370231174, 0.31849500828724764, 0.3806636462228943]"
episode_019,competitive,fast,random_equation,62,ep019_vendor_062,RocketHub062,False,38.84,22,4.72,1.85,5.47,"[0.06607758468563292, 0.31273653339487584, 0.4539085858620372, 0.16727729605745398]"
episode_019,competitive,fast,random_equation,63,ep019_vendor_062,RocketHub062,False,38.84,22,4.72,1.85,5.47,"[0.14696253915512647, 0.4158614068913738, 0.38465111210178105, 0.052524941851718694]"
episode_019,competitive,fast,random_equation,64,ep019_vendor_074,CityExpress074,False,39.1,26,4.76,1.73,16.72,"[0.026301283592359916, 0.17298853619069743, 0.5275097491615832, 0.27320043105535946]"
episode_019,competitive,fast,random_equation,65,ep019_vendor_062,RocketHub062,False,38.84,22,4.72,1.85,5.47,"[0.1240135221176232, 0.2002714574369129, 0.2701018354496266, 0.4056131849958373]"
episode_019,competitive,fast,random_equation,66,ep019_vendor_099,DashFleet099,False,40.65,20,4.74,6.7,0.61,"[0.060270491208372245, 0.5069117377980986, 0.4201430679745579, 0.012674703018971277]"
episode_019,competitive,fast,random_equation,67,ep019_vendor_011,FeastBite011,False,35.19,18,4.1,2.01,3.24,"[0.564866281599518, 0.1358406042190634, 0.1246207786113314, 0.1746723355700873]"
episode_019,competitive,fast,random_equation,68,ep019_vendor_062,RocketHub062,False,38.84,22,4.72,1.85,5.47,"[0.08094298702263009, 0.22777236440333246, 0.24191570577780558, 0.44936894279623196]"
episode_019,competitive,fast,random_equation,69,ep019_vendor_011,FeastBite011,False,35.19,18,4.1,2.01,3.24,"[0.13016530308663374, 0.6828661900334223, 0.06975855151310843, 0.11720995536683558]"
episode_019,competitive,fast,random_equation,70,ep019_vendor_075,BlinkMeals075,False,37.14,29,4.83,2.18,17.67,"[0.23703232119923265, 0.08628290729709566, 0.5591573915902422, 0.1175273799134294]"
episode_019,competitive,fast,random_equation,71,ep019_vendor_062,RocketHub062,False,38.84,22,4.72,1.85,5.47,"[0.004127793199364054, 0.19914712441409502, 0.4559733083208691, 0.34075177406567175]"
episode_019,competitive,fast,random_equation,72,ep019_vendor_000,DoorDash,True,33.77,26,4.08,3.44,6.96,"[0.7203663249337869, 0.04830539221977823, 0.20395187990667898, 0.027376402939755892]"
episode_019,competitive,fast,random_equation,73,ep019_vendor_074,CityExpress074,False,39.1,26,4.76,1.73,16.72,"[0.0846880839235538, 0.05333381022157245, 0.20639274154264478, 0.655585364312229]"
episode_019,competitive,fast,random_equation,74,ep019_vendor_075,BlinkMeals075,False,37.14,29,4.83,2.18,17.67,"[0.13554354219870152, 0.07769844548574606, 0.6323818930453495, 0.15437611927020284]"
episode_019,competitive,fast,random_equation,75,ep019_vendor_075,BlinkMeals075,False,37.14,29,4.83,2.18,17.67,"[0.28311990770308787, 0.1661278450782113, 0.36338737390592635, 0.18736487331277454]"
episode_019,competitive,fast,random_equation,76,ep019_vendor_062,RocketHub062,False,38.84,22,4.72,1.85,5.47,"[0.16809917925353343, 0.25731903256774, 0.21089979591102284, 0.3636819922677037]"
episode_019,competitive,fast,random_equation,77,ep019_vendor_011,FeastBite011,False,35.19,18,4.1,2.01,3.24,"[0.02025782501606587, 0.7674553327879906, 0.03980867851795545, 0.1724781636779881]"
episode_019,competitive,fast,random_equation,78,ep019_vendor_011,FeastBite011,False,35.19,18,4.1,2.01,3.24,"[0.22610031547271148, 0.6152575792753544, 0.07577104875212747, 0.08287105649980683]"
episode_019,competitive,fast,random_equation,79,ep019_vendor_014,DashBite014,False,34.0,19,2.94,1.11,5.5,"[0.773628168183746, 0.16424963709011767, 0.001019971939562518, 0.061102222786573665]"
episode_019,competitive,fast,random_equation,80,ep019_vendor_062,RocketHub062,False,38.84,22,4.72,1.85,5.47,"[0.18968674727212853, 0.44429867851972055, 0.2870215321020182, 0.07899304210613273]"
episode_019,competitive,fast,random_equation,81,ep019_vendor_061,PrimeFleet061,False,33.32,39,3.16,1.02,1.88,"[0.3022732405564746, 0.03474985697669608, 0.09200707687212593, 0.5709698255947033]"
episode_019,competitive,fast,random_equation,82,ep019_vendor_061,PrimeFleet061,False,33.32,39,3.16,1.02,1.88,"[0.30056903444030075, 0.07818698321959876, 0.12539010449206386, 0.4958538778480366]"
episode_019,competitive,fast,random_equation,83,ep019_vendor_074,CityExpress074,False,39.1,26,4.76,1.73,16.72,"[0.061872326904883417, 0.09756730625289715, 0.430480165588241, 0.4100802012539786]"
episode_019,competitive,fast,random_equation,84,ep019_vendor_074,CityExpress074,False,39.1,26,4.76,1.73,16.72,"[0.032125423751846384, 0.1275199419222116, 0.14534056561544162, 0.6950140687105005]"
episode_019,competitive,fast,random_equation,85,ep019_vendor_061,PrimeFleet061,False,33.32,39,3.16,1.02,1.88,"[0.38813334702132624, 0.012109958918822694, 0.10518109855200651, 0.4945755955078445]"
episode_019,competitive,fast,random_equation,86,ep019_vendor_062,RocketHub062,False,38.84,22,4.72,1.85,5.47,"[0.0830952540941068, 0.1538437202346545, 0.12128137989717162, 0.6417796457740671]"
episode_019,competitive,fast,random_equation,87,ep019_vendor_074,CityExpress074,False,39.1,26,4.76,1.73,16.72,"[0.04537680259397522, 0.08369885782799615, 0.44796655650822526, 0.42295778306980325]"
episode_019,competitive,fast,random_equation,88,ep019_vendor_075,BlinkMeals075,False,37.14,29,4.83,2.18,17.67,"[0.2715821026924937, 0.16340960777932517, 0.4147270840488816, 0.15028120547929957]"
episode_019,competitive,fast,random_equation,89,ep019_vendor_011,FeastBite011,False,35.19,18,4.1,2.01,3.24,"[0.25008042000115255, 0.2700404044017575, 0.18603368729437433, 0.2938454883027157]"
episode_019,competitive,fast,random_equation,90,ep019_vendor_014,DashBite014,False,34.0,19,2.94,1.11,5.5,"[0.728967403736316, 0.11033132564121842, 0.010553219121348803, 0.15014805150111687]"
episode_019,competitive,fast,random_equation,91,ep019_vendor_062,RocketHub062,False,38.84,22,4.72,1.85,5.47,"[0.21526062798625142, 0.3401450229902234, 0.33146950279433385, 0.11312484622919138]"
episode_019,competitive,fast,random_equation,92,ep019_vendor_022,RocketMeals022,False,36.95,28,4.85,3.25,10.75,"[0.36367814879658966, 0.12909416856275327, 0.45190407568934515, 0.05532360695131187]"
episode_019,competitive,fast,random_equation,93,ep019_vendor_014,DashBite014,False,34.0,19,2.94,1.11,5.5,"[0.06926503966913324, 0.585120779104285, 0.012155770424413568, 0.3334584108021682]"
episode_019,competitive,fast,random_equation,94,ep019_vendor_075,BlinkMeals075,False,37.14,29,4.83,2.18,17.67,"[0.2959469800279648, 0.21964929471590544, 0.24323371144832331, 0.24117001380780642]"
episode_019,competitive,fast,random_equation,95,ep019_vendor_074,CityExpress074,False,39.1,26,4.76,1.73,16.72,"[0.09604802271331131, 0.13588311243149112, 0.3485218259943853, 0.41954703886081235]"
episode_019,competitive,fast,random_equation,96,ep019_vendor_061,PrimeFleet061,False,33.32,39,3.16,1.02,1.88,"[0.18838637520138785, 0.016553820391504007, 0.10812999665018623, 0.686929807756922]"
episode_019,competitive,fast,random_equation,97,ep019_vendor_000,DoorDash,True,33.77,26,4.08,3.44,6.96,"[0.5833076861980857, 0.13663590685946495, 0.2587390088381866, 0.02131739810426279]"
episode_019,competitive,fast,random_equation,98,ep019_vendor_014,DashBite014,False,34.0,19,2.94,1.11,5.5,"[0.2450602769353225, 0.2591352478891369, 0.044238529780609645, 0.45156594539493095]"
episode_019,competitive,fast,random_equation,99,ep019_vendor_011,FeastBite011,False,35.19,18,4.1,2.01,3.24,"[0.4523859939726868, 0.3769644714969171, 0.1382284181774052, 0.032421116352990886]"
episode_020,competitive,fast,price_first,,ep020_vendor_000,DoorDash,True,20.56,36,4.59,2.51,6.41,
episode_020,competitive,fast,eta_first,,ep020_vendor_058,SwiftLane058,False,27.03,15,4.14,4.22,10.78,
episode_020,competitive,fast,rating_first,,ep020_vendor_061,FeastDrop061,False,27.05,23,4.86,2.98,14.41,
episode_020,competitive,fast,balanced_equation,,ep020_vendor_000,DoorDash,True,20.56,36,4.59,2.51,6.41,
episode_020,competitive,fast,random_equation,0,ep020_vendor_000,DoorDash,True,20.56,36,4.59,2.51,6.41,"[0.5122227286088925, 0.27496939360108946, 0.1543511882902026, 0.058456689499815334]"
episode_020,competitive,fast,random_equation,1,ep020_vendor_000,DoorDash,True,20.56,36,4.59,2.51,6.41,"[0.4170147888860018, 0.24351654240882753, 0.04990717491482766, 0.28956149379034296]"
episode_020,competitive,fast,random_equation,2,ep020_vendor_019,NoshNow019,False,25.05,19,4.37,2.44,12.05,"[0.03793390251844126, 0.6290352967674144, 0.10235000673027216, 0.230680793983872]"
episode_020,competitive,fast,random_equation,3,ep020_vendor_000,DoorDash,True,20.56,36,4.59,2.51,6.41,"[0.4694010704088528, 0.2019079491826891, 0.0018808896639581538, 0.3268100907445]"
episode_020,competitive,fast,random_equation,4,ep020_vendor_061,FeastDrop061,False,27.05,23,4.86,2.98,14.41,"[0.0027168362028376645, 0.09429231065892055, 0.5654986602198521, 0.3374921929183898]"
episode_020,competitive,fast,random_equation,5,ep020_vendor_000,DoorDash,True,20.56,36,4.59,2.51,6.41,"[0.5770365710167661, 0.027817416378697838, 0.08048195360021278, 0.3146640590043233]"
episode_020,competitive,fast,random_equation,6,ep020_vendor_030,FeastFleet030,False,24.51,32,4.57,1.37,11.74,"[0.18485045707671943, 0.22145571903954278, 0.22123584444367164, 0.37245797944006603]"
episode_020,competitive,fast,random_equation,7,ep020_vendor_019,NoshNow019,False,25.05,19,4.37,2.44,12.05,"[0.11938172240681671, 0.3960491861470646, 0.1808046614233119, 0.3037644300228068]"
episode_020,competitive,fast,random_equation,8,ep020_vendor_061,FeastDrop061,False,27.05,23,4.86,2.98,14.41,"[0.008988911205161052, 0.61860995983416, 0.3187019289190021, 0.05369920004167684]"
episode_020,competitive,fast,random_equation,9,ep020_vendor_000,DoorDash,True,20.56,36,4.59,2.51,6.41,"[0.3175795363045186, 0.25551723316663233, 0.1484983044349504, 0.2784049260938987]"
episode_020,competitive,fast,random_equation,10,ep020_vendor_000,DoorDash,True,20.56,36,4.59,2.51,6.41,"[0.4216810641882602, 0.20092075188613184, 0.34827086533987645, 0.029127318585731605]"
episode_020,competitive,fast,random_equation,11,ep020_vendor_000,DoorDash,True,20.56,36,4.59,2.51,6.41,"[0.4481351361588343, 0.1981045287630973, 0.023046989096848748, 0.3307133459812196]"
episode_020,competitive,fast,random_equation,12,ep020_vendor_019,NoshNow019,False,25.05,19,4.37,2.44,12.05,"[0.09177437055366347, 0.6523414951345664, 0.17557200155577068, 0.08031213275599945]"
episode_020,competitive,fast,random_equation,13,ep020_vendor_000,DoorDash,True,20.56,36,4.59,2.51,6.41,"[0.309144684133523, 0.16409612518440939, 0.04490962017850267, 0.48184957050356503]"
episode_020,competitive,fast,random_equation,14,ep020_vendor_061,FeastDrop061,False,27.05,23,4.86,2.98,14.41,"[0.13249873292083328, 0.23242447350781253, 0.5368091868187772, 0.09826760675257681]"
episode_020,competitive,fast,random_equation,15,ep020_vendor_000,DoorDash,True,20.56,36,4.59,2.51,6.41,"[0.5133901965296896, 0.18251704063515303, 0.07716262785606011, 0.2269301349790973]"
episode_020,competitive,fast,random_equation,16,ep020_vendor_061,FeastDrop061,False,27.05,23,4.86,2.98,14.41,"[0.060791928110898986, 0.12186259262239801, 0.6199454960901996, 0.19739998317650334]"
episode_020,competitive,fast,random_equation,17,ep020_vendor_030,FeastFleet030,False,24.51,32,4.57,1.37,11.74,"[0.01543754394760472, 0.16763167880268307, 0.11398702147369784, 0.7029437557760143]"
episode_020,competitive,fast,random_equation,18,ep020_vendor_061,FeastDrop061,False,27.05,23,4.86,2.98,14.41,"[0.06709540028356295, 0.2700117471403899, 0.3818046243797484, 0.2810882281962987]"
episode_020,competitive,fast,random_equation,19,ep020_vendor_068,GoRunner068,False,23.07,65,4.72,1.57,9.24,"[0.09564155816505801, 0.044587855849480135, 0.5293915116732058, 0.3303790743122561]"
episode_020,competitive,fast,random_equation,20,ep020_vendor_030,FeastFleet030,False,24.51,32,4.57,1.37,11.74,"[0.06338214051529402, 0.22348784084572892, 0.1221345587771679, 0.5909954598618092]"
episode_020,competitive,fast,random_equation,21,ep020_vendor_061,FeastDrop061,False,27.05,23,4.86,2.98,14.41,"[0.018273695948758176, 0.28794362783210353, 0.6062546368820166, 0.08752803933712158]"
episode_020,competitive,fast,random_equation,22,ep020_vendor_000,DoorDash,True,20.56,36,4.59,2.51,6.41,"[0.6163570431664079, 0.09664031312190154, 0.2017984792275867, 0.08520416448410392]"
episode_020,competitive,fast,random_equation,23,ep020_vendor_000,DoorDash,True,20.56,36,4.59,2.51,6.41,"[0.5588803043505473, 0.1350091417555634, 0.2632461795948151, 0.04286437429907412]"
episode_020,competitive,fast,random_equation,24,ep020_vendor_030,FeastFleet030,False,24.51,32,4.57,1.37,11.74,"[0.1665757808663846, 0.2268112932875318, 0.18883956294162718, 0.41777336290445644]"
episode_020,competitive,fast,random_equation,25,ep020_vendor_000,DoorDash,True,20.56,36,4.59,2.51,6.41,"[0.328530421313682, 0.056650616282036236, 0.5357305892297315, 0.07908837317455025]"
episode_020,competitive,fast,random_equation,26,ep020_vendor_030,FeastFleet030,False,24.51,32,4.57,1.37,11.74,"[0.18359951257916446, 0.141724995668181, 0.00012177215290815433, 0.6745537195997464]"
episode_020,competitive,fast,random_equation,27,ep020_vendor_019,NoshNow019,False,25.05,19,4.37,2.44,12.05,"[0.12670817421767025, 0.3248522219778899, 0.11732591673408466, 0.4311136870703552]"
episode_020,competitive,fast,random_equation,28,ep020_vendor_000,DoorDash,True,20.56,36,4.59,2.51,6.41,"[0.3280499131516301, 0.018768124087644417, 0.03337928839202527, 0.6198026743687002]"
episode_020,competitive,fast,random_equation,29,ep020_vendor_000,DoorDash,True,20.56,36,4.59,2.51,6.41,"[0.45279609494504974, 0.3052960721048659, 0.1626198596296329, 0.07928797332045148]"
episode_020,competitive,fast,random_equation,30,ep020_vendor_019,NoshNow019,False,25.05,19,4.37,2.44,12.05,"[0.1930334568688125, 0.32943475714633286, 0.0843296337249601, 0.3932021522598945]"
episode_020,competitive,fast,random_equation,31,ep020_vendor_000,DoorDash,True,20.56,36,4.59,2.51,6.41,"[0.5920674702296448, 0.2959269136307296, 0.07519692518119216, 0.0368086909584335]"
episode_020,competitive,fast,random_equation,32,ep020_vendor_061,FeastDrop061,False,27.05,23,4.86,2.98,14.41,"[0.07308380238044745, 0.321923061271164, 0.43642393476260294, 0.16856920158578562]"
episode_020,competitive,fast,random_equation,33,ep020_vendor_000,DoorDash,True,20.56,36,4.59,2.51,6.41,"[0.2310094508711634, 0.08722797685912724, 0.6077156615152879, 0.07404691075442155]"
episode_020,competitive,fast,random_equation,34,ep020_vendor_000,DoorDash,True,20.56,36,4.59,2.51,6.41,"[0.44445436608341254, 0.20849939241108834, 0.22158000521087096, 0.12546623629462822]"
episode_020,competitive,fast,random_equation,35,ep020_vendor_000,DoorDash,True,20.56,36,4.59,2.51,6.41,"[0.5264459479489174, 0.051642217166998225, 0.07980816319068396, 0.34210367169340034]"
episode_020,competitive,fast,random_equation,36,ep020_vendor_058,SwiftLane058,False,27.03,15,4.14,4.22,10.78,"[0.00831105741920934, 0.9216934234675281, 0.04554249728182005, 0.024453021831442517]"
episode_020,competitive,fast,random_equation,37,ep020_vendor_030,FeastFleet030,False,24.51,32,4.57,1.37,11.74,"[0.16834495088925017, 0.26208186943837336, 0.08753290027454781, 0.4820402793978286]"
episode_020,competitive,fast,random_equation,38,ep020_vendor_019,NoshNow019,False,25.05,19,4.37,2.44,12.05,"[0.10734374637440144, 0.5810786292772546, 0.07876043585031715, 0.23281718849802668]"
episode_020,competitive,fast,random_equation,39,ep020_vendor_061,FeastDrop061,False,27.05,23,4.86,2.98,14.41,"[0.014446106303773907, 0.0012554443731768686, 0.8395825611884774, 0.14471588813457187]"
episode_020,competitive,fast,random_equation,40,ep020_vendor_000,DoorDash,True,20.56,36,4.59,2.51,6.41,"[0.24737198095437826, 0.06038929780583243, 0.33737768801328477, 0.35486103322650436]"
episode_020,competitive,fast,random_equation,41,ep020_vendor_061,FeastDrop061,False,27.05,23,4.86,2.98,14.41,"[0.0489507316089836, 0.3577928438501422, 0.4082779332248874, 0.18497849131598673]"
episode_020,competitive,fast,random_equation,42,ep020_vendor_000,DoorDash,True,20.56,36,4.59,2.51,6.41,"[0.3944071889289999, 0.02601298756313047, 0.5481885593333742, 0.03139126417449548]"
episode_020,competitive,fast,random_equation,43,ep020_vendor_000,DoorDash,True,20.56,36,4.59,2.51,6.41,"[0.7297240851354475, 0.08679345726941322, 0.12033332335075905, 0.06314913424438008]"
episode_020,competitive,fast,random_equation,44,ep020_vendor_089,RocketNow089,False,24.05,21,4.52,3.17,2.91,"[0.1554020982141445, 0.5717901364202665, 0.2009396511341484, 0.07186811423144067]"
episode_020,competitive,fast,random_equation,45,ep020_vendor_000,DoorDash,True,20.56,36,4.59,2.51,6.41,"[0.6774012558472451, 0.26689327864550244, 0.01768001896456296, 0.03802544654268952]"
episode_020,competitive,fast,random_equation,46,ep020_vendor_000,DoorDash,True,20.56,36,4.59,2.51,6.41,"[0.33334546912016066, 0.29443323001779403, 0.30456315491981995, 0.0676581459422254]"
episode_020,competitive,fast,random_equation,47,ep020_vendor_061,FeastDrop061,False,27.05,23,4.86,2.98,14.41,"[0.19933704241937356, 0.1028897901316414, 0.6143453599080657, 0.08342780754091934]"
episode_020,competitive,fast,random_equation,48,ep020_vendor_061,FeastDrop061,False,27.05,23,4.86,2.98,14.41,"[0.043330496021364205, 0.139607116094494, 0.5886657292358357, 0.22839665864830608]"
episode_020,competitive,fast,random_equation,49,ep020_vendor_061,FeastDrop061,False,27.05,23,4.86,2.98,14.41,"[0.11143602396030647, 0.32429374439185615, 0.28449764841767894, 0.2797725832301584]"
episode_020,competitive,fast,random_equation,50,ep020_vendor_000,DoorDash,True,20.56,36,4.59,2.51,6.41,"[0.3955789451986175, 0.07887389563014731, 0.1180978826011583, 0.4074492765700769]"
episode_020,competitive,fast,random_equation,51,ep020_vendor_030,FeastFleet030,False,24.51,32,4.57,1.37,11.74,"[0.026389073559134564, 0.08136992555185557, 0.18717116675973763, 0.7050698341292722]"
episode_020,competitive,fast,random_equation,52,ep020_vendor_000,DoorDash,True,20.56,36,4.59,2.51,6.41,"[0.2690821753468332, 0.1199995092978079, 0.528926732965231, 0.08199158239012787]"
episode_020,competitive,fast,random_equation,53,ep020_vendor_068,GoRunner068,False,23.07,65,4.72,1.57,9.24,"[0.18109412584300735, 0.05476088967745695, 0.34632308304120585, 0.41782190143832976]"
episode_020,competitive,fast,random_equation,54,ep020_vendor_000,DoorDash,True,20.56,36,4.59,2.51,6.41,"[0.2923986766755881, 0.32735004088796593, 0.2773629517197315, 0.10288833071671441]"
episode_020,competitive,fast,random_equation,55,ep020_vendor_058,SwiftLane058,False,27.03,15,4.14,4.22,10.78,"[0.17277728777957363, 0.7000116798871274, 0.10672360447234054, 0.02048742786095844]"
episode_020,competitive,fast,random_equation,56,ep020_vendor_061,FeastDrop061,False,27.05,23,4.86,2.98,14.41,"[0.17387753086145555, 0.24900776376160597, 0.5209487347526266, 0.05616597062431188]"
episode_020,competitive,fast,random_equation,57,ep020_vendor_061,FeastDrop061,False,27.05,23,4.86,2.98,14.41,"[0.21069477070361003, 0.2138054226533291, 0.5621176410630266, 0.013382165580034357]"
episode_020,competitive,fast,random_equation,58,ep020_vendor_068,GoRunner068,False,23.07,65,4.72,1.57,9.24,"[0.2312815617719223, 0.008889383944416508, 0.40534274153215105, 0.3544863127515101]"
episode_020,competitive,fast,random_equation,59,ep020_vendor_000,DoorDash,True,20.56,36,4.59,2.51,6.41,"[0.19158495029212325, 0.08173521400980452, 0.5681588432875931, 0.15852099241047898]"
episode_020,competitive,fast,random_equation,60,ep020_vendor_019,NoshNow019,False,25.05,19,4.37,2.44,12.05,"[0.1975490519035734, 0.6241710516112285, 0.06865559402751568, 0.1096243024576823]"
episode_020,competitive,fast,random_equation,61,ep020_vendor_000,DoorDash,True,20.56,36,4.59,2.51,6.41,"[0.45095081881045884, 0.17996556193661195, 0.19437120921351306, 0.17471241003941612]"
episode_020,competitive,fast,random_equation,62,ep020_vendor_030,FeastFleet030,False,24.51,32,4.57,1.37,11.74,"[0.19703145093051055, 0.07073517053513434, 0.04558739204430058, 0.6866459864900545]"
episode_020,competitive,fast,random_equation,63,ep020_vendor_061,FeastDrop061,False,27.05,23,4.86,2.98,14.41,"[0.098377006799939, 0.32784761622147734, 0.5351605119120585, 0.038614865066525145]"
episode_020,competitive,fast,random_equation,64,ep020_vendor_000,DoorDash,True,20.56,36,4.59,2.51,6.41,"[0.2566254072087339, 0.05482236833888334, 0.4953457527794383, 0.19320647167294444]"
episode_020,competitive,fast,random_equation,65,ep020_vendor_000,DoorDash,True,20.56,36,4.59,2.51,6.41,"[0.7254282171819832, 0.012843882560504668, 0.2573797896756521, 0.004348110581859858]"
episode_020,competitive,fast,random_equation,66,ep020_vendor_019,NoshNow019,False,25.05,19,4.37,2.44,12.05,"[0.20391227685666957, 0.5649933241337486, 0.09377083370979612, 0.1373235652997856]"
episode_020,competitive,fast,random_equation,67,ep020_vendor_000,DoorDash,True,20.56,36,4.59,2.51,6.41,"[0.2078090339070082, 0.1355264715730841, 0.3958699134005042, 0.2607945811194034]"
episode_020,competitive,fast,random_equation,68,ep020_vendor_061,FeastDrop061,False,27.05,23,4.86,2.98,14.41,"[0.17793798577939118, 0.2303873182965302, 0.40744144059433673, 0.18423325532974194]"
episode_020,competitive,fast,random_equation,69,ep020_vendor_089,RocketNow089,False,24.05,21,4.52,3.17,2.91,"[0.2549083528388962, 0.4802708805022196, 0.16818103817357605, 0.09663972848530832]"
episode_020,competitive,fast,random_equation,70,ep020_vendor_061,FeastDrop061,False,27.05,23,4.86,2.98,14.41,"[0.17420572904564333, 0.06101385678958546, 0.723700743401469, 0.041079670763302344]"
episode_020,competitive,fast,random_equation,71,ep020_vendor_061,FeastDrop061,False,27.05,23,4.86,2.98,14.41,"[0.06545366661918683, 0.21415476377912812, 0.43113956763346284, 0.28925200196822215]"
episode_020,competitive,fast,random_equation,72,ep020_vendor_030,FeastFleet030,False,24.51,32,4.57,1.37,11.74,"[0.11238781369020329, 0.3028769528804477, 0.1382116377892797, 0.44652359564006927]"
episode_020,competitive,fast,random_equation,73,ep020_vendor_000,DoorDash,True,20.56,36,4.59,2.51,6.41,"[0.323366679832164, 0.23439731717691636, 0.32458640729598565, 0.11764959569493401]"
episode_020,competitive,fast,random_equation,74,ep020_vendor_000,DoorDash,True,20.56,36,4.59,2.51,6.41,"[0.3655264636447673, 0.044293405733081034, 0.003779124405732504, 0.5864010062164191]"
episode_020,competitive,fast,random_equation,75,ep020_vendor_000,DoorDash,True,20.56,36,4.59,2.51,6.41,"[0.2812524618398345, 0.05897302442807637, 0.11357485075934441, 0.5461996629727446]"
episode_020,competitive,fast,random_equation,76,ep020_vendor_000,DoorDash,True,20.56,36,4.59,2.51,6.41,"[0.27612960608416887, 0.18698502249233684, 0.27251983805113733, 0.2643655333723569]"
episode_020,competitive,fast,random_equation,77,ep020_vendor_030,FeastFleet030,False,24.51,32,4.57,1.37,11.74,"[0.24670505129512843, 0.037465284707183015, 0.10036961199113985, 0.6154600520065486]"
episode_020,competitive,fast,random_equation,78,ep020_vendor_030,FeastFleet030,False,24.51,32,4.57,1.37,11.74,"[0.07057203611597522, 0.25894242692044417, 0.257517979441556, 0.4129675575220247]"
episode_020,competitive,fast,random_equation,79,ep020_vendor_019,NoshNow019,False,25.05,19,4.37,2.44,12.05,"[0.15546010886322303, 0.636036984845643, 0.12227374954456738, 0.08622915674656653]"
episode_020,competitive,fast,random_equation,80,ep020_vendor_089,RocketNow089,False,24.05,21,4.52,3.17,2.91,"[0.32112055106842885, 0.4836560805335079, 0.16511440780167533, 0.030108960596388137]"
episode_020,competitive,fast,random_equation,81,ep020_vendor_058,SwiftLane058,False,27.03,15,4.14,4.22,10.78,"[0.026767740396722726, 0.8151808629626301, 0.08908079745280094, 0.06897059918784622]"
episode_020,competitive,fast,random_equation,82,ep020_vendor_089,RocketNow089,False,24.05,21,4.52,3.17,2.91,"[0.3447808697764688, 0.4126535631959861, 0.1728682102349711, 0.06969735679257397]"
episode_020,competitive,fast,random_equation,83,ep020_vendor_019,NoshNow019,False,25.05,19,4.37,2.44,12.05,"[0.08465830597833697, 0.5505458098445517, 0.18572407861893897, 0.1790718055581723]"
episode_020,competitive,fast,random_equation,84,ep020_vendor_019,NoshNow019,False,25.05,19,4.37,2.44,12.05,"[0.17077581530281238, 0.36665470214835977, 0.1162071439309752, 0.3463623386178526]"
episode_020,competitive,fast,random_equation,85,ep020_vendor_068,GoRunner068,False,23.07,65,4.72,1.57,9.24,"[0.12457924655067674, 0.00891949529604524, 0.5474760294726881, 0.31902522868058986]"
episode_020,competitive,fast,random_equation,86,ep020_vendor_000,DoorDash,True,20.56,36,4.59,2.51,6.41,"[0.4380431502693219, 0.16513779307023208, 0.11272550944849746, 0.2840935472119485]"
episode_020,competitive,fast,random_equation,87,ep020_vendor_061,FeastDrop061,False,27.05,23,4.86,2.98,14.41,"[0.038952659081968224, 0.44494408708003697, 0.3207561824909914, 0.1953470713470034]"
episode_020,competitive,fast,random_equation,88,ep020_vendor_000,DoorDash,True,20.56,36,4.59,2.51,6.41,"[0.5851599358624293, 0.2524334385452287, 0.003608873298615172, 0.15879775229372686]"
episode_020,competitive,fast,random_equation,89,ep020_vendor_000,DoorDash,True,20.56,36,4.59,2.51,6.41,"[0.3146122702178174, 0.07914412852104002, 0.499303905517601, 0.10693969574354159]"
episode_020,competitive,fast,random_equation,90,ep020_vendor_019,NoshNow019,False,25.05,19,4.37,2.44,12.05,"[0.2228280127553795, 0.5664893243669569, 0.006037174151436414, 0.20464548872622726]"
episode_020,competitive,fast,random_equation,91,ep020_vendor_000,DoorDash,True,20.56,36,4.59,2.51,6.41,"[0.47859655345006835, 0.2704364330270611, 0.08083936036552496, 0.17012765315734552]"
episode_020,competitive,fast,random_equation,92,ep020_vendor_000,DoorDash,True,20.56,36,4.59,2.51,6.41,"[0.2080467725486917, 0.10125858676066546, 0.47050432865576924, 0.22019031203487366]"
episode_020,competitive,fast,random_equation,93,ep020_vendor_019,NoshNow019,False,25.05,19,4.37,2.44,12.05,"[0.18911399934042977, 0.5502614779111239, 0.06462033606074019, 0.19600418668770608]"
episode_020,competitive,fast,random_equation,94,ep020_vendor_058,SwiftLane058,False,27.03,15,4.14,4.22,10.78,"[0.19416863571087004, 0.6880022365124403, 0.10164974125409686, 0.016179386522592928]"
episode_020,competitive,fast,random_equation,95,ep020_vendor_000,DoorDash,True,20.56,36,4.59,2.51,6.41,"[0.5128274701086043, 0.20712405356895955, 0.06130774918759057, 0.21874072713484569]"
episode_020,competitive,fast,random_equation,96,ep020_vendor_030,FeastFleet030,False,24.51,32,4.57,1.37,11.74,"[0.111022708179756, 0.1842131198285343, 0.1530050828666083, 0.5517590891251014]"
episode_020,competitive,fast,random_equation,97,ep020_vendor_019,NoshNow019,False,25.05,19,4.37,2.44,12.05,"[0.2740396780681317, 0.35926204347400054, 0.12722528081058182, 0.239472997647286]"
episode_020,competitive,fast,random_equation,98,ep020_vendor_019,NoshNow019,False,25.05,19,4.37,2.44,12.05,"[0.04423242662037012, 0.6641972678890714, 0.12308808887114592, 0.1684822166194126]"
episode_020,competitive,fast,random_equation,99,ep020_vendor_000,DoorDash,True,20.56,36,4.59,2.51,6.41,"[0.34162987334920875, 0.05392035828232947, 0.5598230233646029, 0.04462674500385895]"
